<?xml version="1.0" encoding="UTF-8"?>

<!-- ====================================================================== -->
<!-- Ant build file (http://ant.apache.org/) for Ant 1.6.2 or above.        -->
<!-- ====================================================================== -->

<!-- ====================================================================== -->
<!-- ===================== - DO NOT EDIT THIS FILE! - ===================== -->
<!-- ====================================================================== -->
<!--                                                                        -->
<!-- Any modifications will be overwritten.                                 -->
<!--                                                                        -->
<!-- Generated by Maven Ant Plugin on 12/28/21 12:49 PM                     -->
<!-- See: http://maven.apache.org/plugins/maven-ant-plugin/                 -->
<!--                                                                        -->
<!-- ====================================================================== -->

<project name="commons-io-from-maven" default="package" basedir=".">

  <!-- ====================================================================== -->
  <!-- Build environment properties                                           -->
  <!-- ====================================================================== -->

  <property file="${user.home}/.m2/maven.properties"/>
  <property file="maven-build.properties"/>

  <property name="maven.build.finalName" value="commons-io-2.12.0-SNAPSHOT"/>
  <property name="maven.build.dir" value="target"/>
  <property name="maven.build.outputDir" value="${maven.build.dir}/classes"/>
  <property name="maven.build.srcDir.0" value="src/main/java"/>
  <property name="maven.build.resourceDir.0" value="src/main/resources"/>
  <property name="maven.build.resourceDir.1" value="."/>
  <property name="maven.build.testOutputDir" value="${maven.build.dir}/test-classes"/>
  <property name="maven.build.testDir.0" value="src/test/java"/>
  <property name="maven.build.testResourceDir.0" value="src/test/resources"/>
  <property name="maven.build.testResourceDir.1" value="."/>
  <property name="maven.test.reports" value="${maven.build.dir}/test-reports"/>
  <property name="maven.reporting.outputDirectory" value="${maven.build.dir}/site"/>

  <property name="maven.repo.local" value="${user.home}/.m2/repository"/>
  <property name="maven.settings.offline" value="false"/>
  <property name="maven.settings.interactiveMode" value="true"/>

  <!-- ====================================================================== -->
  <!-- Defining classpaths                                                    -->
  <!-- ====================================================================== -->

  <path id="build.classpath"/>
  <path id="build.test.classpath">
    <pathelement location="${maven.repo.local}/org/junit/jupiter/junit-jupiter/5.8.1/junit-jupiter-5.8.1.jar"/>
    <pathelement location="${maven.repo.local}/org/junit/jupiter/junit-jupiter-api/5.8.1/junit-jupiter-api-5.8.1.jar"/>
    <pathelement location="${maven.repo.local}/org/opentest4j/opentest4j/1.2.0/opentest4j-1.2.0.jar"/>
    <pathelement location="${maven.repo.local}/org/apiguardian/apiguardian-api/1.1.2/apiguardian-api-1.1.2.jar"/>
    <pathelement location="${maven.repo.local}/org/junit/jupiter/junit-jupiter-params/5.8.1/junit-jupiter-params-5.8.1.jar"/>
    <pathelement location="${maven.repo.local}/org/junit/jupiter/junit-jupiter-engine/5.8.1/junit-jupiter-engine-5.8.1.jar"/>
    <pathelement location="${maven.repo.local}/org/junit/platform/junit-platform-engine/1.8.1/junit-platform-engine-1.8.1.jar"/>
    <pathelement location="${maven.repo.local}/org/junit-pioneer/junit-pioneer/1.4.2/junit-pioneer-1.4.2.jar"/>
    <pathelement location="${maven.repo.local}/org/junit/platform/junit-platform-commons/1.8.1/junit-platform-commons-1.8.1.jar"/>
    <pathelement location="${maven.repo.local}/org/junit/platform/junit-platform-launcher/1.8.1/junit-platform-launcher-1.8.1.jar"/>
    <pathelement location="${maven.repo.local}/org/mockito/mockito-inline/3.12.4/mockito-inline-3.12.4.jar"/>
    <pathelement location="${maven.repo.local}/org/mockito/mockito-core/3.12.4/mockito-core-3.12.4.jar"/>
    <pathelement location="${maven.repo.local}/net/bytebuddy/byte-buddy/1.11.13/byte-buddy-1.11.13.jar"/>
    <pathelement location="${maven.repo.local}/net/bytebuddy/byte-buddy-agent/1.11.13/byte-buddy-agent-1.11.13.jar"/>
    <pathelement location="${maven.repo.local}/org/objenesis/objenesis/3.2/objenesis-3.2.jar"/>
    <pathelement location="${maven.repo.local}/com/google/jimfs/jimfs/1.2/jimfs-1.2.jar"/>
    <pathelement location="${maven.repo.local}/com/google/guava/guava/30.1-android/guava-30.1-android.jar"/>
    <pathelement location="${maven.repo.local}/com/google/guava/failureaccess/1.0.1/failureaccess-1.0.1.jar"/>
    <pathelement location="${maven.repo.local}/com/google/guava/listenablefuture/9999.0-empty-to-avoid-conflict-with-guava/listenablefuture-9999.0-empty-to-avoid-conflict-with-guava.jar"/>
    <pathelement location="${maven.repo.local}/com/google/code/findbugs/jsr305/3.0.2/jsr305-3.0.2.jar"/>
    <pathelement location="${maven.repo.local}/org/checkerframework/checker-compat-qual/2.5.5/checker-compat-qual-2.5.5.jar"/>
    <pathelement location="${maven.repo.local}/com/google/errorprone/error_prone_annotations/2.3.4/error_prone_annotations-2.3.4.jar"/>
    <pathelement location="${maven.repo.local}/com/google/j2objc/j2objc-annotations/1.3/j2objc-annotations-1.3.jar"/>
    <pathelement location="${maven.repo.local}/org/apache/commons/commons-lang3/3.12.0/commons-lang3-3.12.0.jar"/>
    <pathelement location="${maven.repo.local}/org/openjdk/jmh/jmh-core/1.33/jmh-core-1.33.jar"/>
    <pathelement location="${maven.repo.local}/net/sf/jopt-simple/jopt-simple/4.6/jopt-simple-4.6.jar"/>
    <pathelement location="${maven.repo.local}/org/apache/commons/commons-math3/3.2/commons-math3-3.2.jar"/>
    <pathelement location="${maven.repo.local}/org/openjdk/jmh/jmh-generator-annprocess/1.33/jmh-generator-annprocess-1.33.jar"/>
  </path>

  <!-- ====================================================================== -->
  <!-- Cleaning up target                                                     -->
  <!-- ====================================================================== -->

  <target name="clean" description="Clean the output directory">
    <delete dir="${maven.build.dir}"/>
  </target>

  <!-- ====================================================================== -->
  <!-- Compilation target                                                     -->
  <!-- ====================================================================== -->

  <target name="compile" depends="get-deps" description="Compile the code">
    <mkdir dir="${maven.build.outputDir}"/>
    <javac destdir="${maven.build.outputDir}" 
           encoding="iso-8859-1" 
           nowarn="false" 
           debug="true" 
           optimize="false" 
           deprecation="true" 
           target="1.8" 
           verbose="false" 
           fork="false" 
           source="1.8">
      <src>
        <pathelement location="${maven.build.srcDir.0}"/>
      </src>
      <classpath refid="build.classpath"/>
    </javac>
    <mkdir dir="${maven.build.outputDir}/META-INF"/>
    <copy todir="${maven.build.outputDir}/META-INF">
      <fileset dir="${maven.build.resourceDir.1}">
        <include name="NOTICE.txt"/>
        <include name="LICENSE.txt"/>
        <include name="NOTICE"/>
        <include name="LICENSE"/>
      </fileset>
    </copy>
  </target>

  <!-- ====================================================================== -->
  <!-- Test-compilation target                                                -->
  <!-- ====================================================================== -->

  <target name="compile-tests" 
          depends="compile" 
          description="Compile the test code" 
          unless="maven.test.skip">
    <mkdir dir="${maven.build.testOutputDir}"/>
    <javac destdir="${maven.build.testOutputDir}" 
           encoding="iso-8859-1" 
           nowarn="false" 
           debug="true" 
           optimize="false" 
           deprecation="true" 
           target="1.8" 
           verbose="false" 
           fork="false" 
           source="1.8">
      <src>
        <pathelement location="${maven.build.testDir.0}"/>
      </src>
      <classpath>
        <path refid="build.test.classpath"/>
        <pathelement location="${maven.build.outputDir}"/>
      </classpath>
    </javac>
    <copy todir="${maven.build.testOutputDir}">
      <fileset dir="${maven.build.testResourceDir.0}"/>
    </copy>
    <mkdir dir="${maven.build.testOutputDir}/META-INF"/>
    <copy todir="${maven.build.testOutputDir}/META-INF">
      <fileset dir="${maven.build.testResourceDir.1}">
        <include name="NOTICE.txt"/>
        <include name="LICENSE.txt"/>
        <include name="NOTICE"/>
        <include name="LICENSE"/>
      </fileset>
    </copy>
  </target>

  <!-- ====================================================================== -->
  <!-- Run all tests                                                          -->
  <!-- ====================================================================== -->

  <target name="test" 
          depends="compile-tests, junit-missing" 
          unless="junit.skipped" 
          description="Run the test cases">
    <mkdir dir="${maven.test.reports}"/>
    <junit printSummary="yes" haltonerror="true" haltonfailure="true" fork="true" dir=".">
      <sysproperty key="basedir" value="."/>
      <formatter type="xml"/>
      <formatter type="plain" usefile="false"/>
      <classpath>
        <path refid="build.test.classpath"/>
        <pathelement location="${maven.build.outputDir}"/>
        <pathelement location="${maven.build.testOutputDir}"/>
      </classpath>
      <batchtest todir="${maven.test.reports}" unless="test">
        <fileset dir="${maven.build.testDir.0}">
          <include name="**/*Test*.class"/>
          <exclude name="**/*AbstractTestCase*"/>
          <exclude name="**/testtools/**"/>
          <exclude name="**/*$*"/>
        </fileset>
      </batchtest>
      <batchtest todir="${maven.test.reports}" if="test">
        <fileset dir="${maven.build.testDir.0}">
          <include name="**/${test}.java"/>
          <exclude name="**/*AbstractTestCase*"/>
          <exclude name="**/testtools/**"/>
          <exclude name="**/*$*"/>
        </fileset>
      </batchtest>
    </junit>
  </target>

  <target name="test-junit-present">
    <available classname="junit.framework.Test" property="junit.present" classpathref="build.test.classpath"/>
  </target>

  <target name="test-junit-status" 
          depends="test-junit-present">
    <condition property="junit.missing">
      <and>
        <isfalse value="${junit.present}"/>
        <isfalse value="${maven.test.skip}"/>
      </and>
    </condition>
    <condition property="junit.skipped">
      <or>
        <isfalse value="${junit.present}"/>
        <istrue value="${maven.test.skip}"/>
      </or>
    </condition>
  </target>

  <target name="junit-missing" 
          depends="test-junit-status" 
          if="junit.missing">
    <echo>=================================== WARNING ===================================</echo>
    <echo> JUnit is not present in the test classpath or your $ANT_HOME/lib directory. Tests not executed.</echo>
    <echo>===============================================================================</echo>
  </target>

  <!-- ====================================================================== -->
  <!-- Javadoc target                                                         -->
  <!-- ====================================================================== -->

  <target name="javadoc" description="Generates the Javadoc of the application">
    <javadoc sourcepath="${maven.build.srcDir.0}" 
             packagenames="*" 
             destdir="${maven.reporting.outputDirectory}/apidocs" 
             access="protected" 
             old="false" 
             verbose="false" 
             encoding="iso-8859-1" 
             version="true" 
             use="true" 
             author="true" 
             splitindex="false" 
             nodeprecated="false" 
             nodeprecatedlist="false" 
             notree="false" 
             noindex="false" 
             nohelp="false" 
             nonavbar="false" 
             serialwarn="false" 
             charset="ISO-8859-1" 
             docencoding="iso-8859-1" 
             source="1.8" 
             linksource="true" 
             breakiterator="false">
      <link href="http://docs.oracle.com/javase/8/docs/api/"/>
      <link href="http://docs.oracle.com/javaee/6/api/"/>
    </javadoc>
  </target>

  <!-- ====================================================================== -->
  <!-- Package target                                                         -->
  <!-- ====================================================================== -->

  <target name="package" depends="compile,test" description="Package the application">
    <jar jarfile="${maven.build.dir}/${maven.build.finalName}.jar" 
         compress="true" 
         index="false" 
         manifest="/tmp/versions/initialize-revisions.pl_10865_1640724525/11f/target/osgi/MANIFEST.MF" 
         basedir="${maven.build.outputDir}" 
         excludes="**/package.html">
      <manifest>
        <attribute name="Main-Class"/>
      </manifest>
    </jar>
  </target>

  <!-- ====================================================================== -->
  <!-- A dummy target for the package named after the type it creates         -->
  <!-- ====================================================================== -->

  <target name="jar" depends="package" description="Builds the jar for the application"/>

  <!-- ====================================================================== -->
  <!-- Download dependencies target                                           -->
  <!-- ====================================================================== -->

  <target name="test-offline">
    <condition property="maven.mode.offline">
      <equals arg1="${maven.settings.offline}" arg2="true"/>
    </condition>
  </target>

  <target name="get-deps" 
          depends="test-offline" 
          description="Download all dependencies" 
          unless="maven.mode.offline">
    <mkdir dir="${maven.repo.local}"/>
    <mkdir dir="${maven.repo.local}/org/junit/jupiter/junit-jupiter/5.8.1"/>
    <get src="https://repository.apache.org/snapshots/org/junit/jupiter/junit-jupiter/5.8.1/junit-jupiter-5.8.1.jar" 
         dest="${maven.repo.local}/org/junit/jupiter/junit-jupiter/5.8.1/junit-jupiter-5.8.1.jar" 
         usetimestamp="false" 
         ignoreerrors="true"/>
    <get src="https://repo.maven.apache.org/maven2/org/junit/jupiter/junit-jupiter/5.8.1/junit-jupiter-5.8.1.jar" 
         dest="${maven.repo.local}/org/junit/jupiter/junit-jupiter/5.8.1/junit-jupiter-5.8.1.jar" 
         usetimestamp="false" 
         ignoreerrors="true"/>
    <mkdir dir="${maven.repo.local}/org/junit/jupiter/junit-jupiter-api/5.8.1"/>
    <get src="https://repository.apache.org/snapshots/org/junit/jupiter/junit-jupiter-api/5.8.1/junit-jupiter-api-5.8.1.jar" 
         dest="${maven.repo.local}/org/junit/jupiter/junit-jupiter-api/5.8.1/junit-jupiter-api-5.8.1.jar" 
         usetimestamp="false" 
         ignoreerrors="true"/>
    <get src="https://repo.maven.apache.org/maven2/org/junit/jupiter/junit-jupiter-api/5.8.1/junit-jupiter-api-5.8.1.jar" 
         dest="${maven.repo.local}/org/junit/jupiter/junit-jupiter-api/5.8.1/junit-jupiter-api-5.8.1.jar" 
         usetimestamp="false" 
         ignoreerrors="true"/>
    <mkdir dir="${maven.repo.local}/org/opentest4j/opentest4j/1.2.0"/>
    <get src="https://repository.apache.org/snapshots/org/opentest4j/opentest4j/1.2.0/opentest4j-1.2.0.jar" 
         dest="${maven.repo.local}/org/opentest4j/opentest4j/1.2.0/opentest4j-1.2.0.jar" 
         usetimestamp="false" 
         ignoreerrors="true"/>
    <get src="https://repo.maven.apache.org/maven2/org/opentest4j/opentest4j/1.2.0/opentest4j-1.2.0.jar" 
         dest="${maven.repo.local}/org/opentest4j/opentest4j/1.2.0/opentest4j-1.2.0.jar" 
         usetimestamp="false" 
         ignoreerrors="true"/>
    <mkdir dir="${maven.repo.local}/org/apiguardian/apiguardian-api/1.1.2"/>
    <get src="https://repository.apache.org/snapshots/org/apiguardian/apiguardian-api/1.1.2/apiguardian-api-1.1.2.jar" 
         dest="${maven.repo.local}/org/apiguardian/apiguardian-api/1.1.2/apiguardian-api-1.1.2.jar" 
         usetimestamp="false" 
         ignoreerrors="true"/>
    <get src="https://repo.maven.apache.org/maven2/org/apiguardian/apiguardian-api/1.1.2/apiguardian-api-1.1.2.jar" 
         dest="${maven.repo.local}/org/apiguardian/apiguardian-api/1.1.2/apiguardian-api-1.1.2.jar" 
         usetimestamp="false" 
         ignoreerrors="true"/>
    <mkdir dir="${maven.repo.local}/org/junit/jupiter/junit-jupiter-params/5.8.1"/>
    <get src="https://repository.apache.org/snapshots/org/junit/jupiter/junit-jupiter-params/5.8.1/junit-jupiter-params-5.8.1.jar" 
         dest="${maven.repo.local}/org/junit/jupiter/junit-jupiter-params/5.8.1/junit-jupiter-params-5.8.1.jar" 
         usetimestamp="false" 
         ignoreerrors="true"/>
    <get src="https://repo.maven.apache.org/maven2/org/junit/jupiter/junit-jupiter-params/5.8.1/junit-jupiter-params-5.8.1.jar" 
         dest="${maven.repo.local}/org/junit/jupiter/junit-jupiter-params/5.8.1/junit-jupiter-params-5.8.1.jar" 
         usetimestamp="false" 
         ignoreerrors="true"/>
    <mkdir dir="${maven.repo.local}/org/junit/jupiter/junit-jupiter-engine/5.8.1"/>
    <get src="https://repository.apache.org/snapshots/org/junit/jupiter/junit-jupiter-engine/5.8.1/junit-jupiter-engine-5.8.1.jar" 
         dest="${maven.repo.local}/org/junit/jupiter/junit-jupiter-engine/5.8.1/junit-jupiter-engine-5.8.1.jar" 
         usetimestamp="false" 
         ignoreerrors="true"/>
    <get src="https://repo.maven.apache.org/maven2/org/junit/jupiter/junit-jupiter-engine/5.8.1/junit-jupiter-engine-5.8.1.jar" 
         dest="${maven.repo.local}/org/junit/jupiter/junit-jupiter-engine/5.8.1/junit-jupiter-engine-5.8.1.jar" 
         usetimestamp="false" 
         ignoreerrors="true"/>
    <mkdir dir="${maven.repo.local}/org/junit/platform/junit-platform-engine/1.8.1"/>
    <get src="https://repository.apache.org/snapshots/org/junit/platform/junit-platform-engine/1.8.1/junit-platform-engine-1.8.1.jar" 
         dest="${maven.repo.local}/org/junit/platform/junit-platform-engine/1.8.1/junit-platform-engine-1.8.1.jar" 
         usetimestamp="false" 
         ignoreerrors="true"/>
    <get src="https://repo.maven.apache.org/maven2/org/junit/platform/junit-platform-engine/1.8.1/junit-platform-engine-1.8.1.jar" 
         dest="${maven.repo.local}/org/junit/platform/junit-platform-engine/1.8.1/junit-platform-engine-1.8.1.jar" 
         usetimestamp="false" 
         ignoreerrors="true"/>
    <mkdir dir="${maven.repo.local}/org/junit-pioneer/junit-pioneer/1.4.2"/>
    <get src="https://repository.apache.org/snapshots/org/junit-pioneer/junit-pioneer/1.4.2/junit-pioneer-1.4.2.jar" 
         dest="${maven.repo.local}/org/junit-pioneer/junit-pioneer/1.4.2/junit-pioneer-1.4.2.jar" 
         usetimestamp="false" 
         ignoreerrors="true"/>
    <get src="https://repo.maven.apache.org/maven2/org/junit-pioneer/junit-pioneer/1.4.2/junit-pioneer-1.4.2.jar" 
         dest="${maven.repo.local}/org/junit-pioneer/junit-pioneer/1.4.2/junit-pioneer-1.4.2.jar" 
         usetimestamp="false" 
         ignoreerrors="true"/>
    <mkdir dir="${maven.repo.local}/org/junit/platform/junit-platform-commons/1.8.1"/>
    <get src="https://repository.apache.org/snapshots/org/junit/platform/junit-platform-commons/1.8.1/junit-platform-commons-1.8.1.jar" 
         dest="${maven.repo.local}/org/junit/platform/junit-platform-commons/1.8.1/junit-platform-commons-1.8.1.jar" 
         usetimestamp="false" 
         ignoreerrors="true"/>
    <get src="https://repo.maven.apache.org/maven2/org/junit/platform/junit-platform-commons/1.8.1/junit-platform-commons-1.8.1.jar" 
         dest="${maven.repo.local}/org/junit/platform/junit-platform-commons/1.8.1/junit-platform-commons-1.8.1.jar" 
         usetimestamp="false" 
         ignoreerrors="true"/>
    <mkdir dir="${maven.repo.local}/org/junit/platform/junit-platform-launcher/1.8.1"/>
    <get src="https://repository.apache.org/snapshots/org/junit/platform/junit-platform-launcher/1.8.1/junit-platform-launcher-1.8.1.jar" 
         dest="${maven.repo.local}/org/junit/platform/junit-platform-launcher/1.8.1/junit-platform-launcher-1.8.1.jar" 
         usetimestamp="false" 
         ignoreerrors="true"/>
    <get src="https://repo.maven.apache.org/maven2/org/junit/platform/junit-platform-launcher/1.8.1/junit-platform-launcher-1.8.1.jar" 
         dest="${maven.repo.local}/org/junit/platform/junit-platform-launcher/1.8.1/junit-platform-launcher-1.8.1.jar" 
         usetimestamp="false" 
         ignoreerrors="true"/>
    <mkdir dir="${maven.repo.local}/org/mockito/mockito-inline/3.12.4"/>
    <get src="https://repository.apache.org/snapshots/org/mockito/mockito-inline/3.12.4/mockito-inline-3.12.4.jar" 
         dest="${maven.repo.local}/org/mockito/mockito-inline/3.12.4/mockito-inline-3.12.4.jar" 
         usetimestamp="false" 
         ignoreerrors="true"/>
    <get src="https://repo.maven.apache.org/maven2/org/mockito/mockito-inline/3.12.4/mockito-inline-3.12.4.jar" 
         dest="${maven.repo.local}/org/mockito/mockito-inline/3.12.4/mockito-inline-3.12.4.jar" 
         usetimestamp="false" 
         ignoreerrors="true"/>
    <mkdir dir="${maven.repo.local}/org/mockito/mockito-core/3.12.4"/>
    <get src="https://repository.apache.org/snapshots/org/mockito/mockito-core/3.12.4/mockito-core-3.12.4.jar" 
         dest="${maven.repo.local}/org/mockito/mockito-core/3.12.4/mockito-core-3.12.4.jar" 
         usetimestamp="false" 
         ignoreerrors="true"/>
    <get src="https://repo.maven.apache.org/maven2/org/mockito/mockito-core/3.12.4/mockito-core-3.12.4.jar" 
         dest="${maven.repo.local}/org/mockito/mockito-core/3.12.4/mockito-core-3.12.4.jar" 
         usetimestamp="false" 
         ignoreerrors="true"/>
    <mkdir dir="${maven.repo.local}/net/bytebuddy/byte-buddy/1.11.13"/>
    <get src="https://repository.apache.org/snapshots/net/bytebuddy/byte-buddy/1.11.13/byte-buddy-1.11.13.jar" 
         dest="${maven.repo.local}/net/bytebuddy/byte-buddy/1.11.13/byte-buddy-1.11.13.jar" 
         usetimestamp="false" 
         ignoreerrors="true"/>
    <get src="https://repo.maven.apache.org/maven2/net/bytebuddy/byte-buddy/1.11.13/byte-buddy-1.11.13.jar" 
         dest="${maven.repo.local}/net/bytebuddy/byte-buddy/1.11.13/byte-buddy-1.11.13.jar" 
         usetimestamp="false" 
         ignoreerrors="true"/>
    <mkdir dir="${maven.repo.local}/net/bytebuddy/byte-buddy-agent/1.11.13"/>
    <get src="https://repository.apache.org/snapshots/net/bytebuddy/byte-buddy-agent/1.11.13/byte-buddy-agent-1.11.13.jar" 
         dest="${maven.repo.local}/net/bytebuddy/byte-buddy-agent/1.11.13/byte-buddy-agent-1.11.13.jar" 
         usetimestamp="false" 
         ignoreerrors="true"/>
    <get src="https://repo.maven.apache.org/maven2/net/bytebuddy/byte-buddy-agent/1.11.13/byte-buddy-agent-1.11.13.jar" 
         dest="${maven.repo.local}/net/bytebuddy/byte-buddy-agent/1.11.13/byte-buddy-agent-1.11.13.jar" 
         usetimestamp="false" 
         ignoreerrors="true"/>
    <mkdir dir="${maven.repo.local}/org/objenesis/objenesis/3.2"/>
    <get src="https://repository.apache.org/snapshots/org/objenesis/objenesis/3.2/objenesis-3.2.jar" 
         dest="${maven.repo.local}/org/objenesis/objenesis/3.2/objenesis-3.2.jar" 
         usetimestamp="false" 
         ignoreerrors="true"/>
    <get src="https://repo.maven.apache.org/maven2/org/objenesis/objenesis/3.2/objenesis-3.2.jar" 
         dest="${maven.repo.local}/org/objenesis/objenesis/3.2/objenesis-3.2.jar" 
         usetimestamp="false" 
         ignoreerrors="true"/>
    <mkdir dir="${maven.repo.local}/com/google/jimfs/jimfs/1.2"/>
    <get src="https://repository.apache.org/snapshots/com/google/jimfs/jimfs/1.2/jimfs-1.2.jar" 
         dest="${maven.repo.local}/com/google/jimfs/jimfs/1.2/jimfs-1.2.jar" 
         usetimestamp="false" 
         ignoreerrors="true"/>
    <get src="https://repo.maven.apache.org/maven2/com/google/jimfs/jimfs/1.2/jimfs-1.2.jar" 
         dest="${maven.repo.local}/com/google/jimfs/jimfs/1.2/jimfs-1.2.jar" 
         usetimestamp="false" 
         ignoreerrors="true"/>
    <mkdir dir="${maven.repo.local}/com/google/guava/guava/30.1-android"/>
    <get src="https://repository.apache.org/snapshots/com/google/guava/guava/30.1-android/guava-30.1-android.jar" 
         dest="${maven.repo.local}/com/google/guava/guava/30.1-android/guava-30.1-android.jar" 
         usetimestamp="false" 
         ignoreerrors="true"/>
    <get src="https://repo.maven.apache.org/maven2/com/google/guava/guava/30.1-android/guava-30.1-android.jar" 
         dest="${maven.repo.local}/com/google/guava/guava/30.1-android/guava-30.1-android.jar" 
         usetimestamp="false" 
         ignoreerrors="true"/>
    <mkdir dir="${maven.repo.local}/com/google/guava/failureaccess/1.0.1"/>
    <get src="https://repository.apache.org/snapshots/com/google/guava/failureaccess/1.0.1/failureaccess-1.0.1.jar" 
         dest="${maven.repo.local}/com/google/guava/failureaccess/1.0.1/failureaccess-1.0.1.jar" 
         usetimestamp="false" 
         ignoreerrors="true"/>
    <get src="https://repo.maven.apache.org/maven2/com/google/guava/failureaccess/1.0.1/failureaccess-1.0.1.jar" 
         dest="${maven.repo.local}/com/google/guava/failureaccess/1.0.1/failureaccess-1.0.1.jar" 
         usetimestamp="false" 
         ignoreerrors="true"/>
    <mkdir dir="${maven.repo.local}/com/google/guava/listenablefuture/9999.0-empty-to-avoid-conflict-with-guava"/>
    <get src="https://repository.apache.org/snapshots/com/google/guava/listenablefuture/9999.0-empty-to-avoid-conflict-with-guava/listenablefuture-9999.0-empty-to-avoid-conflict-with-guava.jar" 
         dest="${maven.repo.local}/com/google/guava/listenablefuture/9999.0-empty-to-avoid-conflict-with-guava/listenablefuture-9999.0-empty-to-avoid-conflict-with-guava.jar" 
         usetimestamp="false" 
         ignoreerrors="true"/>
    <get src="https://repo.maven.apache.org/maven2/com/google/guava/listenablefuture/9999.0-empty-to-avoid-conflict-with-guava/listenablefuture-9999.0-empty-to-avoid-conflict-with-guava.jar" 
         dest="${maven.repo.local}/com/google/guava/listenablefuture/9999.0-empty-to-avoid-conflict-with-guava/listenablefuture-9999.0-empty-to-avoid-conflict-with-guava.jar" 
         usetimestamp="false" 
         ignoreerrors="true"/>
    <mkdir dir="${maven.repo.local}/com/google/code/findbugs/jsr305/3.0.2"/>
    <get src="https://repository.apache.org/snapshots/com/google/code/findbugs/jsr305/3.0.2/jsr305-3.0.2.jar" 
         dest="${maven.repo.local}/com/google/code/findbugs/jsr305/3.0.2/jsr305-3.0.2.jar" 
         usetimestamp="false" 
         ignoreerrors="true"/>
    <get src="https://repo.maven.apache.org/maven2/com/google/code/findbugs/jsr305/3.0.2/jsr305-3.0.2.jar" 
         dest="${maven.repo.local}/com/google/code/findbugs/jsr305/3.0.2/jsr305-3.0.2.jar" 
         usetimestamp="false" 
         ignoreerrors="true"/>
    <mkdir dir="${maven.repo.local}/org/checkerframework/checker-compat-qual/2.5.5"/>
    <get src="https://repository.apache.org/snapshots/org/checkerframework/checker-compat-qual/2.5.5/checker-compat-qual-2.5.5.jar" 
         dest="${maven.repo.local}/org/checkerframework/checker-compat-qual/2.5.5/checker-compat-qual-2.5.5.jar" 
         usetimestamp="false" 
         ignoreerrors="true"/>
    <get src="https://repo.maven.apache.org/maven2/org/checkerframework/checker-compat-qual/2.5.5/checker-compat-qual-2.5.5.jar" 
         dest="${maven.repo.local}/org/checkerframework/checker-compat-qual/2.5.5/checker-compat-qual-2.5.5.jar" 
         usetimestamp="false" 
         ignoreerrors="true"/>
    <mkdir dir="${maven.repo.local}/com/google/errorprone/error_prone_annotations/2.3.4"/>
    <get src="https://repository.apache.org/snapshots/com/google/errorprone/error_prone_annotations/2.3.4/error_prone_annotations-2.3.4.jar" 
         dest="${maven.repo.local}/com/google/errorprone/error_prone_annotations/2.3.4/error_prone_annotations-2.3.4.jar" 
         usetimestamp="false" 
         ignoreerrors="true"/>
    <get src="https://repo.maven.apache.org/maven2/com/google/errorprone/error_prone_annotations/2.3.4/error_prone_annotations-2.3.4.jar" 
         dest="${maven.repo.local}/com/google/errorprone/error_prone_annotations/2.3.4/error_prone_annotations-2.3.4.jar" 
         usetimestamp="false" 
         ignoreerrors="true"/>
    <mkdir dir="${maven.repo.local}/com/google/j2objc/j2objc-annotations/1.3"/>
    <get src="https://repository.apache.org/snapshots/com/google/j2objc/j2objc-annotations/1.3/j2objc-annotations-1.3.jar" 
         dest="${maven.repo.local}/com/google/j2objc/j2objc-annotations/1.3/j2objc-annotations-1.3.jar" 
         usetimestamp="false" 
         ignoreerrors="true"/>
    <get src="https://repo.maven.apache.org/maven2/com/google/j2objc/j2objc-annotations/1.3/j2objc-annotations-1.3.jar" 
         dest="${maven.repo.local}/com/google/j2objc/j2objc-annotations/1.3/j2objc-annotations-1.3.jar" 
         usetimestamp="false" 
         ignoreerrors="true"/>
    <mkdir dir="${maven.repo.local}/org/apache/commons/commons-lang3/3.12.0"/>
    <get src="https://repository.apache.org/snapshots/org/apache/commons/commons-lang3/3.12.0/commons-lang3-3.12.0.jar" 
         dest="${maven.repo.local}/org/apache/commons/commons-lang3/3.12.0/commons-lang3-3.12.0.jar" 
         usetimestamp="false" 
         ignoreerrors="true"/>
    <get src="https://repo.maven.apache.org/maven2/org/apache/commons/commons-lang3/3.12.0/commons-lang3-3.12.0.jar" 
         dest="${maven.repo.local}/org/apache/commons/commons-lang3/3.12.0/commons-lang3-3.12.0.jar" 
         usetimestamp="false" 
         ignoreerrors="true"/>
    <mkdir dir="${maven.repo.local}/org/openjdk/jmh/jmh-core/1.33"/>
    <get src="https://repository.apache.org/snapshots/org/openjdk/jmh/jmh-core/1.33/jmh-core-1.33.jar" 
         dest="${maven.repo.local}/org/openjdk/jmh/jmh-core/1.33/jmh-core-1.33.jar" 
         usetimestamp="false" 
         ignoreerrors="true"/>
    <get src="https://repo.maven.apache.org/maven2/org/openjdk/jmh/jmh-core/1.33/jmh-core-1.33.jar" 
         dest="${maven.repo.local}/org/openjdk/jmh/jmh-core/1.33/jmh-core-1.33.jar" 
         usetimestamp="false" 
         ignoreerrors="true"/>
    <mkdir dir="${maven.repo.local}/net/sf/jopt-simple/jopt-simple/4.6"/>
    <get src="https://repository.apache.org/snapshots/net/sf/jopt-simple/jopt-simple/4.6/jopt-simple-4.6.jar" 
         dest="${maven.repo.local}/net/sf/jopt-simple/jopt-simple/4.6/jopt-simple-4.6.jar" 
         usetimestamp="false" 
         ignoreerrors="true"/>
    <get src="https://repo.maven.apache.org/maven2/net/sf/jopt-simple/jopt-simple/4.6/jopt-simple-4.6.jar" 
         dest="${maven.repo.local}/net/sf/jopt-simple/jopt-simple/4.6/jopt-simple-4.6.jar" 
         usetimestamp="false" 
         ignoreerrors="true"/>
    <mkdir dir="${maven.repo.local}/org/apache/commons/commons-math3/3.2"/>
    <get src="https://repository.apache.org/snapshots/org/apache/commons/commons-math3/3.2/commons-math3-3.2.jar" 
         dest="${maven.repo.local}/org/apache/commons/commons-math3/3.2/commons-math3-3.2.jar" 
         usetimestamp="false" 
         ignoreerrors="true"/>
    <get src="https://repo.maven.apache.org/maven2/org/apache/commons/commons-math3/3.2/commons-math3-3.2.jar" 
         dest="${maven.repo.local}/org/apache/commons/commons-math3/3.2/commons-math3-3.2.jar" 
         usetimestamp="false" 
         ignoreerrors="true"/>
    <mkdir dir="${maven.repo.local}/org/openjdk/jmh/jmh-generator-annprocess/1.33"/>
    <get src="https://repository.apache.org/snapshots/org/openjdk/jmh/jmh-generator-annprocess/1.33/jmh-generator-annprocess-1.33.jar" 
         dest="${maven.repo.local}/org/openjdk/jmh/jmh-generator-annprocess/1.33/jmh-generator-annprocess-1.33.jar" 
         usetimestamp="false" 
         ignoreerrors="true"/>
    <get src="https://repo.maven.apache.org/maven2/org/openjdk/jmh/jmh-generator-annprocess/1.33/jmh-generator-annprocess-1.33.jar" 
         dest="${maven.repo.local}/org/openjdk/jmh/jmh-generator-annprocess/1.33/jmh-generator-annprocess-1.33.jar" 
         usetimestamp="false" 
         ignoreerrors="true"/>
  </target>

</project>
