bug.id,revision.id.buggy,revision.id.fixed,report.id,report.url
1,dfafc5d723a381838695fe39e2b605880856144e,cbc5db55408dae5d8744307a5eb379df36d55427,TEMP-799,https://issues.apache.org/jira/browse
2,14291172fec33040c4200428916b9cbb5fe7f37d,ffd2a02d8559428e6f80a54a77b3b8d76b7762fb,TEMP-796,https://issues.apache.org/jira/browse
3,87a028621f8c20704cdb50bff8f03bd17f9e2917,1cba0bcef28b3be54362648bea1dfe0721f12a2e,TEMP-256,https://issues.apache.org/jira/browse
4,d0df8e55b0d1a8e4a838fa522286963383f0b0a7,3af55cd334f9a279aabc5924583a769f9301448b,TEMP-256,https://issues.apache.org/jira/browse
5,f9f99ccfd684d1fd79747586e4c7b77606963774,5d71ff3d29d63e677dfdaf53e08ecdf086cca665,TEMP-126,https://issues.apache.org/jira/browse
6,0c39fbd170b29753af28807415ac5e3644603352,8eebabd48114ff33b37c6edf51bd9d8d4fab8b5f,TEMP-759,https://issues.apache.org/jira/browse
7,b2b52ef972b14e6cf340d3dc3c55a0612151a377,7eb78290c8d7d1fa379536700de0bd4a81320bb0,TEMP-117,https://issues.apache.org/jira/browse
8,a6d53a7649dcc82c44738a517b44422b61696b1d,5819a966c7709b111d2c0947d266e5ef50414502,TEMP-118,https://issues.apache.org/jira/browse
9,32a730d964689a023e654133099dc633b7fb3d0d,34a5a6f0c50e9075391780f4a9478607f4181d34,TEMP-1,https://issues.apache.org/jira/browse
10,c46666c5ddbc14bfdb910949de49ac353676f03f,342b03d1dd60209b4fe17df492cf9a4e9c3242bd,TEMP-1,https://issues.apache.org/jira/browse
11,c00465cc99e5704a0da2d210512b220f4ba105f1,db058c359ece2c7b7e158840d88cdc458062b06e,TEMP-1,https://issues.apache.org/jira/browse
12,4951344fb2ce246e0cc5a2dff90d24cea6eb3a75,c151913ae25d55814c40b7f922886d52c7086787,TEMP-1,https://issues.apache.org/jira/browse
13,b1162d812eebc9298b7fd62eac1dac119ae5f271,125c820e8d43df150ac09c9da5b38dcc1ea6e03e,TEMP-1,https://issues.apache.org/jira/browse
14,e7ae9283baaef264903865e8538dbfd8f98cdb1b,feb7b2fe0cb315bc6f0d38dcb3fcf30462055347,TEMP-1,https://issues.apache.org/jira/browse
15,41f5524e9260bdb8771d450c51ee91764ee30ffc,e15f419b0c86047b1c689e6bb64b7beba180e4e0,TEMP-1,https://issues.apache.org/jira/browse
16,3712f1a147a1e72c577f371d4a71853a5d068ebc,6b5042cb52cea6b28c1e626bfb3625db61c637b2,TEMP-1,https://issues.apache.org/jira/browse
17,b8a191f6b756bc038bc1cdfc34986515e6703953,f7a7f8145d15d1225945f376072837d1679f3279,TEMP-316,https://issues.apache.org/jira/browse
18,74f2c73b6de16f3476fbc2f935132e0c5e7a1891,e7860db9af3f8c2fdc0f7703c2ee229a8b59251d,TEMP-1,https://issues.apache.org/jira/browse
19,7cef0e520b4f15e67f018f83d6d01e88950afbec,90154dba4b967aa5c71282ec5850b49b823a24e9,TEMP-1,https://issues.apache.org/jira/browse
20,9fb7c3164072ee995846ea8e5ae19cb99cd204a7,06e3ca2d370c00a8c557b7408c88159c77bd951f,TEMP-1,https://issues.apache.org/jira/browse
21,43c829d31814e587f8aa5dcc80ac537fa30c10b4,869725582cf892d11d2903dd177dcd4df4ccd94d,TEMP-1,https://issues.apache.org/jira/browse
22,e9f2bdc6a5cccaef012d43372d771dbc96099066,c28176cb140ca51d36abf84476c75925353639ed,TEMP-1,https://issues.apache.org/jira/browse
23,b8766d82a6e1b45653a34c8c5a4a0659f16dd6ba,404ad88cdc2e837b357fee85702c020403af375c,TEMP-1,https://issues.apache.org/jira/browse
24,9fd080442c35d58d5aa6b5aeed387c304a6b1d06,7d06bd77e9ebda68c79eac20075560d488a28364,TEMP-747,https://issues.apache.org/jira/browse
25,fde8c8618ad6fa603dd836438fe2d099021d669f,469c04b14c393a9725cb10e9d22429870bb508a3,TEMP-83,https://issues.apache.org/jira/browse
26,dc1aca9ed9bb17cffd546f5bd3f93077ce2f8457,b337febe27fe070081d570d3413a24187e86d4ef,TEMP-123,https://issues.apache.org/jira/browse
27,dd69cc72dc7bc269dc36b46f9cc8225aabd2ee8e,152390a5a329eb34128df4ee7ce2b7986dbabaff,TEMP-124,https://issues.apache.org/jira/browse
28,45b6865b59d344910dd8cf09b54e6ea91347752d,45080bed9948079bdff761da4617973aa79f2de4,TEMP-125,https://issues.apache.org/jira/browse
29,f08623354efe4d801e4c1e29c0eb970b166b2c8c,45b6865b59d344910dd8cf09b54e6ea91347752d,TEMP-734,https://issues.apache.org/jira/browse
30,98293b24bde29f0cf76f1f52d30b9519c11f5686,f08623354efe4d801e4c1e29c0eb970b166b2c8c,TEMP-119,https://issues.apache.org/jira/browse
31,4551c3df10788775da91edabc843a0e1fdb0f48d,92ec85a129c80bcecf2c8dbe33e0c72fff279441,TEMP-116,https://issues.apache.org/jira/browse
32,7b7512c4dea3c5b2f9aa3ac0103c6cbb30efcee2,6b2407207443aa3679a417535b173b697ce9ab54,TEMP-107,https://issues.apache.org/jira/browse
33,210e3f907612c2e4c9566b7a9d14789c394217cf,c423a9964fa8e17028b378abbe47a50907e6d189,TEMP-91,https://issues.apache.org/jira/browse
34,24539d8cd4b1ec96fd727c10a8eef6d1c9e48aa3,c184745990c576343870f4a9371092683f5ea486,TEMP-90,https://issues.apache.org/jira/browse
35,bbedeea78256e746e75dfb211391879f30360a87,32f2d4a832b7aac92e470991dddafff6608f0179,TEMP-88,https://issues.apache.org/jira/browse
36,8f39771cb53207fd447e34571ab653caa2e5b762,f72f1ae330ea61e0cbca0832e4e32cee024775ac,TEMP-679,https://issues.apache.org/jira/browse
37,1118a1ccddca5b8f982c4268e70a7412a3269cff,b3499dab794234449d52c7a402582849b9387e63,TEMP-727,https://issues.apache.org/jira/browse
38,8cbb4fd865a81b4d856cd87ebf099a91dc6fe2e8,07b82f6a698dac3f2e6c9f6407776566763be11e,TEMP-77,https://issues.apache.org/jira/browse
39,2b967b82fc85b57418f938555f17651eedafb965,dea6dfa6fa27acd4a8e6ba5ae3103f27ae891885,TEMP-48,https://issues.apache.org/jira/browse
40,7b101411e591371ea3c5ca08db970567abaee6a5,d88810bd10937b592bfe28e646a9f8372852ccb3,TEMP-52,https://issues.apache.org/jira/browse
41,ea9b4b51b0811114c006e18c841f0493ee826014,cb57e04fd6648ebdedb10b80c36fcf51a38f1b29,TEMP-716,https://issues.apache.org/jira/browse
42,4a298809509b85709a0873de1da866f81393b447,ea9b4b51b0811114c006e18c841f0493ee826014,TEMP-75,https://issues.apache.org/jira/browse
43,f4cc9984c3ea0cb85db6c30c3bba6e6dfdc0b677,b150dc8860a7c44ce027f4f808ccfbc544d481f3,TEMP-72,https://issues.apache.org/jira/browse
44,ca6851e3ecff84f5a5148e26caed6e113f444198,bd76c282598967655d12697b6b1aba90b1da735b,TEMP-70,https://issues.apache.org/jira/browse
45,036bbf34d2742af78ff2c44f4223e1b268e1c12c,c46666c5ddbc14bfdb910949de49ac353676f03f,TEMP-710,https://issues.apache.org/jira/browse
46,b97da105fbccac149223327e49d29ac9024913fb,036bbf34d2742af78ff2c44f4223e1b268e1c12c,TEMP-710,https://issues.apache.org/jira/browse
47,b4ac43e113dfe723856fe0186ef46923ca5ba573,b97da105fbccac149223327e49d29ac9024913fb,TEMP-710,https://issues.apache.org/jira/browse
48,dc828f8b16a4e34d474b2470041eb0d757853a09,1979a6e31067a18c9ede59ad4518f738512eba82,TEMP-701,https://issues.apache.org/jira/browse
49,d6800c606c502bb7c1de180dc9ac9686070aad37,74ad2114700446837ed451f36107a056301a65fc,TEMP-697,https://issues.apache.org/jira/browse
50,4bcd8c12ed2cd539b84b5f2bacf00a502949d19c,b1c45ac691d46a8c609f2534d2adfa59c0599527,TEMP-49,https://issues.apache.org/jira/browse
51,a528bcb1ebafb1eeae14fd3e305f3636d6c04717,c4190304baa18d3a376c3c2232f45f63c479a5b8,TEMP-120,https://issues.apache.org/jira/browse
52,99b53bcce882a486f18fc7b6acc00d0bd0cac0f5,1b9d8b4b3e48f41b6e448a8b55c6d84cb13df44d,TEMP-120,https://issues.apache.org/jira/browse
53,c232564c61976a68b4077f12c7c7b3f8ee7c823b,3ec21db2659d454de0f5ec1b76b5ed72112fd0cd,TEMP-11,https://issues.apache.org/jira/browse
54,775886ba0cb54d700268f236796c86603037951d,c232564c61976a68b4077f12c7c7b3f8ee7c823b,TEMP-11,https://issues.apache.org/jira/browse
55,8f9e66fbf060b219ca810e7b8d1153699e410237,775886ba0cb54d700268f236796c86603037951d,TEMP-43,https://issues.apache.org/jira/browse
56,274c9c1d37a47ae9bc1cdec1b0b0e4189dd44845,b88b065aa955d7a7d8f74c427b05d2243eda0779,TEMP-673,https://issues.apache.org/jira/browse
57,1e6435ec103c1d52b119602a3aa48bfa5775d01d,4a9bcd0f5211c91c4c2f47313c8f8013d0dfe03e,TEMP-599,https://issues.apache.org/jira/browse
58,9f0d58985f4588981eefaca0408e767eff1bef73,8f346f9f1263b2fd5923abc0956134df15fd9325,TEMP-602,https://issues.apache.org/jira/browse
59,a26fcf58e4404186c8af82920894a8b98af377bf,9f0d58985f4588981eefaca0408e767eff1bef73,TEMP-603,https://issues.apache.org/jira/browse
60,edf3867212b2075696ee2dcf7cc8c7c4733d4d31,3c1867e231093319b1bbbe5b0362d4063517cf24,TEMP-597,https://issues.apache.org/jira/browse
61,796114ea4a9cc57ab17170536e1caa5933520c47,a270ff62852e62b5ac0f943a7e57292a72b77271,TEMP-586,https://issues.apache.org/jira/browse
62,e85e91a1c6dc7bbb3c9e741681a6488cfc9f2938,dd3ac288b6143ce6c3ca9cbf1f3bb93bd1e6e782,TEMP-4,https://issues.apache.org/jira/browse
63,8834c8e380b7278fc37a4e6b80a9198a895d8280,ab82b11ddeba2161018a4ed2be3ce28c06408ff6,TEMP-4,https://issues.apache.org/jira/browse
64,649f160522326ae0163f1d4755867372337108ab,b68202aa29dcb89eba268d4b156fe6b12facbd00,TEMP-4,https://issues.apache.org/jira/browse
65,1377fa84d78751f3271a9ef51170ce810f2fe112,696c7687162c70ba9de930af0327639b03680995,TEMP-4,https://issues.apache.org/jira/browse
66,c9fc511b34bfbea760fa6feb9311b1a2009ca615,9e9b4858b12e4c960e3c92feba42d2b417ddac9b,TEMP-4,https://issues.apache.org/jira/browse
67,ccda2db1619658077a07d577b7892d88f70c2d43,b2b8f4adc557e4ef1ee2fe5e0ab46866c06ec55b,TEMP-580,https://issues.apache.org/jira/browse
68,3eee44cf63b1ebb0da6925e98b3dcc6ef1e4d610,78d47d4d098ab814a7a00a0b1c81646b27f050cf,TEMP-580,https://issues.apache.org/jira/browse
69,7a72b1983c03f7b33e397cdfc5e8f0636bcd924e,3eee44cf63b1ebb0da6925e98b3dcc6ef1e4d610,TEMP-580,https://issues.apache.org/jira/browse
70,3b691712fd2dc7251907912124de0954f0652f6c,e585cd0433ae4cfbc56e58572b9869bd0c86b611,TEMP-580,https://issues.apache.org/jira/browse
71,3a9c4718ee0fd2eeef8b3ce151ee829fadbef5ae,f8bd75d37ca12c5d49c1b628c33c0b45e2d082eb,TEMP-576,https://issues.apache.org/jira/browse
72,0acb702f3e6a6a3900d75f2b1df2aca76e853f11,68bbd2cf4a5c0eff498d46dddd527cb06274f852,TEMP-570,https://issues.apache.org/jira/browse
73,7c99c6234c7b403449420b2688fff3d516662591,73d69dfe8677210e44049bc1a2a7d1ff85bc1ca7,TEMP-566,https://issues.apache.org/jira/browse
74,159b36e66e6bc64039294c7c04bd147a9888fdd6,4c818fb356563d9bb0cc01cfde94825aeef33ffa,TEMP-518,https://issues.apache.org/jira/browse
75,b9284992ea3c8c484893517ee9df3b2274296959,939527bcc5b80a1788d876d7e47fb45d71d21424,TEMP-518,https://issues.apache.org/jira/browse
76,289e7a769ec9ab110f85848b281c4c143ba84e57,0e11402b986da1eaf4a96a11c8c6318c51fa47f8,TEMP-6,https://issues.apache.org/jira/browse
77,f0b18d27f01492af6874baa8415ad17511eb5d4b,45a0337e1d9d23126dcaeff9c0ad96c5b4011957,TEMP-6,https://issues.apache.org/jira/browse
78,0f4a98cfe1940e3f7b341ef6d6dc87fd951e6e58,df22e0c5d2752a6d4540b4bcf82c1eade03ac6f7,TEMP-543,https://issues.apache.org/jira/browse
79,32155107dd982360e813d10d0c76f6f7cc2cc7bd,30e5023265aa76e6c32d3ba43952aac964112ebc,TEMP-543,https://issues.apache.org/jira/browse
80,ae97a498d192a1fdc167b6b768961188eede17f9,640670bd862d008990c442d2d7cc26d7fb3b6e86,TEMP-558,https://issues.apache.org/jira/browse
81,39513f9142cb82b84181a11905b3866a49d5a3c0,583d96b0895beafad326793c0cd0d273013ff137,TEMP-555,https://issues.apache.org/jira/browse
82,2db7aa771a4ee5cd0cae28fe54d7d89fa62da81f,39513f9142cb82b84181a11905b3866a49d5a3c0,TEMP-7,https://issues.apache.org/jira/browse
83,a3b3b74ec6325cd19169fdbaea26f27a96a72fea,2db7aa771a4ee5cd0cae28fe54d7d89fa62da81f,TEMP-427,https://issues.apache.org/jira/browse
84,dec0641e2f189c89e931b4ab59a06384582316b1,8338b9a252c0c4965ec2f63daaffe2edf055dbed,TEMP-427,https://issues.apache.org/jira/browse
85,1ca637930fccd475b3966db8ec76c3c5ff4b7287,a3b3b74ec6325cd19169fdbaea26f27a96a72fea,TEMP-426,https://issues.apache.org/jira/browse
86,38bb9b4ac534abc95a83c75faf5e87cfe25319d4,b10fa43d3e29af6c6e79577c305fad99df01dff0,TEMP-426,https://issues.apache.org/jira/browse
87,dd5e51e5b31f36b66431ea6e4b5a2a6bc4dcab34,1ca637930fccd475b3966db8ec76c3c5ff4b7287,TEMP-2,https://issues.apache.org/jira/browse
88,fbb81a37f80fab1d1e21435782e034eade76114d,278eed3e1f7cfef2d39a25aba53f4478c3ad8c58,TEMP-2,https://issues.apache.org/jira/browse
89,64687984620297f2aae3b9da2a3205c561557a40,5c54256a5acd4886698d2aaf5a43979d4c088a9b,TEMP-2,https://issues.apache.org/jira/browse
90,6185b726ea69761196e2da4bf147bc505331ac36,b64ab87b5c0128fc4f5016ded7ee044cdf0451d8,TEMP-2,https://issues.apache.org/jira/browse
91,9d46da6c8c8283f6e8dba892a7ff08dfc433d0b0,6185b726ea69761196e2da4bf147bc505331ac36,TEMP-2,https://issues.apache.org/jira/browse
92,8696db2a2a8c9bf5496ab47304acef8ca8a0a809,f571f8b1cdf85e0a0a03b63c89d4f4c386082906,TEMP-2,https://issues.apache.org/jira/browse
93,ee97a10604dd59598549b6040b4511ff9d3da7d9,8696db2a2a8c9bf5496ab47304acef8ca8a0a809,TEMP-2,https://issues.apache.org/jira/browse
94,9a451b11ca0026c359e90e3b8ef4a0db60e173b8,332b8ff8d82b35152b3acca9dd77ab4ff8223da0,TEMP-2,https://issues.apache.org/jira/browse
95,a9131afbd5bec9f1ff59de32b91520c3b7ecfffe,312f353b21960fd9f7fa8bf6bb0e4ae9670b3356,TEMP-2,https://issues.apache.org/jira/browse
96,943e710f7c65cc6edb58e054bb418595129b64de,5d42c95c33cd0504b44fc28be817f278630ee703,TEMP-545,https://issues.apache.org/jira/browse
97,9e64a3cb81d66793e0147d1b6f4b39a6caa24f62,6975b0567df3eb618ba30e245bc988f5c22d5bac,TEMP-512,https://issues.apache.org/jira/browse
98,6180e44ff32c32092c0f4bff6b81236c099ff113,161aa07d8b2312d9143c7156fa529a4a1e1e9909,TEMP-512,https://issues.apache.org/jira/browse
99,23c6db1db65eab139c13d2c3f889cf15687597e6,62e56cd3884d224e42cc8b449ef631a0909a19a3,TEMP-512,https://issues.apache.org/jira/browse
100,a431ff8881eb8ac70af70af6483b03e3579574ca,bc85bab7a53a1569b4740c5b142b4dae062062de,TEMP-512,https://issues.apache.org/jira/browse
101,f59e419683d69e83bdf58139ed47fb0eeb74563d,9e64a3cb81d66793e0147d1b6f4b39a6caa24f62,TEMP-544,https://issues.apache.org/jira/browse
102,9acc3e824e2efa2e496df8458d207b5fb5722e6d,9dbf8388c5bfa0c7beb15e835b3a5e6fc74ecbf8,TEMP-525,https://issues.apache.org/jira/browse
103,45a0337e1d9d23126dcaeff9c0ad96c5b4011957,e6c2735e952c4972095afcd9f286d5c5c6f933a7,TEMP-537,https://issues.apache.org/jira/browse
104,a3503a1b569977dc6f8f136dcdcdabe49b8249c1,b9284992ea3c8c484893517ee9df3b2274296959,TEMP-536,https://issues.apache.org/jira/browse
105,ab82b11ddeba2161018a4ed2be3ce28c06408ff6,ad28a3cb5c5edae55fb7b0f4642ccbf14f3065c1,TEMP-534,https://issues.apache.org/jira/browse
106,0a114bbdb01548a69c7a8c155bbdef7785ecb389,bb0a4b6b038bf912873d10fc0f124ac3238d3e32,TEMP-531,https://issues.apache.org/jira/browse
107,527213decc04c4b45393cd0f67e96cb7a67a8f66,d3d48f834749a31459a3201fa33b89d72eb42fe5,TEMP-516,https://issues.apache.org/jira/browse
108,320c0acf89acb5950a10816ca7dd083842ff739c,527213decc04c4b45393cd0f67e96cb7a67a8f66,TEMP-524,https://issues.apache.org/jira/browse
109,a85fe84ce63f873b760e311f27ec42e05f1b3f42,320c0acf89acb5950a10816ca7dd083842ff739c,TEMP-521,https://issues.apache.org/jira/browse
110,c48007f44b05a445122e7c425e869b7ac479aa85,d61e967badf734499ccde4750729662b20d6545c,TEMP-519,https://issues.apache.org/jira/browse
111,0721f49bf0d8b954c8a4b8d75e5375de43af981e,c48007f44b05a445122e7c425e869b7ac479aa85,TEMP-519,https://issues.apache.org/jira/browse
112,d172c62418267d2331d2916da98b9fcf18b50aa1,2ddd54a7ddfead528f2b1de92dc8dd16be7f5f89,TEMP-507,https://issues.apache.org/jira/browse
113,3a1d8e7db0e13a69fd1bd272396fdb48a31fbbfc,e1527d3cb90c6afc1cda58143c69016aef8124bb,TEMP-506,https://issues.apache.org/jira/browse
114,4f296da76cb2faeafebac39435a14b5a64aa258b,15ad7824efda1e1632d24f4c273796863841c537,TEMP-501,https://issues.apache.org/jira/browse
115,04af9bc8eec8397c0a5c3502145db66eb0c87ecb,4f296da76cb2faeafebac39435a14b5a64aa258b,TEMP-500,https://issues.apache.org/jira/browse
116,72784c46f6a7d7644398db5c7ac8bd3822c523d4,539be680cd2b1a8f6833b28ee0cca22a88161466,TEMP-496,https://issues.apache.org/jira/browse
117,15ee56bd0f91ef807a3e729ab3410a834ef3fcef,72784c46f6a7d7644398db5c7ac8bd3822c523d4,TEMP-495,https://issues.apache.org/jira/browse
118,d639a9b43723053d63756fd4a63b50316a8a0e05,4951344fb2ce246e0cc5a2dff90d24cea6eb3a75,TEMP-475,https://issues.apache.org/jira/browse
119,7df57879c92a467cd71860e6cfe14a04a49fd031,fe63f95fbff43495e57ebc37350798dee024cf9a,TEMP-474,https://issues.apache.org/jira/browse
120,62e69cf4f2fcb3ad8bdc44f75f8a9e3e20ca7337,7df57879c92a467cd71860e6cfe14a04a49fd031,TEMP-474,https://issues.apache.org/jira/browse
121,3361a74940a991e924073d882bc72f4d307422f3,4f00c553897cc3342089c4b40f7bed5f36e924de,TEMP-455,https://issues.apache.org/jira/browse
122,f9930aa9f3827267cc23e4123135710950237963,20619b096cbb250518fd99eed15a4ae81345ce9f,TEMP-455,https://issues.apache.org/jira/browse
123,74d39c4c4fcec53f91ef0a9c213b2909af440260,0cba84e103773cf86b8691593e9d8a0d8afec1fb,TEMP-473,https://issues.apache.org/jira/browse
124,cbfea0420024e7dadac57603989ff954ec0ca35d,b1162d812eebc9298b7fd62eac1dac119ae5f271,TEMP-459,https://issues.apache.org/jira/browse
125,20619b096cbb250518fd99eed15a4ae81345ce9f,68c0a80d17688d6d56644deaaaec5d3575042587,TEMP-459,https://issues.apache.org/jira/browse
126,1c8fbeaec2ee80d45b78742d63aeec0c9d0c4e9a,7725a72c7322d3e3628ced092082d1b76baeeff4,TEMP-468,https://issues.apache.org/jira/browse
127,8e34831a654ae57e29dba7a99211a36549e53377,ed085d064c0f80b0bcf382550d10fe6b6fc9f283,TEMP-470,https://issues.apache.org/jira/browse
128,8f5e319af8b310df2da9ed30bcd133cbcd6f00d3,edd64cfd822ae2ca2faa8dc1c73edc38a6e19f0f,TEMP-472,https://issues.apache.org/jira/browse
129,3b57c46c76d5d655ec56869404539d56ef74e69b,2e36e5e9088a5e95956ed24709b4245f95b0f80c,TEMP-461,https://issues.apache.org/jira/browse
130,8283d966f47280f682a1407d499346a383d1b1a5,5878adfaf37ce37e6988956e4cd5c833c6ec61be,TEMP-453,https://issues.apache.org/jira/browse
131,afcbced8ef5cd36ed74180af1ec333f13a158291,8283d966f47280f682a1407d499346a383d1b1a5,TEMP-453,https://issues.apache.org/jira/browse
132,05f3b74fd581ea5f8946c64edcb293747b4d9a71,43e4df85bda71ca1500112912a83d3ed19868c4c,TEMP-453,https://issues.apache.org/jira/browse
133,10a5e1c6985cbe167798130f787e999f11aaa556,05f3b74fd581ea5f8946c64edcb293747b4d9a71,TEMP-453,https://issues.apache.org/jira/browse
134,44dc835e0a40b57fbb505c30b3ffa6adb8663493,40ad5dc2dbac4a1e76befb2f77ea5044321c4cc9,TEMP-458,https://issues.apache.org/jira/browse
135,ce86f3f8aa7ecaa12f2c62737a801a73f6e386ab,9ea429c9778fb0dd32d605d41317feb6b2dbeccc,TEMP-454,https://issues.apache.org/jira/browse
136,4b9c68b55a6f82942d32c5149fa0363b8b6b39fc,803a9c6c17efbc98bc9513e6bf7e6900d4dbae2c,TEMP-310,https://issues.apache.org/jira/browse
137,50bd9f108b59f69d73eb8ca4d4c8a917895743a8,c9e1e5c8f51ec51e2927561fdcca2cc40d6893f6,TEMP-237,https://issues.apache.org/jira/browse
138,9036c09662238064160d6f38950c8feab7b756ba,f7a557a38ad44c819fb139203f99c188c0e92604,TEMP-444,https://issues.apache.org/jira/browse
139,89d8791f05f0d28199820e87c683696f96d42f40,bb9952dbedc77f25fffda32d96e6494e2246bab3,TEMP-444,https://issues.apache.org/jira/browse
140,fb7bae91d7fbde40767195dc8ea8166abd1bcb56,0f0b8710e24160576f29504ef3e3bcbe34f22770,TEMP-424,https://issues.apache.org/jira/browse
141,83371b380d27b7073cc8b244568c7132ec0f534e,2bafac38a7f8f2fdf6379740135899460f67821a,TEMP-445,https://issues.apache.org/jira/browse
142,88ca4cdf883e2a4d19b352c5faa7cdd02ba09aed,d5d29b625fef0a6b6c69fca9c03330d85de585de,TEMP-445,https://issues.apache.org/jira/browse
143,0ba8b8194e91302e9203ca6d3dd8646b0aa9946a,cdfd6b7a6784246360fe77fe3789696b8b93d877,TEMP-372,https://issues.apache.org/jira/browse
144,89ebfe8f921be807d40b3cecc504b05d56c0d898,b88692f83a938e31fd5f703c99db2a5720cd9f3e,TEMP-447,https://issues.apache.org/jira/browse
145,74a09f9cae185be5939dc4a378a9968590e11501,090f04d180211a52e073811bd26067621956dd23,TEMP-3,https://issues.apache.org/jira/browse
146,bc715edab37df7003cd6387f93715ec797fd4d49,4303c163b15bd43cb34626c0cd2c7984e5644297,TEMP-331,https://issues.apache.org/jira/browse
147,975baeba6172fd711f2a13db791464e6b272a120,34bc1b54db9d78b983e9d48a0f1a5a1156393a95,TEMP-3,https://issues.apache.org/jira/browse
148,2724728c2c875c22e093503b893c873eb1e5c1a6,6c9fa119f5488b12020c9c64455efdd56d9c89e1,TEMP-3,https://issues.apache.org/jira/browse
149,93724da6350115a28045ed9ff5b01f99a22641b3,f836ff09ee26537dc66be22532c9baf21beb0cbf,TEMP-3,https://issues.apache.org/jira/browse
150,196a8151b77bde5946921aa261f0220e8b3419de,730d3e5569e083fdb3d07bce60bdf669dbf259e5,TEMP-3,https://issues.apache.org/jira/browse
151,274b6c5b5ba959c8c27778fd6ad74cb3b7db568b,c2d1c560e7af66bb0c8b0534be094cbd0bbbe5ae,TEMP-3,https://issues.apache.org/jira/browse
152,79c48c8ddf1071d38c1df68a93bcc55b9622d4a9,274b6c5b5ba959c8c27778fd6ad74cb3b7db568b,TEMP-3,https://issues.apache.org/jira/browse
153,7525add3f49231ca357c2f2eb09913c15904327d,79c48c8ddf1071d38c1df68a93bcc55b9622d4a9,TEMP-3,https://issues.apache.org/jira/browse
154,61cabf18f1609f0b504d15c57bcbb954cd1a63bb,7525add3f49231ca357c2f2eb09913c15904327d,TEMP-3,https://issues.apache.org/jira/browse
155,b06e515b6ee255c6d7a84ae529951348f942ab91,61cabf18f1609f0b504d15c57bcbb954cd1a63bb,TEMP-3,https://issues.apache.org/jira/browse
156,9be6a962ed47c681a14f9d613d30e15e75018c66,f8acd98e116824549d77c736a8cf99657b3f7406,TEMP-3,https://issues.apache.org/jira/browse
157,332652dea3e5f500bb0fc70ffc1f73362b45e229,91559cc1c99041933514c475c6eefce3d8731d53,TEMP-3,https://issues.apache.org/jira/browse
158,e79d3ffa4ba57a26375dec2c7644f2340122d960,745dd6673f3f40ae080d9c27501cf1452213d96f,TEMP-5,https://issues.apache.org/jira/browse
159,3c233e4caf44aabc28784d90db1fc3f3f1e84c50,eb1e54d9910f8b15779177e9bd1d6cd77da9bb60,TEMP-5,https://issues.apache.org/jira/browse
160,f8ea63dfdfcadc3a5f7b5beae51f78a296281709,203a81890dab734f6f58c536f3b25dd82aeb736c,TEMP-5,https://issues.apache.org/jira/browse
161,f1f92df311836e66336b4b648600a567f5067fb1,0fdd5982c32528e4b5d6913e0cd4ce62c0c68bdb,TEMP-5,https://issues.apache.org/jira/browse
162,491e48297b8c50572e97f2441d63d7e68687d35b,14e6c1795c85eb32547669cd99d503f4dbffe683,TEMP-5,https://issues.apache.org/jira/browse
163,4303c163b15bd43cb34626c0cd2c7984e5644297,88b7b4b3a07390db01c9fe2ae15581ace220032b,TEMP-379,https://issues.apache.org/jira/browse
164,bb72bc51ce46c102124d09ac862860f44d169cb4,459f14b33c02509a4b9cc5360f3ff2f4edba9284,TEMP-239,https://issues.apache.org/jira/browse
165,09c256dbb3c3a3f39234651635cc814ec57cba8d,b7327a42da0a48e223dd7ce014439a36f1850929,TEMP-239,https://issues.apache.org/jira/browse
166,ff79ffc8262b796be4e52d37e6da1a64dc7abdfc,ab7f253ce528d3898211cbac9597e7095b355613,TEMP-425,https://issues.apache.org/jira/browse
167,37ace6950e0c63b4bfe3bb602be1fac9176ab1ba,20fdf174fee023f6d816771300e034d5f13947f6,TEMP-421,https://issues.apache.org/jira/browse
168,6db6aa496f268b7f7dd846ba7e01b69402794172,87d923f0d72c5e81105e6a1f8958e7800b79ef07,TEMP-414,https://issues.apache.org/jira/browse
169,cae889f3c01cd6e022d98530e867eb48abc03427,6db6aa496f268b7f7dd846ba7e01b69402794172,TEMP-413,https://issues.apache.org/jira/browse
170,13c8e44e6a57f7abd0699ebc9ee4245b37abd918,cae889f3c01cd6e022d98530e867eb48abc03427,TEMP-412,https://issues.apache.org/jira/browse
171,ff9488b31ec4a6056f55c32ad3629de31e987ab7,a753ba0a0340dfab360d3932ea1e45de93689586,TEMP-410,https://issues.apache.org/jira/browse
172,f3e93a52db74730aeb06ed4e8445d12c61d9f193,bd2f3bcced1643373ee910dace2320674d2cc09d,TEMP-409,https://issues.apache.org/jira/browse
173,19de811cafeb55fb519965cd89427416798e3040,f3e93a52db74730aeb06ed4e8445d12c61d9f193,TEMP-408,https://issues.apache.org/jira/browse
174,c531834764c31d56332b0918d404c3dbbf02ccac,19de811cafeb55fb519965cd89427416798e3040,TEMP-407,https://issues.apache.org/jira/browse
175,eb88ae9669fc36a4030b5f6cf27c2ea8b8bb15f8,c531834764c31d56332b0918d404c3dbbf02ccac,TEMP-406,https://issues.apache.org/jira/browse
176,0b83241a1ac009cd6f95d57209fadc05b6b4d268,970921c2196d804d7c2d8203881cd340a4d0df3e,TEMP-380,https://issues.apache.org/jira/browse
177,b9b6f31089fedd0e3288b5ad80771a71ee1a65ca,0b83241a1ac009cd6f95d57209fadc05b6b4d268,TEMP-391,https://issues.apache.org/jira/browse
178,68673c6c52ffca3a87e4ec6a8f2c11849d6d458c,b9b6f31089fedd0e3288b5ad80771a71ee1a65ca,TEMP-400,https://issues.apache.org/jira/browse
179,f806874001b00b04d91192bcca7b5d4093f3cee0,68673c6c52ffca3a87e4ec6a8f2c11849d6d458c,TEMP-389,https://issues.apache.org/jira/browse
180,e441f8ee08e6eb081d1e7692f1cacd4844af82f4,f806874001b00b04d91192bcca7b5d4093f3cee0,TEMP-388,https://issues.apache.org/jira/browse
181,f47898012324ba183221713ae20324e2a72930bb,d51a9262f2a11ef3a555adf36a9eb8bd0415289e,TEMP-384,https://issues.apache.org/jira/browse
182,e4ba77b3b117b17efbbfd8f67ef31a5b76ded65a,cb19f2d73fb6ff6cbad5fa568534d1d05a5d47ff,TEMP-323,https://issues.apache.org/jira/browse
183,13270785019dfc2866403df4c376c5621827771f,e4ba77b3b117b17efbbfd8f67ef31a5b76ded65a,TEMP-331,https://issues.apache.org/jira/browse
184,76cca602d5bbbfb4b1d1e2d6ece32cdb4495c065,13270785019dfc2866403df4c376c5621827771f,TEMP-332,https://issues.apache.org/jira/browse
185,0145c16a6ff8dced5e3cdb899a250dcd49ef780f,76cca602d5bbbfb4b1d1e2d6ece32cdb4495c065,TEMP-334,https://issues.apache.org/jira/browse
186,152588c28661b0dee5d9456baf8b8d0035c3739d,0145c16a6ff8dced5e3cdb899a250dcd49ef780f,TEMP-360,https://issues.apache.org/jira/browse
187,a6d51b8d2f124b71d420e2b1c5f901c503da65cd,ed3d9ab90be17fcf527b79ba140d5b5dae5c4310,TEMP-330,https://issues.apache.org/jira/browse
188,b5e8745a419f27eff18a906bf3acceca6d6eb792,7d1c0ab0904c43eef9c20ff38fb56f7215e5743b,TEMP-363,https://issues.apache.org/jira/browse
189,8f9fe40f7c9456b67bfdb5fed4529135fd7385f2,d4c9c2c7bf40044db837f1bdf55d87d27c047221,TEMP-364,https://issues.apache.org/jira/browse
190,ca34318ae2fed482b75f0b4cd1a082bb17d4b9c9,a11dc6aa1d91106577c75a5986b691b41b493947,TEMP-359,https://issues.apache.org/jira/browse
191,eebcb74fb5e80592aab80f6bbb756026c7812f19,4e6e6a8e07f3c2b595daef083d6f50ea99fef4a4,TEMP-350,https://issues.apache.org/jira/browse
192,4016c8eec992ab62747a55dcfb4be1878ecc232c,eebcb74fb5e80592aab80f6bbb756026c7812f19,TEMP-343,https://issues.apache.org/jira/browse
193,aa0e7d0a9285f272a811990e0cc9cd83d240adfa,4016c8eec992ab62747a55dcfb4be1878ecc232c,TEMP-255,https://issues.apache.org/jira/browse
194,8357f61e3d872976034dc7710799fe53aeee6cb8,3d70b9cc190765f3c8edc85d47cb44f50d668c30,TEMP-255,https://issues.apache.org/jira/browse
195,ac4f8bf346d344326a986aa16000db69b2fb4ffc,2e29ad2a8fd33955b488c1edd0b312a6837b7cb9,TEMP-340,https://issues.apache.org/jira/browse
196,3c5c5def0e1c34e3705d5d9fcc1a6bd67dd4c41d,ed205c04fc8f9c95bc498d51e6fec3a6a052ca11,TEMP-15,https://issues.apache.org/jira/browse
197,f7a7f8145d15d1225945f376072837d1679f3279,46f3c54c56742ad3333efd964d31720b2df88869,TEMP-317,https://issues.apache.org/jira/browse
198,24921ebe3e93a1d77f2cc4725d1eee66f68a856a,b8a191f6b756bc038bc1cdfc34986515e6703953,TEMP-320,https://issues.apache.org/jira/browse
199,ab6e5256d88ba65160635fd813d9af63100774f6,24921ebe3e93a1d77f2cc4725d1eee66f68a856a,TEMP-318,https://issues.apache.org/jira/browse
200,65eb026acf37ddd40baa50eab331a699f29b9a7b,ab6e5256d88ba65160635fd813d9af63100774f6,TEMP-319,https://issues.apache.org/jira/browse
201,0122245f02ba7b22dd40f38c98aa2f08984707bd,3290bbc85420176f53bad1968611bf53798b2770,TEMP-307,https://issues.apache.org/jira/browse
202,0725e476d4cc66e6331bdceb4e29a54a9ce7f462,0122245f02ba7b22dd40f38c98aa2f08984707bd,TEMP-304,https://issues.apache.org/jira/browse
203,f3eaf2ceae5d49c329ce8675d06b3003eb1ba389,0725e476d4cc66e6331bdceb4e29a54a9ce7f462,TEMP-294,https://issues.apache.org/jira/browse
204,ad76d4face0ce5a5ee4addad8c21043ccabb623f,d72bf81d8bac03ee15c5b6a4a3e0aa289674fcf1,TEMP-294,https://issues.apache.org/jira/browse
205,79ff10494b90ba99c339aadb87f6281c97aea966,f3eaf2ceae5d49c329ce8675d06b3003eb1ba389,TEMP-299,https://issues.apache.org/jira/browse
206,441ed780ad999caf09ef5522983764977c8be45d,79ff10494b90ba99c339aadb87f6281c97aea966,TEMP-271,https://issues.apache.org/jira/browse
207,7cf943172b154019d7c6a66f4290272b2144e29a,8a5d3acab88bb2ef7416f3141d63f10b79d318cf,TEMP-271,https://issues.apache.org/jira/browse
208,7873bd62ee22efd0c32cddd94e388a80faab81b2,d887c5913fddcecad8483ec9a0cbf407ed08c157,TEMP-266,https://issues.apache.org/jira/browse
209,c1351569a7184caee4ed7eacdf948f6a79db160f,e6d4f465446e5645f1a68f3d90964a6ade82f59e,TEMP-240,https://issues.apache.org/jira/browse
210,4ac9d2bf8c81629646dc19f4d840293754e5cb57,6965d41836b7c55c708a885a6cdf94106047c070,TEMP-221,https://issues.apache.org/jira/browse
211,5a3a0041a059031eaeea2558172cf01f19714c6e,975baeba6172fd711f2a13db791464e6b272a120,TEMP-265,https://issues.apache.org/jira/browse
212,a202e9ca191f5d5b5c7720a634247266d59dc8ce,3ff264983398dbd55f78ba2078231c2c0672e208,TEMP-288,https://issues.apache.org/jira/browse
213,b147d16e647c9fa54b4ad14a76fd532906cec558,7cf943172b154019d7c6a66f4290272b2144e29a,TEMP-220,https://issues.apache.org/jira/browse
214,142a6dd5eedf83e9bd5f077d64977969cc4be40c,01086ef5b312d7aa5ad231277950618cb93664ee,TEMP-278,https://issues.apache.org/jira/browse
215,c493bb9126ae25bd9f1f20bf94931cfb671482f7,ad4e89087883b009b366b773fe7813d3f77818a7,TEMP-262,https://issues.apache.org/jira/browse
216,7c260a6e48a23792b87e7eb65b4b6a4e0dd913e2,d0df8e55b0d1a8e4a838fa522286963383f0b0a7,TEMP-264,https://issues.apache.org/jira/browse
217,95a3fecee0f7a87624e490f0026b391188f9aceb,1d5610521f5846c1d6f7d0a65f93c384dbf33e8d,TEMP-261,https://issues.apache.org/jira/browse
218,d0128142ff08d9a9dc5c1ca483594abb21f90353,f43e0a53c1f4d3335e720131973dfc8e1103f5f9,TEMP-249,https://issues.apache.org/jira/browse
219,139636b502dd144b7f6070a8f30b46913ef6965a,5e313d14b2a10ce0aea529ac4db50e183f0b1e49,TEMP-228,https://issues.apache.org/jira/browse
220,3f09772b742d7886c5a18427c9838fb267cc335b,66c4b99ddc7daea806c1318a40736d0f5c8fa7bd,TEMP-219,https://issues.apache.org/jira/browse
221,f8aa3e033c1fde4a434864f666315b433498d32c,3f09772b742d7886c5a18427c9838fb267cc335b,TEMP-214,https://issues.apache.org/jira/browse
222,b1cd358495cae3df8e0e32147ef433cce83390c8,f8aa3e033c1fde4a434864f666315b433498d32c,TEMP-217,https://issues.apache.org/jira/browse
223,484bfbe25535134e011d72dcdc3ea7cf1154ec6e,fd3dc7c7dd10eb3358d12b250fd4018b3b17b77b,TEMP-228,https://issues.apache.org/jira/browse
224,60591597c506504145a805b74ac1b638346c3afb,740344661c7eb5f819f45d9d0f64668624e9e00e,TEMP-415,https://issues.apache.org/jira/browse
