bug.id,revision.id.buggy,revision.id.fixed,report.id,report.url
1,9e687fff3065a4e0997601ca0b69e5cdb2f4d273,c158188597aeea34ef279788e6a539fd725bab98,TEMP-269,https://issues.apache.org/jira/browse
2,caa59a3c090fdc5a775b83f5f4861ff52922fff8,4fdfc59b1cb668cb110b074742a1e760819f719b,TEMP-264,https://issues.apache.org/jira/browse
3,94711ebf25d79bd95df8a5e70885325660f94ddc,c15a06eee95e227fbe5c61849dd12b7bf126016a,TEMP-288,https://issues.apache.org/jira/browse
4,27d102c315e9aca276faa4ccc22efdfed6832a4a,1e5c7c3181906f2377793763be69dd37a9eba15f,TEMP-291,https://issues.apache.org/jira/browse
5,399204ce5841a1873be7089305412f382fad8b6d,a4c6037d0ccfc5b7176d6c522fcc0ab38b9bdd28,TEMP-265,https://issues.apache.org/jira/browse
6,dced5f77fe4d8099ea971eca565e0855772a2c0c,d617b6720a67bef3c1324f3e4a7d2c14716550f8,TEMP-167,https://issues.apache.org/jira/browse
7,3b959626f4c1ad31a4f8fbdcba513e12fc6f7f3d,10a9051682dc684ce92c0208b2c26fad606f1276,TEMP-165,https://issues.apache.org/jira/browse
8,3dad2eef41f31d363795bab7bd6ab115eef30c1a,a4237345a1de8c9ada81a73fe1b8e44d0174dcf7,TEMP-263,https://issues.apache.org/jira/browse
9,a6ca4165a8f8d156f0fbfe33627bac1509e7ae9c,93a9affacf54011487d26b453b7f1ad18990f61c,TEMP-158,https://issues.apache.org/jira/browse
10,abfdf83f11b4b08bc987ce335598cf01253ba7b8,a6ca4165a8f8d156f0fbfe33627bac1509e7ae9c,TEMP-158,https://issues.apache.org/jira/browse
11,6a2376a906b3b6507533b33139f57d06ded1d7a4,2c83a308255d07295c761d7e61f10359b0687b01,TEMP-271,https://issues.apache.org/jira/browse
12,b271b21567613370a872cecd5b7a1196f114dbcd,238486dd77d4ac51f25ec34c4def822f9a3c53bb,TEMP-148,https://issues.apache.org/jira/browse
13,ee9b09e7502436f39ad21edf5425f32e3b2705a5,02efd1604fef72aeaa67e70c67202d58830111f7,TEMP-8,https://issues.apache.org/jira/browse
14,cfd55c94732c85861cdea82b819b34fbbb5377bb,29459edcdf44451a7fd61e699d3f5ea8d6f8d69c,TEMP-1,https://issues.apache.org/jira/browse
15,8e953c0c17a2fd251e30f6c2673da64e18181e7b,d580c90f73e17aca94204d03c7a472807205997d,TEMP-127,https://issues.apache.org/jira/browse
16,d6845084c07756c481930cd6d7164fdcd75b3f22,ad11cd14d0e407e351d7de71018cbc25ccb4352f,TEMP-195,https://issues.apache.org/jira/browse
17,3eac15fc8d5a1da80119e7389f78b9795e8aa4db,bc2419915d5619317c833372d9b7f9af036c7f53,TEMP-211,https://issues.apache.org/jira/browse
18,57c77341d42f54b71018931dd4f389d507a30a3c,3eac15fc8d5a1da80119e7389f78b9795e8aa4db,TEMP-211,https://issues.apache.org/jira/browse
19,8ae700e7be4c2cf0f4df670b3f9c63d29d578e71,d49e99119649354e97cbae3a61865c7b110e794d,TEMP-67,https://issues.apache.org/jira/browse
20,3df2376866dd3507e94562d1ca4d88dfa8a7296e,3c393fedbdee92fe55d3c2ffa801132a91a0882e,TEMP-64,https://issues.apache.org/jira/browse
21,d0bc2e3618d4e964b0fbc7a629d19a94ced6712d,96b8485176fab410d6ff829e7e9b6b5f817671ab,TEMP-149,https://issues.apache.org/jira/browse
22,72edc568627b7dc28463474f652758f345c921ab,5591444148679d77107f108d0a40ac044076ba0d,TEMP-62,https://issues.apache.org/jira/browse
23,e503c568a10ae42364a94695b8505bcb4db28969,953a6de7224d0535f68f549cc1deefc7fa7d78c1,TEMP-259,https://issues.apache.org/jira/browse
24,d53998eed20e1068ead3591d34e2f4f962b55d7a,3e1d1629859c3209ae45cb9fa596628ef93717cb,TEMP-54,https://issues.apache.org/jira/browse
25,70092bb303af69b09bf3978b24c1faa87c909e3c,df9da1056b47ad450902c1caf97124a2e4d2a9b8,TEMP-1,https://issues.apache.org/jira/browse
26,8d6772a3209b124af7e2430f69cdf6a7c765fd44,66c34da258f068046536d84e712a90a5f7f6e2a0,TEMP-248,https://issues.apache.org/jira/browse
27,7c5c08921c35137b94fa8877f99d088eb13b3941,8d6772a3209b124af7e2430f69cdf6a7c765fd44,TEMP-248,https://issues.apache.org/jira/browse
28,07101a99bc7d1445f97f4fd21fed59a210f79bf0,e3eca25d1329a202db4e63fb623117b63c74aa71,TEMP-248,https://issues.apache.org/jira/browse
29,d6778b74a1843db28491aee37c0b877b209c4510,d047f83c283757e4848cd38332d822c378bb9774,TEMP-248,https://issues.apache.org/jira/browse
30,dcc44cdcd1419c65cc0b51a7368f3a63a06e9872,059649167c5045dfd40ebf0f97def33a9235c3d1,TEMP-247,https://issues.apache.org/jira/browse
31,c18595d1c47596613c17866edd45c6a2b7bdc1bf,4829ec961eb9db365b01428740b65ebf77e0803d,TEMP-247,https://issues.apache.org/jira/browse
32,a23b784c1c81c625fed587149e0c460366206fa4,6aa17567501c94e2ed65dc0c2f2ff3c01e534bd5,TEMP-249,https://issues.apache.org/jira/browse
33,dfd58d8a9442440ae4d3ed3cb491bddeba9ad60b,a23b784c1c81c625fed587149e0c460366206fa4,TEMP-249,https://issues.apache.org/jira/browse
34,53fa8ad35692437c9995117d1e59fd6146997e30,f7c2ca216608457071ab45d05223952a69f76d58,TEMP-135,https://issues.apache.org/jira/browse
35,8b6cfb21bba2d74ecfc160348ed7ff8c506fa1ab,bc64fb569cfba9f8d289d526e879f985fb8b3cf4,TEMP-243,https://issues.apache.org/jira/browse
36,0279beaba00b0fea27a5d5a50d7185b938dabbff,42b9fdb099a438886842795d8b0b325952d9f3e9,TEMP-244,https://issues.apache.org/jira/browse
37,ed8602db296a29bb7e2cf3c3c0f2a19d5b9fc60d,dd5de3807215e1a38a2819027559e074c9e63d5a,TEMP-243,https://issues.apache.org/jira/browse
38,46c84341e6316767ff375739bf53b7229c807632,c683594f59030e5515b95ff7d8d0b9fa66eaac42,TEMP-242,https://issues.apache.org/jira/browse
39,3718ec3a8e551a08900b3abb5df06791fe2b4a38,605bc0154f080e7a98c70256830a7d1d620e1358,TEMP-242,https://issues.apache.org/jira/browse
40,b94e5ac0256b3c9e66f066355340b129706cac46,33bfaeef8a0a0343abc45313d1669df19dfc5e21,TEMP-1,https://issues.apache.org/jira/browse
41,e2b55d0a7b3bc43e418c9095443202379137ead8,b94e5ac0256b3c9e66f066355340b129706cac46,TEMP-1,https://issues.apache.org/jira/browse
42,0ff2f24499b54cd3b3439d35d8f4b3ab590de908,89f81712154a7d510e0b0f9323b08421cb8a529a,TEMP-1,https://issues.apache.org/jira/browse
43,e24dc316d471c7ad29384a976f8f2ba10375150a,480b90febb39d7a3dd6f55d6082434ef09eb0b5f,TEMP-238,https://issues.apache.org/jira/browse
44,483ba855f240d45698ba393e4691807cc9a93869,4fd494d59042a08e7defae5c7e93937360113514,TEMP-1,https://issues.apache.org/jira/browse
45,53ead3ffe88a2af0967fce0d92d0c48284d68807,3c5d7e07e02e769043d084bf906bbc4c6932ab1c,TEMP-208,https://issues.apache.org/jira/browse
46,3ddfb40c4f6a3a7e5f73858c6cafac3e64b1f3ad,60b1c8e5c1b9f3a248d8d13240cf151a13f5953d,TEMP-208,https://issues.apache.org/jira/browse
47,13c539a50db7aeabf40136936120f6156e120bcc,3ddfb40c4f6a3a7e5f73858c6cafac3e64b1f3ad,TEMP-208,https://issues.apache.org/jira/browse
48,33f662b219b439af5134de4553a1bb9485136999,f368f64fa7f9acdcc01084f676e8b9c2b86f946e,TEMP-224,https://issues.apache.org/jira/browse
49,eede739d18c69722ff39e8e42df6b68ae7627082,83cd8088a63db894a0358e3ad5abbecc83964f3a,TEMP-223,https://issues.apache.org/jira/browse
50,e76c4d809cf2b39a9d7fe831b63e60891fe47f55,8b3de71fd99d0fa07cb6a3a35b583bbb170aab66,TEMP-219,https://issues.apache.org/jira/browse
51,9c203414696118e291279ff3a2eb22221d58b93d,3c0a73b30f1969136987f25227383ae9d233e4c1,TEMP-217,https://issues.apache.org/jira/browse
52,10977ae1b2e50d3b347d9fe501c4e40a7dccd94e,7e471527915cb0c73316c598fd02b71a56f2cf43,TEMP-217,https://issues.apache.org/jira/browse
53,0e3b57507f8bff9a3325bdaa7b90a18c2c44c17d,2305e0e80c9ceaba6736bea4dbf07c0979279280,TEMP-213,https://issues.apache.org/jira/browse
54,0bdca58fc04f4a0d122fc3f3d25797d27f8a11d5,e41d4841ff196ec74e1e09f1eb85b7160099f22e,TEMP-19,https://issues.apache.org/jira/browse
55,9ae4b56c2af4ee65fa935d99b298c98b7cc4bc63,48068091e40864e6a351f3aa13e87b8d9cb8a4aa,TEMP-203,https://issues.apache.org/jira/browse
56,09cf3739df3b82b23bf508b4f98e999ee5b8d3c7,9ae4b56c2af4ee65fa935d99b298c98b7cc4bc63,TEMP-203,https://issues.apache.org/jira/browse
57,a7757849d3e9b2a37967ce208ab22f6d14567c98,977824491d8d65b9952005573f2ebffe6ced671d,TEMP-203,https://issues.apache.org/jira/browse
58,f05b653d085a5de6645ba24d209e45a7343a8e51,6e64bec175d687537c3625e34a3b7eed71255c22,TEMP-13,https://issues.apache.org/jira/browse
59,5f14d16a66f31e11253e3daab61113cdacf33587,f05b653d085a5de6645ba24d209e45a7343a8e51,TEMP-13,https://issues.apache.org/jira/browse
60,1023690dc284afaf380b0cf3eb74c411e0663465,190390bf5dd83d6137ca3045902fcecbeafa3227,TEMP-171,https://issues.apache.org/jira/browse
61,9daee9042c931382219ba268c2ed79e8c6a740da,275a8431e06946987ab84f9282e892489d510389,TEMP-7,https://issues.apache.org/jira/browse
62,b97cf1d6e1db0377ba0864386fbde48a38cc8782,70b782d6df8c1a2ecbafda76c34a976d2511d1e4,TEMP-12,https://issues.apache.org/jira/browse
63,8b24cd1fb06c8ad86606cf2296892bbb21f90143,b502c5a20d1c9d98f10cbe50ccb376b907f45172,TEMP-1,https://issues.apache.org/jira/browse
64,51049fd117ae5d0cdfaec7fbf0a6de940502346b,2465f5e8f627d13d61a9b3cfa9feac845850691b,TEMP-167,https://issues.apache.org/jira/browse
65,8861157a564e494b49d06fb599ed9c3b276b15b4,82b6d2e7b4f8114747e4758d3e4e61eaf276ff54,TEMP-161,https://issues.apache.org/jira/browse
66,913e4a8b97fc4ef6a860cd94a996442ec86cc3a9,f8b80e83417c3c7eeed1282118f64fa0e85c4787,TEMP-168,https://issues.apache.org/jira/browse
67,446eaf8c2a7f35eb65f3d03b6b2d1e57f6171d49,5206b2a244e21070d149ee1e1f1efac8f2584d6e,TEMP-169,https://issues.apache.org/jira/browse
68,ce9768fb0c59a913e3acb372da053ebe582ca432,54597a8b8e1d299a6b66de840b5496af96b297d5,TEMP-167,https://issues.apache.org/jira/browse
69,68c74f627495b2c60d3b0ff6a1ddc0cad8b7d49e,1d5dfcb8f65e25e0bc5c38628138435c3c756b98,TEMP-154,https://issues.apache.org/jira/browse
70,e7ccb14d2278942bd586f770cc5535b4adfe92b1,68c74f627495b2c60d3b0ff6a1ddc0cad8b7d49e,TEMP-154,https://issues.apache.org/jira/browse
71,224d30746c2b28921e495f0c824eb0cf92416409,0e91beab001a405e2815d55db40d14052b4d78f0,TEMP-1,https://issues.apache.org/jira/browse
72,cd8799e7b2003bb13c29860bafa059e7c5bd7f4d,224d30746c2b28921e495f0c824eb0cf92416409,TEMP-156,https://issues.apache.org/jira/browse
73,081b070256afe2e817ca42e35aef154b88733f61,65883aa4d9478161d7c526c1f6e1d5f2806da93b,TEMP-145,https://issues.apache.org/jira/browse
74,288654d8381721286d2a92e1ee3d9319be2c4067,ea5b3e0ba6e1cbdcf4a483e87edab5dceef73021,TEMP-140,https://issues.apache.org/jira/browse
75,4ff00a0139079ee06cd0e0f60bd21664ef69690f,04d59790beef7c09213bafb5d11f5c023a9dbc99,TEMP-8,https://issues.apache.org/jira/browse
76,cebbcc8b3c6679b37bb403e381bfdf7431ccef04,807ddd164bf0802116afbac1774831da1d8eacd5,TEMP-132,https://issues.apache.org/jira/browse
77,bc504117fceb2c254eea5158a62de54c80a5d81d,c81ad0328eefb438cc875b9c9f081be93f9fdcc2,TEMP-128,https://issues.apache.org/jira/browse
78,5e60966b56d198cc36804832ec5ae9f6efe39a86,d6de8062b53cf5d486230b68e8a497d9c1660140,TEMP-7,https://issues.apache.org/jira/browse
79,d3afa156e4ddf8ec76847504988e7979146d9fd6,b67524da7fd146634c7112b23e95d1d45c398b82,TEMP-122,https://issues.apache.org/jira/browse
80,4b2a4caa305c2e309c199080d5710f6e1a935a7d,1fa12a6fc8dea3c74bd315b32122bac1f7b5800b,TEMP-120,https://issues.apache.org/jira/browse
81,f9871c5d359f61c04ba567df58af206b676ad9f3,99c3819bec33a0999b743b6827e6b48fcdd9c8ad,TEMP-121,https://issues.apache.org/jira/browse
82,5a9436d462a45a44501c31a328c9926fb3cc4b86,f9871c5d359f61c04ba567df58af206b676ad9f3,TEMP-121,https://issues.apache.org/jira/browse
83,1282503fb97d621b4225bd031757adbfada66181,5a9436d462a45a44501c31a328c9926fb3cc4b86,TEMP-121,https://issues.apache.org/jira/browse
84,65f110ec14b9e7f202bb1a696c4c58560cfca48c,1282503fb97d621b4225bd031757adbfada66181,TEMP-120,https://issues.apache.org/jira/browse
85,0331565fbaf33fab24bfd588948e653475e795d9,2480dffa6d8343b189c6fb57b88b325c45f0b83f,TEMP-118,https://issues.apache.org/jira/browse
86,692a1e362dfab949006d3419d1addbfe12552c73,35d101c2adecd51730f88e43941d85d16034886f,TEMP-114,https://issues.apache.org/jira/browse
87,c84328e64a226304d277be6164b85351502edd94,ce4e72701b1ad4caabc3bd668bd058fff082f2b6,TEMP-112,https://issues.apache.org/jira/browse
88,a84668e0eafc96b88fe133cf4225a586986a5255,9f03b06a1ec8cb2cb64aec6068d2a6c1f663fbc9,TEMP-111,https://issues.apache.org/jira/browse
89,932b29441068b741866e41313b6f131c3b223c69,c8630e103ac0838978a867de46fc81c260eba542,TEMP-107,https://issues.apache.org/jira/browse
90,f3f34073ae9930cf63efa5783dd300e959914b56,3cb24cbdfbbe5568e08eb9cebcd14711b708c11d,TEMP-8,https://issues.apache.org/jira/browse
91,c473d87f236ce5cba4c7e0b2f4c788c1cb91f013,c4f74756ff768b341782bb60c6df89acf30e67f9,TEMP-107,https://issues.apache.org/jira/browse
92,7b8cc87fd84126ac74b0928aabda15b19ad1d7dc,c473d87f236ce5cba4c7e0b2f4c788c1cb91f013,TEMP-8,https://issues.apache.org/jira/browse
93,bf8f23c3104a137cb42e13bd69b10321cdf92135,73cc5246cf789db8f459e2f539831b6e91bedd26,TEMP-106,https://issues.apache.org/jira/browse
94,2b5f84ede12cfadd7946ffb07a56709b8322a02f,22601f647f2ce9a05fa4ce20ea356492c670940c,TEMP-100,https://issues.apache.org/jira/browse
95,7af334d7d52ea245d71b9f17749360a4db0debf0,f78b5a14ca34f6176890b00308868b664b696148,TEMP-7,https://issues.apache.org/jira/browse
96,5b2e5f809be63d301b04eaae9c72cae05e7da35c,71c69df6dda034e9aa18ad07782ba88643423f58,TEMP-98,https://issues.apache.org/jira/browse
97,e31980892ce9873047db98ab8ef1b3259607b988,2c6120826245f89fedf2f936ab4a0c3edd8717f3,TEMP-58,https://issues.apache.org/jira/browse
98,fd8433b7119efb743495df69c91253cb64327566,16e12d213016d30376e2bcc5cabc299bcfa765f7,TEMP-58,https://issues.apache.org/jira/browse
99,60cc83af7f22fe903edb7d43f4617e779c10909a,75b9a4ba4ed34eed0afe0a6c3b8a79979685a379,TEMP-97,https://issues.apache.org/jira/browse
100,5744ee8a1698687fe4acc0c269cbbbb1e234b06d,a0d975933d6fe9eb5f359088de43508c1d3109bf,TEMP-96,https://issues.apache.org/jira/browse
101,08f02a086c82363a2d84be5823438ff509ea2415,8f436552ae8ee5713c1b5c78c58d4387edcccb31,TEMP-96,https://issues.apache.org/jira/browse
102,eb13cb152a3e7ab53feb5b3a11c960fb91f59a97,40948cdcec66b8dd213efe96f1251abc3f412581,TEMP-6,https://issues.apache.org/jira/browse
103,6b67a34b87e59e72bffd7e3b9dff31c07aa4bb65,3a1806ba26c3088de58ed5898f278dcd075b0552,TEMP-58,https://issues.apache.org/jira/browse
104,c4014b6b38c9f661a12557db7ee464e158f386f7,2e543f41f3f76649524707337bfaf2731dc735d0,TEMP-58,https://issues.apache.org/jira/browse
105,71a657004e090a86c47593f624cdcc3bb2ea710e,6447a82f35a3f20aaae7e10e1a1c7cf8c6cd636a,TEMP-3,https://issues.apache.org/jira/browse
106,ae47fb8432095e48b8e754c767bb9037dfa5c5fa,933a950c88c402752b189fe3890cd8aef1536fd1,TEMP-88,https://issues.apache.org/jira/browse
107,adf5f834db919d8eb584eb2f701d9963ab89f525,720b341bf02eb85515f4ca40a5e53e362100dcc3,TEMP-90,https://issues.apache.org/jira/browse
108,a07c9f72fcb5624c43cc90da19dd2216dffde90c,e94085595f372cd27900ee462c93be0a43d63a22,TEMP-35,https://issues.apache.org/jira/browse
109,de1838ea067f3fbc4c7c21b9eeae077c739ecb73,8a683f009d10150c3bcff6c92455cadd7f7f0a88,TEMP-75,https://issues.apache.org/jira/browse
110,0833f45bffd40f44ba6f294d84e9bac8a9ba0a37,de1838ea067f3fbc4c7c21b9eeae077c739ecb73,TEMP-75,https://issues.apache.org/jira/browse
111,c4e120bbf42cf3981a629582ea722dacea9db19e,0833f45bffd40f44ba6f294d84e9bac8a9ba0a37,TEMP-87,https://issues.apache.org/jira/browse
112,c6212540dfa2fdb42ccd19d9737c8e341b9cab40,c4e120bbf42cf3981a629582ea722dacea9db19e,TEMP-75,https://issues.apache.org/jira/browse
113,5063b16c7a6d806a0a229fdf4ff2a16d74f287b5,38741a48c692ae2fc13cd2445e77ace6ecea1156,TEMP-54,https://issues.apache.org/jira/browse
114,4406fba31cf945861a23a1d3730b06386d7722fb,5063b16c7a6d806a0a229fdf4ff2a16d74f287b5,TEMP-77,https://issues.apache.org/jira/browse
115,1299ddfe3fec5000f68c203a7f61e9af02955296,9ebd0d94254b468765f6c558bb10ca018a418444,TEMP-80,https://issues.apache.org/jira/browse
116,d0035e6c7a3f911a735485e0893e26950c15f098,9fb2b4f2b100c8d5a769532ee26973832c2a61c0,TEMP-79,https://issues.apache.org/jira/browse
117,a019caec3f685f864c98ce9af94c5171de4a51bc,83b1072703023411900b5eaefe9b8e99bc6b9414,TEMP-75,https://issues.apache.org/jira/browse
118,29efef70f1dddf7f1924706770238cbe96157f0f,c9dedff12e98a34ab4225bc65f810c0954207f11,TEMP-67,https://issues.apache.org/jira/browse
119,3cb5801a985c0d6a9ca3dc794b4e89a292b4a9c6,f7220c40b18193ffa4b02fb6645b1e14db38cc44,TEMP-60,https://issues.apache.org/jira/browse
120,18d706032ac850979833165b66439c2c764c3b33,8033a710b00d911882385ed604a7ad423716758b,TEMP-1,https://issues.apache.org/jira/browse
121,20d3ec46fd2c07eba4bfbefacd9fe868849828ae,7faf4509000e4c4d32af15b0c81b5ec9bcfd928e,TEMP-10,https://issues.apache.org/jira/browse
122,5c74297ee039532742c88c6026024dbdd1bc82f0,45d972fe5b7807db5f5bb6fed182f107993da5a4,TEMP-1,https://issues.apache.org/jira/browse
