bug.id,revision.id.buggy,revision.id.fixed,report.id,report.url
1,eb47203e4d9afc274034bf3ba87e041dd97c7c53,896b2a2f686492411da5dc5c64241d2ab3c2d291,TEMP-135,https://issues.apache.org/jira/browse
2,a2bc3a41e10fb367d6d5e3a16a29c18d1b7bb3f9,470fa02c3b0e27bfa74247ded793f8ab0758f799,TEMP-149,https://issues.apache.org/jira/browse
3,218b3db4149a53397f1e726d37cc3928e2e2135c,d8cbe8860d6f23548522e1bf5e8c74d5fd89122e,TEMP-99,https://issues.apache.org/jira/browse
4,24897862c41a504a6987a65727669268019f6f2f,218b3db4149a53397f1e726d37cc3928e2e2135c,TEMP-97,https://issues.apache.org/jira/browse
5,9456415cd185b17782507006013556c306441a23,2875340ca3f9f5b19cd14939d9c0fbba500687f1,TEMP-1,https://issues.apache.org/jira/browse
6,dc28a2b7be5cbe21403f29db99635f8887b45a61,9456415cd185b17782507006013556c306441a23,TEMP-141,https://issues.apache.org/jira/browse
7,ec4150fe30ceb9726618e60d6557a85cc122d77b,eee2f509cef33ff6d56dc4faaecc551b4e7ce077,TEMP-135,https://issues.apache.org/jira/browse
8,2b6984939b78073efe2f2c079adb5ac6da47a65e,ec4150fe30ceb9726618e60d6557a85cc122d77b,TEMP-86,https://issues.apache.org/jira/browse
9,ea5ecc369edbf4ba91986e4ede0eea170d8c94c5,421d02a11cad214607e0d8bb6c2983f53db8ee6d,TEMP-81,https://issues.apache.org/jira/browse
10,057487902aa759c4d8834252f93375d8aa46fc37,ea5ecc369edbf4ba91986e4ede0eea170d8c94c5,TEMP-8,https://issues.apache.org/jira/browse
11,aad8c55a43f72d7869d704a44b42557bb634baf2,3466943e4552474ab681d7852dbfa62c74d8e1ce,TEMP-125,https://issues.apache.org/jira/browse
12,9f73f2fc1ec45d7c26cc36cd89fd5bf455d1de66,c24b691ac4efadb8fa4c6beac63d58cb4a9faa6e,TEMP-129,https://issues.apache.org/jira/browse
13,85a5ea1a30e96fc7ca5423f4e842785bd8b5aa14,9f73f2fc1ec45d7c26cc36cd89fd5bf455d1de66,TEMP-134,https://issues.apache.org/jira/browse
14,8fcb6e2fd5b32124660db06abf0efdd1a291c6f0,dc1769ed66b762646cdc7d2f5b268f274485f6b3,TEMP-129,https://issues.apache.org/jira/browse
15,3adc20723b823bad58a39f7952300538450d3b7c,a760177b6d1b95bef512902c0b987ace614ab359,TEMP-127,https://issues.apache.org/jira/browse
16,77af2da3d2cc871fbfc3c6a75d6848e45be33794,3adc20723b823bad58a39f7952300538450d3b7c,TEMP-125,https://issues.apache.org/jira/browse
17,e230e30d51115696480f17596ab5b0f05898c287,77af2da3d2cc871fbfc3c6a75d6848e45be33794,TEMP-124,https://issues.apache.org/jira/browse
18,5a3bf996afa6c7c44ed4aefd5e54b7629f56c075,ed1b6097c6cfe79dc4e23ac4e9c75fa4b3ccbb04,TEMP-119,https://issues.apache.org/jira/browse
19,7eac68da9407b31bcf318a53b928ceb835e88869,5a3bf996afa6c7c44ed4aefd5e54b7629f56c075,TEMP-118,https://issues.apache.org/jira/browse
20,bc7c11671931745c46a9b0a5647a57f259eee7c7,79502d4544d42c020520d7f6cdb69ff9c1631554,TEMP-113,https://issues.apache.org/jira/browse
21,211498ebd6e0cf795d6a62c3277cf645ab17e8b3,fd2b93472cc8438c17874635e674d1cf1a84864e,TEMP-103,https://issues.apache.org/jira/browse
22,fc1d482bd2b4b9ef3be1eeea9dd6d1363106d152,34df73069203e8647375e072b99c9538904a0e86,TEMP-96,https://issues.apache.org/jira/browse
23,aaae85c8a27b94195f86b778440365141db04038,edbdf9185f45ce218c5b4b6ba18324d14aa8485d,TEMP-108,https://issues.apache.org/jira/browse
24,352e89a94fa601419375e9501dbdcefa9316ebfc,079c158968bffa8c8ab8ea4e59592056c9af100a,TEMP-108,https://issues.apache.org/jira/browse
25,652b62a2fbc5a9504f8bfa8a76a58afaa762f90d,b1d66b82a70f6ec68ae0604e64664c698c967fa5,TEMP-107,https://issues.apache.org/jira/browse
26,929840b3a69c6b1ad13534c5132a9772d30155ed,3cd0564517a0a460556d4421dfbab1b60aa28471,TEMP-106,https://issues.apache.org/jira/browse
27,55910b7b23250a37cde4ca4bccb1e2126c4dc78b,7274287f3277a3e62bac8c2270ded0d82e32fef5,TEMP-90,https://issues.apache.org/jira/browse
28,977d40918affc8056474f673dc7737a7e0ea598e,521615236a312ed98757493aa297d91c3ed8b241,TEMP-97,https://issues.apache.org/jira/browse
29,b5e7b1b44ede8156b635726a1178e5d280e750f7,ae8e3506d40589962d4414b72cab53a9ca92212b,TEMP-93,https://issues.apache.org/jira/browse
30,859bdaa0489fe8e4e1e224b38975e73afceda506,4a19325fdffef571cadd05000e8a2e9c376cd6af,TEMP-94,https://issues.apache.org/jira/browse
31,4f356a7e477d258b7574aa5f2971c96a5b3cc012,859bdaa0489fe8e4e1e224b38975e73afceda506,TEMP-94,https://issues.apache.org/jira/browse
32,ba14d801935decdb9399d6b2f038e0d1a71609e1,4f356a7e477d258b7574aa5f2971c96a5b3cc012,TEMP-94,https://issues.apache.org/jira/browse
33,294d73b24a5a83d0848e7d9445acb3c03d72cd02,ba14d801935decdb9399d6b2f038e0d1a71609e1,TEMP-94,https://issues.apache.org/jira/browse
34,6dd20905230ebda745da1ec60c1f6a177c74e47c,294d73b24a5a83d0848e7d9445acb3c03d72cd02,TEMP-94,https://issues.apache.org/jira/browse
35,06276c333eb40c0809d72075fba02028aa5b2ff8,6154eb8e074f64c235f622ce15f9c7de70a30ba0,TEMP-94,https://issues.apache.org/jira/browse
36,9182668cce2abf3081a0e2ae274b3c5b9f9edd8e,7c544f698592d370934a1eb97c0f0fa5c7300674,TEMP-90,https://issues.apache.org/jira/browse
37,6ac3e74faef0d4f0fb92786d540505bcd2a808b4,e90580a892a75ac6350a5a96c70a6a36b696879e,TEMP-82,https://issues.apache.org/jira/browse
38,6529207dee6a9cc72b936a5c907305ad3f70e03c,9f1e2015dfe93b472e265c3feac49ea5e6d62c85,TEMP-82,https://issues.apache.org/jira/browse
39,8c092de42700ce3d8d11da74de07c0051157fd80,7c328f25feef2c1bb3c63a6e0c377306bd01e91e,TEMP-83,https://issues.apache.org/jira/browse
40,169c76e9f6c63adb4b92aec0c053e94c0ad248dc,4d51ff11f0490c892d6f5a6d44acd0eb9817467c,TEMP-86,https://issues.apache.org/jira/browse
41,4a1c90234fee33392837f07464dff4f27e28c094,0acc3423a36fc2fefbe14ea4ab857e6af6291e63,TEMP-85,https://issues.apache.org/jira/browse
42,2c57b118a30f91c182e8e6129fb25542ff2bdf43,4bbb57a05d49dad0fd493c8fabfad3cf7991215a,TEMP-86,https://issues.apache.org/jira/browse
43,0304a87074d8fee26a972642bf9665771421fff7,2c57b118a30f91c182e8e6129fb25542ff2bdf43,TEMP-85,https://issues.apache.org/jira/browse
44,aef15f417882fca19219e7665fc95a4e268bbeb6,0304a87074d8fee26a972642bf9665771421fff7,TEMP-84,https://issues.apache.org/jira/browse
45,e4156dafc347e8cb3bdc444dea6867d52f946578,aef15f417882fca19219e7665fc95a4e268bbeb6,TEMP-76,https://issues.apache.org/jira/browse
46,bccccdbfde51308a8b56ceb68063a9d9dc448f05,4117c569644cce4684528c35fdfcc2947233a680,TEMP-76,https://issues.apache.org/jira/browse
47,18ac95b5e51e54221666262d64afe24b89cd0dc5,2371dcd09339d6f483f7bf6eaf44165b62257645,TEMP-80,https://issues.apache.org/jira/browse
48,11ba975cdcde5bc7ce0ccebf141ed0069202683f,18ac95b5e51e54221666262d64afe24b89cd0dc5,TEMP-80,https://issues.apache.org/jira/browse
49,271b37f74cd196192a50a802a6a0bfe1908775ed,09d42c60cb5e64a8672800195a1e0df24bcacc30,TEMP-77,https://issues.apache.org/jira/browse
50,720b1173da04eaa08c24422a2a7c7c0fa9235bda,4afa1ec81b6f51df8683144f79633a392dcb9264,TEMP-79,https://issues.apache.org/jira/browse
51,1cc85485736120e8920fe9dfce2410ce646ee8f4,f4513247a5ef176cf768c354f7099b4bc9e1373c,TEMP-66,https://issues.apache.org/jira/browse
52,50e4e0fe16d7f0ec1c1f33fe1d00374f09ddcd44,1cc85485736120e8920fe9dfce2410ce646ee8f4,TEMP-64,https://issues.apache.org/jira/browse
53,ff397177233a5e927cc2dcb41383bb626c34d56f,46f2dfce52847349acf6f84dfe02a77868f5f449,TEMP-61,https://issues.apache.org/jira/browse
54,ea89d8023ed7c2a88c468df15994bdd9db922242,1e788102e18509b65d49aa42273f990f1281f3c0,TEMP-33,https://issues.apache.org/jira/browse
55,b53228834059b6240326c56eee411b2808514956,ea89d8023ed7c2a88c468df15994bdd9db922242,TEMP-33,https://issues.apache.org/jira/browse
56,1baf9a840dee158844e5b98c750dc1f297dc7157,b53228834059b6240326c56eee411b2808514956,TEMP-29,https://issues.apache.org/jira/browse
57,d1fb85f7cadf0447d82d38411552584f6d9a0f25,98bec4c43e42ea68437d13c1137b148428562e2c,TEMP-30,https://issues.apache.org/jira/browse
58,9bbbe4a5792c84446ca456fca7fe8427b1ac5acd,d1fb85f7cadf0447d82d38411552584f6d9a0f25,TEMP-32,https://issues.apache.org/jira/browse
59,90e67c99a5a02436622807095beab7c50a500cbf,617318bf65cbd74fda7bab7ebedf2d2d24c680fa,TEMP-34,https://issues.apache.org/jira/browse
60,e99c77b93d93dec2b5fcf3fec0bbeac76ef53e19,90e67c99a5a02436622807095beab7c50a500cbf,TEMP-32,https://issues.apache.org/jira/browse
61,d675a9503a8d47a6e6a73d68473896c870948543,811826ee2c3da39650c9380ac94ae5cfbc205785,TEMP-27,https://issues.apache.org/jira/browse
62,081284dce2be74f32502dec4a80e2fe28189dafb,c0df8158789327a4737b58769da2f321447ae18c,TEMP-3,https://issues.apache.org/jira/browse
63,ad81d236a9e132f59486b5a73c347faabe329e9e,081284dce2be74f32502dec4a80e2fe28189dafb,TEMP-26,https://issues.apache.org/jira/browse
64,6c6c2b0febd5623af0a07286edd4ecaf192cf131,7cefbf2a69ec133aa327f93d40dc307ee80df8b5,TEMP-8,https://issues.apache.org/jira/browse
65,f3c5416e574e159e5d56af85c045c4422a365a5f,80a8628bb5aeb61f186ade3a8abafe7c0421e3ff,TEMP-1,https://issues.apache.org/jira/browse
66,,8af1b6cc4a91331d19e029761b6527d257665f15,TEMP-1,https://issues.apache.org/jira/browse
