<?xml version="1.0" encoding="UTF-8"?>

<!-- ====================================================================== -->
<!-- Ant build file (http://ant.apache.org/) for Ant 1.6.2 or above.        -->
<!-- ====================================================================== -->

<!-- ====================================================================== -->
<!-- ===================== - DO NOT EDIT THIS FILE! - ===================== -->
<!-- ====================================================================== -->
<!--                                                                        -->
<!-- Any modifications will be overwritten.                                 -->
<!--                                                                        -->
<!-- Generated by Maven Ant Plugin on 12/29/21 6:27 AM                      -->
<!-- See: http://maven.apache.org/plugins/maven-ant-plugin/                 -->
<!--                                                                        -->
<!-- ====================================================================== -->

<project name="commons-configuration2-from-maven" default="package" basedir=".">

  <!-- ====================================================================== -->
  <!-- Build environment properties                                           -->
  <!-- ====================================================================== -->

  <property file="${user.home}/.m2/maven.properties"/>
  <property file="maven-build.properties"/>

  <property name="maven.build.finalName" value="commons-configuration2-2.2-SNAPSHOT"/>
  <property name="maven.build.dir" value="target"/>
  <property name="maven.build.outputDir" value="${maven.build.dir}/classes"/>
  <property name="maven.build.srcDir.0" value="src/main/java"/>
  <property name="maven.build.resourceDir.0" value="src/main/resources"/>
  <property name="maven.build.resourceDir.1" value="."/>
  <property name="maven.build.testOutputDir" value="${maven.build.dir}/test-classes"/>
  <property name="maven.build.testDir.0" value="src/test/java"/>
  <property name="maven.build.testResourceDir.0" value="src/test/resources"/>
  <property name="maven.build.testResourceDir.1" value="src/main/resources"/>
  <property name="maven.build.testResourceDir.2" value="."/>
  <property name="maven.test.reports" value="${maven.build.dir}/test-reports"/>
  <property name="maven.reporting.outputDirectory" value="${maven.build.dir}/site"/>

  <property name="maven.repo.local" value="${user.home}/.m2/repository"/>
  <property name="maven.settings.offline" value="false"/>
  <property name="maven.settings.interactiveMode" value="true"/>

  <!-- ====================================================================== -->
  <!-- Defining classpaths                                                    -->
  <!-- ====================================================================== -->

  <path id="build.classpath">
    <pathelement location="${maven.repo.local}/org/apache/commons/commons-lang3/3.3.2/commons-lang3-3.3.2.jar"/>
    <pathelement location="${maven.repo.local}/commons-logging/commons-logging/1.2/commons-logging-1.2.jar"/>
    <pathelement location="${maven.repo.local}/commons-beanutils/commons-beanutils/1.9.3/commons-beanutils-1.9.3.jar"/>
    <pathelement location="${maven.repo.local}/commons-collections/commons-collections/3.2.2/commons-collections-3.2.2.jar"/>
    <pathelement location="${maven.repo.local}/commons-codec/commons-codec/1.10/commons-codec-1.10.jar"/>
    <pathelement location="${maven.repo.local}/org/apache/commons/commons-jexl/2.1.1/commons-jexl-2.1.1.jar"/>
    <pathelement location="${maven.repo.local}/org/apache/commons/commons-vfs2/2.1/commons-vfs2-2.1.jar"/>
    <pathelement location="${maven.repo.local}/commons-jxpath/commons-jxpath/1.3/commons-jxpath-1.3.jar"/>
    <pathelement location="${maven.repo.local}/xml-resolver/xml-resolver/1.2/xml-resolver-1.2.jar"/>
    <pathelement location="${maven.repo.local}/org/springframework/spring-core/4.2.5.RELEASE/spring-core-4.2.5.RELEASE.jar"/>
    <pathelement location="${maven.repo.local}/org/springframework/spring-beans/4.2.5.RELEASE/spring-beans-4.2.5.RELEASE.jar"/>
    <pathelement location="${maven.repo.local}/javax/servlet/servlet-api/2.4/servlet-api-2.4.jar"/>
    <pathelement location="${maven.repo.local}/xml-apis/xml-apis/1.0.b2/xml-apis-1.0.b2.jar"/>
    <pathelement location="${maven.repo.local}/log4j/log4j/1.2.17/log4j-1.2.17.jar"/>
  </path>
  <path id="build.test.classpath">
    <pathelement location="${maven.repo.local}/org/apache/commons/commons-lang3/3.3.2/commons-lang3-3.3.2.jar"/>
    <pathelement location="${maven.repo.local}/commons-logging/commons-logging/1.2/commons-logging-1.2.jar"/>
    <pathelement location="${maven.repo.local}/commons-beanutils/commons-beanutils/1.9.3/commons-beanutils-1.9.3.jar"/>
    <pathelement location="${maven.repo.local}/commons-collections/commons-collections/3.2.2/commons-collections-3.2.2.jar"/>
    <pathelement location="${maven.repo.local}/commons-codec/commons-codec/1.10/commons-codec-1.10.jar"/>
    <pathelement location="${maven.repo.local}/org/apache/commons/commons-jexl/2.1.1/commons-jexl-2.1.1.jar"/>
    <pathelement location="${maven.repo.local}/org/apache/commons/commons-vfs2/2.1/commons-vfs2-2.1.jar"/>
    <pathelement location="${maven.repo.local}/commons-jxpath/commons-jxpath/1.3/commons-jxpath-1.3.jar"/>
    <pathelement location="${maven.repo.local}/xml-resolver/xml-resolver/1.2/xml-resolver-1.2.jar"/>
    <pathelement location="${maven.repo.local}/org/springframework/spring-core/4.2.5.RELEASE/spring-core-4.2.5.RELEASE.jar"/>
    <pathelement location="${maven.repo.local}/org/springframework/spring-beans/4.2.5.RELEASE/spring-beans-4.2.5.RELEASE.jar"/>
    <pathelement location="${maven.repo.local}/org/springframework/spring-context/4.2.5.RELEASE/spring-context-4.2.5.RELEASE.jar"/>
    <pathelement location="${maven.repo.local}/org/springframework/spring-aop/4.2.5.RELEASE/spring-aop-4.2.5.RELEASE.jar"/>
    <pathelement location="${maven.repo.local}/aopalliance/aopalliance/1.0/aopalliance-1.0.jar"/>
    <pathelement location="${maven.repo.local}/org/springframework/spring-expression/4.2.5.RELEASE/spring-expression-4.2.5.RELEASE.jar"/>
    <pathelement location="${maven.repo.local}/org/springframework/spring-test/4.2.5.RELEASE/spring-test-4.2.5.RELEASE.jar"/>
    <pathelement location="${maven.repo.local}/javax/servlet/servlet-api/2.4/servlet-api-2.4.jar"/>
    <pathelement location="${maven.repo.local}/xerces/xercesImpl/2.6.2/xercesImpl-2.6.2.jar"/>
    <pathelement location="${maven.repo.local}/xml-apis/xml-apis/1.0.b2/xml-apis-1.0.b2.jar"/>
    <pathelement location="${maven.repo.local}/commons-dbcp/commons-dbcp/1.4/commons-dbcp-1.4.jar"/>
    <pathelement location="${maven.repo.local}/commons-pool/commons-pool/1.6/commons-pool-1.6.jar"/>
    <pathelement location="${maven.repo.local}/hsqldb/hsqldb/1.8.0.10/hsqldb-1.8.0.10.jar"/>
    <pathelement location="${maven.repo.local}/dbunit/dbunit/2.1/dbunit-2.1.jar"/>
    <pathelement location="${maven.repo.local}/junit/junit/4.11/junit-4.11.jar"/>
    <pathelement location="${maven.repo.local}/org/hamcrest/hamcrest-core/1.3/hamcrest-core-1.3.jar"/>
    <pathelement location="${maven.repo.local}/junit-addons/junit-addons/1.4/junit-addons-1.4.jar"/>
    <pathelement location="${maven.repo.local}/mockobjects/mockobjects-core/0.09/mockobjects-core-0.09.jar"/>
    <pathelement location="${maven.repo.local}/mockobjects/mockobjects-jdk1.4-j2ee1.3/0.09/mockobjects-jdk1.4-j2ee1.3-0.09.jar"/>
    <pathelement location="${maven.repo.local}/org/easymock/easymock/3.2/easymock-3.2.jar"/>
    <pathelement location="${maven.repo.local}/cglib/cglib-nodep/2.2.2/cglib-nodep-2.2.2.jar"/>
    <pathelement location="${maven.repo.local}/org/objenesis/objenesis/1.3/objenesis-1.3.jar"/>
    <pathelement location="${maven.repo.local}/javax/mail/mail/1.4/mail-1.4.jar"/>
    <pathelement location="${maven.repo.local}/javax/activation/activation/1.1/activation-1.1.jar"/>
    <pathelement location="${maven.repo.local}/log4j/log4j/1.2.17/log4j-1.2.17.jar"/>
    <pathelement location="${maven.repo.local}/org/slf4j/slf4j-api/1.7.7/slf4j-api-1.7.7.jar"/>
    <pathelement location="${maven.repo.local}/org/slf4j/slf4j-ext/1.7.7/slf4j-ext-1.7.7.jar"/>
    <pathelement location="${maven.repo.local}/ch/qos/cal10n/cal10n-api/0.8.1/cal10n-api-0.8.1.jar"/>
    <pathelement location="${maven.repo.local}/org/slf4j/slf4j-log4j12/1.7.7/slf4j-log4j12-1.7.7.jar"/>
  </path>

  <!-- ====================================================================== -->
  <!-- Cleaning up target                                                     -->
  <!-- ====================================================================== -->

  <target name="clean" description="Clean the output directory">
    <delete dir="${maven.build.dir}"/>
  </target>

  <!-- ====================================================================== -->
  <!-- Compilation target                                                     -->
  <!-- ====================================================================== -->

  <target name="compile" depends="get-deps" description="Compile the code">
    <mkdir dir="${maven.build.outputDir}"/>
    <javac destdir="${maven.build.outputDir}" 
           encoding="iso-8859-1" 
           nowarn="false" 
           debug="true" 
           optimize="false" 
           deprecation="true" 
           target="1.6" 
           verbose="false" 
           fork="false" 
           source="1.6">
      <src>
        <pathelement location="${maven.build.srcDir.0}"/>
      </src>
      <classpath refid="build.classpath"/>
    </javac>
    <copy todir="${maven.build.outputDir}">
      <fileset dir="${maven.build.resourceDir.0}"/>
    </copy>
    <mkdir dir="${maven.build.outputDir}/META-INF"/>
    <copy todir="${maven.build.outputDir}/META-INF">
      <fileset dir="${maven.build.resourceDir.1}">
        <include name="NOTICE.txt"/>
        <include name="LICENSE.txt"/>
      </fileset>
    </copy>
  </target>

  <!-- ====================================================================== -->
  <!-- Test-compilation target                                                -->
  <!-- ====================================================================== -->

  <target name="compile-tests" 
          depends="compile" 
          description="Compile the test code" 
          unless="maven.test.skip">
    <mkdir dir="${maven.build.testOutputDir}"/>
    <javac destdir="${maven.build.testOutputDir}" 
           encoding="iso-8859-1" 
           nowarn="false" 
           debug="true" 
           optimize="false" 
           deprecation="true" 
           target="1.6" 
           verbose="false" 
           fork="false" 
           source="1.6">
      <src>
        <pathelement location="${maven.build.testDir.0}"/>
      </src>
      <classpath>
        <path refid="build.test.classpath"/>
        <pathelement location="${maven.build.outputDir}"/>
      </classpath>
    </javac>
    <copy todir="${maven.build.testOutputDir}">
      <fileset dir="${maven.build.testResourceDir.0}"/>
    </copy>
    <copy todir="${maven.build.testOutputDir}">
      <fileset dir="${maven.build.testResourceDir.1}">
        <include name="*.dtd"/>
      </fileset>
    </copy>
    <mkdir dir="${maven.build.testOutputDir}/META-INF"/>
    <copy todir="${maven.build.testOutputDir}/META-INF">
      <fileset dir="${maven.build.testResourceDir.2}">
        <include name="NOTICE.txt"/>
        <include name="LICENSE.txt"/>
      </fileset>
    </copy>
  </target>

  <!-- ====================================================================== -->
  <!-- Run all tests                                                          -->
  <!-- ====================================================================== -->

  <target name="test" 
          depends="compile-tests, junit-missing" 
          unless="junit.skipped" 
          description="Run the test cases">
    <mkdir dir="${maven.test.reports}"/>
    <junit printSummary="yes" haltonerror="true" haltonfailure="true" fork="true" dir=".">
      <sysproperty key="basedir" value="."/>
      <formatter type="xml"/>
      <formatter type="plain" usefile="false"/>
      <classpath>
        <path refid="build.test.classpath"/>
        <pathelement location="${maven.build.outputDir}"/>
        <pathelement location="${maven.build.testOutputDir}"/>
      </classpath>
      <batchtest todir="${maven.test.reports}" unless="test">
        <fileset dir="${maven.build.testDir.0}">
          <include name="**/Test*.java"/>
          <include name="**/*Test.java"/>
          <include name="**/*TestCase.java"/>
          <exclude name="**/TestWebdavConfigurationBuilder.java"/>
        </fileset>
      </batchtest>
      <batchtest todir="${maven.test.reports}" if="test">
        <fileset dir="${maven.build.testDir.0}">
          <include name="**/${test}.java"/>
          <exclude name="**/TestWebdavConfigurationBuilder.java"/>
        </fileset>
      </batchtest>
    </junit>
  </target>

  <target name="test-junit-present">
    <available classname="junit.framework.Test" property="junit.present" classpathref="build.test.classpath"/>
  </target>

  <target name="test-junit-status" 
          depends="test-junit-present">
    <condition property="junit.missing">
      <and>
        <isfalse value="${junit.present}"/>
        <isfalse value="${maven.test.skip}"/>
      </and>
    </condition>
    <condition property="junit.skipped">
      <or>
        <isfalse value="${junit.present}"/>
        <istrue value="${maven.test.skip}"/>
      </or>
    </condition>
  </target>

  <target name="junit-missing" 
          depends="test-junit-status" 
          if="junit.missing">
    <echo>=================================== WARNING ===================================</echo>
    <echo> JUnit is not present in the test classpath or your $ANT_HOME/lib directory. Tests not executed.</echo>
    <echo>===============================================================================</echo>
  </target>

  <!-- ====================================================================== -->
  <!-- Javadoc target                                                         -->
  <!-- ====================================================================== -->

  <target name="javadoc" description="Generates the Javadoc of the application">
    <javadoc sourcepath="${maven.build.srcDir.0}" 
             packagenames="*" 
             destdir="${maven.reporting.outputDirectory}/apidocs" 
             access="protected" 
             old="false" 
             verbose="false" 
             encoding="iso-8859-1" 
             version="true" 
             use="true" 
             author="true" 
             splitindex="false" 
             nodeprecated="false" 
             nodeprecatedlist="false" 
             notree="false" 
             noindex="false" 
             nohelp="false" 
             nonavbar="false" 
             serialwarn="false" 
             charset="ISO-8859-1" 
             docencoding="iso-8859-1" 
             source="1.6" 
             linksource="true" 
             breakiterator="false">
      <link href="http://docs.oracle.com/javase/7/docs/api/"/>
      <link href="http://docs.oracle.com/javaee/6/api/"/>
    </javadoc>
  </target>

  <!-- ====================================================================== -->
  <!-- Package target                                                         -->
  <!-- ====================================================================== -->

  <target name="package" depends="compile,test" description="Package the application">
    <jar jarfile="${maven.build.dir}/${maven.build.finalName}.jar" 
         compress="true" 
         index="false" 
         manifest="/tmp/versions/initialize-revisions.pl_10796_1640788069/162b/target/osgi/MANIFEST.MF" 
         basedir="${maven.build.outputDir}" 
         excludes="**/package.html">
      <manifest>
        <attribute name="Main-Class"/>
      </manifest>
    </jar>
  </target>

  <!-- ====================================================================== -->
  <!-- A dummy target for the package named after the type it creates         -->
  <!-- ====================================================================== -->

  <target name="jar" depends="package" description="Builds the jar for the application"/>

  <!-- ====================================================================== -->
  <!-- Download dependencies target                                           -->
  <!-- ====================================================================== -->

  <target name="test-offline">
    <condition property="maven.mode.offline">
      <equals arg1="${maven.settings.offline}" arg2="true"/>
    </condition>
  </target>

  <target name="get-deps" 
          depends="test-offline" 
          description="Download all dependencies" 
          unless="maven.mode.offline">
    <mkdir dir="${maven.repo.local}"/>
    <mkdir dir="${maven.repo.local}/org/apache/commons/commons-lang3/3.3.2"/>
    <get src="https://repository.apache.org/snapshots/org/apache/commons/commons-lang3/3.3.2/commons-lang3-3.3.2.jar" 
         dest="${maven.repo.local}/org/apache/commons/commons-lang3/3.3.2/commons-lang3-3.3.2.jar" 
         usetimestamp="false" 
         ignoreerrors="true"/>
    <get src="https://repo.maven.apache.org/maven2/org/apache/commons/commons-lang3/3.3.2/commons-lang3-3.3.2.jar" 
         dest="${maven.repo.local}/org/apache/commons/commons-lang3/3.3.2/commons-lang3-3.3.2.jar" 
         usetimestamp="false" 
         ignoreerrors="true"/>
    <mkdir dir="${maven.repo.local}/commons-logging/commons-logging/1.2"/>
    <get src="https://repository.apache.org/snapshots/commons-logging/commons-logging/1.2/commons-logging-1.2.jar" 
         dest="${maven.repo.local}/commons-logging/commons-logging/1.2/commons-logging-1.2.jar" 
         usetimestamp="false" 
         ignoreerrors="true"/>
    <get src="https://repo.maven.apache.org/maven2/commons-logging/commons-logging/1.2/commons-logging-1.2.jar" 
         dest="${maven.repo.local}/commons-logging/commons-logging/1.2/commons-logging-1.2.jar" 
         usetimestamp="false" 
         ignoreerrors="true"/>
    <mkdir dir="${maven.repo.local}/commons-beanutils/commons-beanutils/1.9.3"/>
    <get src="https://repository.apache.org/snapshots/commons-beanutils/commons-beanutils/1.9.3/commons-beanutils-1.9.3.jar" 
         dest="${maven.repo.local}/commons-beanutils/commons-beanutils/1.9.3/commons-beanutils-1.9.3.jar" 
         usetimestamp="false" 
         ignoreerrors="true"/>
    <get src="https://repo.maven.apache.org/maven2/commons-beanutils/commons-beanutils/1.9.3/commons-beanutils-1.9.3.jar" 
         dest="${maven.repo.local}/commons-beanutils/commons-beanutils/1.9.3/commons-beanutils-1.9.3.jar" 
         usetimestamp="false" 
         ignoreerrors="true"/>
    <mkdir dir="${maven.repo.local}/commons-collections/commons-collections/3.2.2"/>
    <get src="https://repository.apache.org/snapshots/commons-collections/commons-collections/3.2.2/commons-collections-3.2.2.jar" 
         dest="${maven.repo.local}/commons-collections/commons-collections/3.2.2/commons-collections-3.2.2.jar" 
         usetimestamp="false" 
         ignoreerrors="true"/>
    <get src="https://repo.maven.apache.org/maven2/commons-collections/commons-collections/3.2.2/commons-collections-3.2.2.jar" 
         dest="${maven.repo.local}/commons-collections/commons-collections/3.2.2/commons-collections-3.2.2.jar" 
         usetimestamp="false" 
         ignoreerrors="true"/>
    <mkdir dir="${maven.repo.local}/commons-codec/commons-codec/1.10"/>
    <get src="https://repository.apache.org/snapshots/commons-codec/commons-codec/1.10/commons-codec-1.10.jar" 
         dest="${maven.repo.local}/commons-codec/commons-codec/1.10/commons-codec-1.10.jar" 
         usetimestamp="false" 
         ignoreerrors="true"/>
    <get src="https://repo.maven.apache.org/maven2/commons-codec/commons-codec/1.10/commons-codec-1.10.jar" 
         dest="${maven.repo.local}/commons-codec/commons-codec/1.10/commons-codec-1.10.jar" 
         usetimestamp="false" 
         ignoreerrors="true"/>
    <mkdir dir="${maven.repo.local}/org/apache/commons/commons-jexl/2.1.1"/>
    <get src="https://repository.apache.org/snapshots/org/apache/commons/commons-jexl/2.1.1/commons-jexl-2.1.1.jar" 
         dest="${maven.repo.local}/org/apache/commons/commons-jexl/2.1.1/commons-jexl-2.1.1.jar" 
         usetimestamp="false" 
         ignoreerrors="true"/>
    <get src="https://repo.maven.apache.org/maven2/org/apache/commons/commons-jexl/2.1.1/commons-jexl-2.1.1.jar" 
         dest="${maven.repo.local}/org/apache/commons/commons-jexl/2.1.1/commons-jexl-2.1.1.jar" 
         usetimestamp="false" 
         ignoreerrors="true"/>
    <mkdir dir="${maven.repo.local}/org/apache/commons/commons-vfs2/2.1"/>
    <get src="https://repository.apache.org/snapshots/org/apache/commons/commons-vfs2/2.1/commons-vfs2-2.1.jar" 
         dest="${maven.repo.local}/org/apache/commons/commons-vfs2/2.1/commons-vfs2-2.1.jar" 
         usetimestamp="false" 
         ignoreerrors="true"/>
    <get src="https://repo.maven.apache.org/maven2/org/apache/commons/commons-vfs2/2.1/commons-vfs2-2.1.jar" 
         dest="${maven.repo.local}/org/apache/commons/commons-vfs2/2.1/commons-vfs2-2.1.jar" 
         usetimestamp="false" 
         ignoreerrors="true"/>
    <mkdir dir="${maven.repo.local}/commons-jxpath/commons-jxpath/1.3"/>
    <get src="https://repository.apache.org/snapshots/commons-jxpath/commons-jxpath/1.3/commons-jxpath-1.3.jar" 
         dest="${maven.repo.local}/commons-jxpath/commons-jxpath/1.3/commons-jxpath-1.3.jar" 
         usetimestamp="false" 
         ignoreerrors="true"/>
    <get src="https://repo.maven.apache.org/maven2/commons-jxpath/commons-jxpath/1.3/commons-jxpath-1.3.jar" 
         dest="${maven.repo.local}/commons-jxpath/commons-jxpath/1.3/commons-jxpath-1.3.jar" 
         usetimestamp="false" 
         ignoreerrors="true"/>
    <mkdir dir="${maven.repo.local}/xml-resolver/xml-resolver/1.2"/>
    <get src="https://repository.apache.org/snapshots/xml-resolver/xml-resolver/1.2/xml-resolver-1.2.jar" 
         dest="${maven.repo.local}/xml-resolver/xml-resolver/1.2/xml-resolver-1.2.jar" 
         usetimestamp="false" 
         ignoreerrors="true"/>
    <get src="https://repo.maven.apache.org/maven2/xml-resolver/xml-resolver/1.2/xml-resolver-1.2.jar" 
         dest="${maven.repo.local}/xml-resolver/xml-resolver/1.2/xml-resolver-1.2.jar" 
         usetimestamp="false" 
         ignoreerrors="true"/>
    <mkdir dir="${maven.repo.local}/org/springframework/spring-core/4.2.5.RELEASE"/>
    <get src="https://repository.apache.org/snapshots/org/springframework/spring-core/4.2.5.RELEASE/spring-core-4.2.5.RELEASE.jar" 
         dest="${maven.repo.local}/org/springframework/spring-core/4.2.5.RELEASE/spring-core-4.2.5.RELEASE.jar" 
         usetimestamp="false" 
         ignoreerrors="true"/>
    <get src="https://repo.maven.apache.org/maven2/org/springframework/spring-core/4.2.5.RELEASE/spring-core-4.2.5.RELEASE.jar" 
         dest="${maven.repo.local}/org/springframework/spring-core/4.2.5.RELEASE/spring-core-4.2.5.RELEASE.jar" 
         usetimestamp="false" 
         ignoreerrors="true"/>
    <mkdir dir="${maven.repo.local}/org/springframework/spring-beans/4.2.5.RELEASE"/>
    <get src="https://repository.apache.org/snapshots/org/springframework/spring-beans/4.2.5.RELEASE/spring-beans-4.2.5.RELEASE.jar" 
         dest="${maven.repo.local}/org/springframework/spring-beans/4.2.5.RELEASE/spring-beans-4.2.5.RELEASE.jar" 
         usetimestamp="false" 
         ignoreerrors="true"/>
    <get src="https://repo.maven.apache.org/maven2/org/springframework/spring-beans/4.2.5.RELEASE/spring-beans-4.2.5.RELEASE.jar" 
         dest="${maven.repo.local}/org/springframework/spring-beans/4.2.5.RELEASE/spring-beans-4.2.5.RELEASE.jar" 
         usetimestamp="false" 
         ignoreerrors="true"/>
    <mkdir dir="${maven.repo.local}/org/springframework/spring-context/4.2.5.RELEASE"/>
    <get src="https://repository.apache.org/snapshots/org/springframework/spring-context/4.2.5.RELEASE/spring-context-4.2.5.RELEASE.jar" 
         dest="${maven.repo.local}/org/springframework/spring-context/4.2.5.RELEASE/spring-context-4.2.5.RELEASE.jar" 
         usetimestamp="false" 
         ignoreerrors="true"/>
    <get src="https://repo.maven.apache.org/maven2/org/springframework/spring-context/4.2.5.RELEASE/spring-context-4.2.5.RELEASE.jar" 
         dest="${maven.repo.local}/org/springframework/spring-context/4.2.5.RELEASE/spring-context-4.2.5.RELEASE.jar" 
         usetimestamp="false" 
         ignoreerrors="true"/>
    <mkdir dir="${maven.repo.local}/org/springframework/spring-aop/4.2.5.RELEASE"/>
    <get src="https://repository.apache.org/snapshots/org/springframework/spring-aop/4.2.5.RELEASE/spring-aop-4.2.5.RELEASE.jar" 
         dest="${maven.repo.local}/org/springframework/spring-aop/4.2.5.RELEASE/spring-aop-4.2.5.RELEASE.jar" 
         usetimestamp="false" 
         ignoreerrors="true"/>
    <get src="https://repo.maven.apache.org/maven2/org/springframework/spring-aop/4.2.5.RELEASE/spring-aop-4.2.5.RELEASE.jar" 
         dest="${maven.repo.local}/org/springframework/spring-aop/4.2.5.RELEASE/spring-aop-4.2.5.RELEASE.jar" 
         usetimestamp="false" 
         ignoreerrors="true"/>
    <mkdir dir="${maven.repo.local}/aopalliance/aopalliance/1.0"/>
    <get src="https://repository.apache.org/snapshots/aopalliance/aopalliance/1.0/aopalliance-1.0.jar" 
         dest="${maven.repo.local}/aopalliance/aopalliance/1.0/aopalliance-1.0.jar" 
         usetimestamp="false" 
         ignoreerrors="true"/>
    <get src="https://repo.maven.apache.org/maven2/aopalliance/aopalliance/1.0/aopalliance-1.0.jar" 
         dest="${maven.repo.local}/aopalliance/aopalliance/1.0/aopalliance-1.0.jar" 
         usetimestamp="false" 
         ignoreerrors="true"/>
    <mkdir dir="${maven.repo.local}/org/springframework/spring-expression/4.2.5.RELEASE"/>
    <get src="https://repository.apache.org/snapshots/org/springframework/spring-expression/4.2.5.RELEASE/spring-expression-4.2.5.RELEASE.jar" 
         dest="${maven.repo.local}/org/springframework/spring-expression/4.2.5.RELEASE/spring-expression-4.2.5.RELEASE.jar" 
         usetimestamp="false" 
         ignoreerrors="true"/>
    <get src="https://repo.maven.apache.org/maven2/org/springframework/spring-expression/4.2.5.RELEASE/spring-expression-4.2.5.RELEASE.jar" 
         dest="${maven.repo.local}/org/springframework/spring-expression/4.2.5.RELEASE/spring-expression-4.2.5.RELEASE.jar" 
         usetimestamp="false" 
         ignoreerrors="true"/>
    <mkdir dir="${maven.repo.local}/org/springframework/spring-test/4.2.5.RELEASE"/>
    <get src="https://repository.apache.org/snapshots/org/springframework/spring-test/4.2.5.RELEASE/spring-test-4.2.5.RELEASE.jar" 
         dest="${maven.repo.local}/org/springframework/spring-test/4.2.5.RELEASE/spring-test-4.2.5.RELEASE.jar" 
         usetimestamp="false" 
         ignoreerrors="true"/>
    <get src="https://repo.maven.apache.org/maven2/org/springframework/spring-test/4.2.5.RELEASE/spring-test-4.2.5.RELEASE.jar" 
         dest="${maven.repo.local}/org/springframework/spring-test/4.2.5.RELEASE/spring-test-4.2.5.RELEASE.jar" 
         usetimestamp="false" 
         ignoreerrors="true"/>
    <mkdir dir="${maven.repo.local}/javax/servlet/servlet-api/2.4"/>
    <get src="https://repository.apache.org/snapshots/javax/servlet/servlet-api/2.4/servlet-api-2.4.jar" 
         dest="${maven.repo.local}/javax/servlet/servlet-api/2.4/servlet-api-2.4.jar" 
         usetimestamp="false" 
         ignoreerrors="true"/>
    <get src="https://repo.maven.apache.org/maven2/javax/servlet/servlet-api/2.4/servlet-api-2.4.jar" 
         dest="${maven.repo.local}/javax/servlet/servlet-api/2.4/servlet-api-2.4.jar" 
         usetimestamp="false" 
         ignoreerrors="true"/>
    <mkdir dir="${maven.repo.local}/xerces/xercesImpl/2.6.2"/>
    <get src="https://repository.apache.org/snapshots/xerces/xercesImpl/2.6.2/xercesImpl-2.6.2.jar" 
         dest="${maven.repo.local}/xerces/xercesImpl/2.6.2/xercesImpl-2.6.2.jar" 
         usetimestamp="false" 
         ignoreerrors="true"/>
    <get src="https://repo.maven.apache.org/maven2/xerces/xercesImpl/2.6.2/xercesImpl-2.6.2.jar" 
         dest="${maven.repo.local}/xerces/xercesImpl/2.6.2/xercesImpl-2.6.2.jar" 
         usetimestamp="false" 
         ignoreerrors="true"/>
    <mkdir dir="${maven.repo.local}/xml-apis/xml-apis/1.0.b2"/>
    <get src="https://repository.apache.org/snapshots/xml-apis/xml-apis/1.0.b2/xml-apis-1.0.b2.jar" 
         dest="${maven.repo.local}/xml-apis/xml-apis/1.0.b2/xml-apis-1.0.b2.jar" 
         usetimestamp="false" 
         ignoreerrors="true"/>
    <get src="https://repo.maven.apache.org/maven2/xml-apis/xml-apis/1.0.b2/xml-apis-1.0.b2.jar" 
         dest="${maven.repo.local}/xml-apis/xml-apis/1.0.b2/xml-apis-1.0.b2.jar" 
         usetimestamp="false" 
         ignoreerrors="true"/>
    <mkdir dir="${maven.repo.local}/commons-dbcp/commons-dbcp/1.4"/>
    <get src="https://repository.apache.org/snapshots/commons-dbcp/commons-dbcp/1.4/commons-dbcp-1.4.jar" 
         dest="${maven.repo.local}/commons-dbcp/commons-dbcp/1.4/commons-dbcp-1.4.jar" 
         usetimestamp="false" 
         ignoreerrors="true"/>
    <get src="https://repo.maven.apache.org/maven2/commons-dbcp/commons-dbcp/1.4/commons-dbcp-1.4.jar" 
         dest="${maven.repo.local}/commons-dbcp/commons-dbcp/1.4/commons-dbcp-1.4.jar" 
         usetimestamp="false" 
         ignoreerrors="true"/>
    <mkdir dir="${maven.repo.local}/commons-pool/commons-pool/1.6"/>
    <get src="https://repository.apache.org/snapshots/commons-pool/commons-pool/1.6/commons-pool-1.6.jar" 
         dest="${maven.repo.local}/commons-pool/commons-pool/1.6/commons-pool-1.6.jar" 
         usetimestamp="false" 
         ignoreerrors="true"/>
    <get src="https://repo.maven.apache.org/maven2/commons-pool/commons-pool/1.6/commons-pool-1.6.jar" 
         dest="${maven.repo.local}/commons-pool/commons-pool/1.6/commons-pool-1.6.jar" 
         usetimestamp="false" 
         ignoreerrors="true"/>
    <mkdir dir="${maven.repo.local}/hsqldb/hsqldb/1.8.0.10"/>
    <get src="https://repository.apache.org/snapshots/hsqldb/hsqldb/1.8.0.10/hsqldb-1.8.0.10.jar" 
         dest="${maven.repo.local}/hsqldb/hsqldb/1.8.0.10/hsqldb-1.8.0.10.jar" 
         usetimestamp="false" 
         ignoreerrors="true"/>
    <get src="https://repo.maven.apache.org/maven2/hsqldb/hsqldb/1.8.0.10/hsqldb-1.8.0.10.jar" 
         dest="${maven.repo.local}/hsqldb/hsqldb/1.8.0.10/hsqldb-1.8.0.10.jar" 
         usetimestamp="false" 
         ignoreerrors="true"/>
    <mkdir dir="${maven.repo.local}/dbunit/dbunit/2.1"/>
    <get src="https://repository.apache.org/snapshots/dbunit/dbunit/2.1/dbunit-2.1.jar" 
         dest="${maven.repo.local}/dbunit/dbunit/2.1/dbunit-2.1.jar" 
         usetimestamp="false" 
         ignoreerrors="true"/>
    <get src="https://repo.maven.apache.org/maven2/dbunit/dbunit/2.1/dbunit-2.1.jar" 
         dest="${maven.repo.local}/dbunit/dbunit/2.1/dbunit-2.1.jar" 
         usetimestamp="false" 
         ignoreerrors="true"/>
    <mkdir dir="${maven.repo.local}/junit/junit/4.11"/>
    <get src="https://repository.apache.org/snapshots/junit/junit/4.11/junit-4.11.jar" 
         dest="${maven.repo.local}/junit/junit/4.11/junit-4.11.jar" 
         usetimestamp="false" 
         ignoreerrors="true"/>
    <get src="https://repo.maven.apache.org/maven2/junit/junit/4.11/junit-4.11.jar" 
         dest="${maven.repo.local}/junit/junit/4.11/junit-4.11.jar" 
         usetimestamp="false" 
         ignoreerrors="true"/>
    <mkdir dir="${maven.repo.local}/org/hamcrest/hamcrest-core/1.3"/>
    <get src="https://repository.apache.org/snapshots/org/hamcrest/hamcrest-core/1.3/hamcrest-core-1.3.jar" 
         dest="${maven.repo.local}/org/hamcrest/hamcrest-core/1.3/hamcrest-core-1.3.jar" 
         usetimestamp="false" 
         ignoreerrors="true"/>
    <get src="https://repo.maven.apache.org/maven2/org/hamcrest/hamcrest-core/1.3/hamcrest-core-1.3.jar" 
         dest="${maven.repo.local}/org/hamcrest/hamcrest-core/1.3/hamcrest-core-1.3.jar" 
         usetimestamp="false" 
         ignoreerrors="true"/>
    <mkdir dir="${maven.repo.local}/junit-addons/junit-addons/1.4"/>
    <get src="https://repository.apache.org/snapshots/junit-addons/junit-addons/1.4/junit-addons-1.4.jar" 
         dest="${maven.repo.local}/junit-addons/junit-addons/1.4/junit-addons-1.4.jar" 
         usetimestamp="false" 
         ignoreerrors="true"/>
    <get src="https://repo.maven.apache.org/maven2/junit-addons/junit-addons/1.4/junit-addons-1.4.jar" 
         dest="${maven.repo.local}/junit-addons/junit-addons/1.4/junit-addons-1.4.jar" 
         usetimestamp="false" 
         ignoreerrors="true"/>
    <mkdir dir="${maven.repo.local}/mockobjects/mockobjects-core/0.09"/>
    <get src="https://repository.apache.org/snapshots/mockobjects/mockobjects-core/0.09/mockobjects-core-0.09.jar" 
         dest="${maven.repo.local}/mockobjects/mockobjects-core/0.09/mockobjects-core-0.09.jar" 
         usetimestamp="false" 
         ignoreerrors="true"/>
    <get src="https://repo.maven.apache.org/maven2/mockobjects/mockobjects-core/0.09/mockobjects-core-0.09.jar" 
         dest="${maven.repo.local}/mockobjects/mockobjects-core/0.09/mockobjects-core-0.09.jar" 
         usetimestamp="false" 
         ignoreerrors="true"/>
    <mkdir dir="${maven.repo.local}/mockobjects/mockobjects-jdk1.4-j2ee1.3/0.09"/>
    <get src="https://repository.apache.org/snapshots/mockobjects/mockobjects-jdk1.4-j2ee1.3/0.09/mockobjects-jdk1.4-j2ee1.3-0.09.jar" 
         dest="${maven.repo.local}/mockobjects/mockobjects-jdk1.4-j2ee1.3/0.09/mockobjects-jdk1.4-j2ee1.3-0.09.jar" 
         usetimestamp="false" 
         ignoreerrors="true"/>
    <get src="https://repo.maven.apache.org/maven2/mockobjects/mockobjects-jdk1.4-j2ee1.3/0.09/mockobjects-jdk1.4-j2ee1.3-0.09.jar" 
         dest="${maven.repo.local}/mockobjects/mockobjects-jdk1.4-j2ee1.3/0.09/mockobjects-jdk1.4-j2ee1.3-0.09.jar" 
         usetimestamp="false" 
         ignoreerrors="true"/>
    <mkdir dir="${maven.repo.local}/org/easymock/easymock/3.2"/>
    <get src="https://repository.apache.org/snapshots/org/easymock/easymock/3.2/easymock-3.2.jar" 
         dest="${maven.repo.local}/org/easymock/easymock/3.2/easymock-3.2.jar" 
         usetimestamp="false" 
         ignoreerrors="true"/>
    <get src="https://repo.maven.apache.org/maven2/org/easymock/easymock/3.2/easymock-3.2.jar" 
         dest="${maven.repo.local}/org/easymock/easymock/3.2/easymock-3.2.jar" 
         usetimestamp="false" 
         ignoreerrors="true"/>
    <mkdir dir="${maven.repo.local}/cglib/cglib-nodep/2.2.2"/>
    <get src="https://repository.apache.org/snapshots/cglib/cglib-nodep/2.2.2/cglib-nodep-2.2.2.jar" 
         dest="${maven.repo.local}/cglib/cglib-nodep/2.2.2/cglib-nodep-2.2.2.jar" 
         usetimestamp="false" 
         ignoreerrors="true"/>
    <get src="https://repo.maven.apache.org/maven2/cglib/cglib-nodep/2.2.2/cglib-nodep-2.2.2.jar" 
         dest="${maven.repo.local}/cglib/cglib-nodep/2.2.2/cglib-nodep-2.2.2.jar" 
         usetimestamp="false" 
         ignoreerrors="true"/>
    <mkdir dir="${maven.repo.local}/org/objenesis/objenesis/1.3"/>
    <get src="https://repository.apache.org/snapshots/org/objenesis/objenesis/1.3/objenesis-1.3.jar" 
         dest="${maven.repo.local}/org/objenesis/objenesis/1.3/objenesis-1.3.jar" 
         usetimestamp="false" 
         ignoreerrors="true"/>
    <get src="https://repo.maven.apache.org/maven2/org/objenesis/objenesis/1.3/objenesis-1.3.jar" 
         dest="${maven.repo.local}/org/objenesis/objenesis/1.3/objenesis-1.3.jar" 
         usetimestamp="false" 
         ignoreerrors="true"/>
    <mkdir dir="${maven.repo.local}/javax/mail/mail/1.4"/>
    <get src="https://repository.apache.org/snapshots/javax/mail/mail/1.4/mail-1.4.jar" 
         dest="${maven.repo.local}/javax/mail/mail/1.4/mail-1.4.jar" 
         usetimestamp="false" 
         ignoreerrors="true"/>
    <get src="https://repo.maven.apache.org/maven2/javax/mail/mail/1.4/mail-1.4.jar" 
         dest="${maven.repo.local}/javax/mail/mail/1.4/mail-1.4.jar" 
         usetimestamp="false" 
         ignoreerrors="true"/>
    <mkdir dir="${maven.repo.local}/javax/activation/activation/1.1"/>
    <get src="https://repository.apache.org/snapshots/javax/activation/activation/1.1/activation-1.1.jar" 
         dest="${maven.repo.local}/javax/activation/activation/1.1/activation-1.1.jar" 
         usetimestamp="false" 
         ignoreerrors="true"/>
    <get src="https://repo.maven.apache.org/maven2/javax/activation/activation/1.1/activation-1.1.jar" 
         dest="${maven.repo.local}/javax/activation/activation/1.1/activation-1.1.jar" 
         usetimestamp="false" 
         ignoreerrors="true"/>
    <mkdir dir="${maven.repo.local}/log4j/log4j/1.2.17"/>
    <get src="https://repository.apache.org/snapshots/log4j/log4j/1.2.17/log4j-1.2.17.jar" 
         dest="${maven.repo.local}/log4j/log4j/1.2.17/log4j-1.2.17.jar" 
         usetimestamp="false" 
         ignoreerrors="true"/>
    <get src="https://repo.maven.apache.org/maven2/log4j/log4j/1.2.17/log4j-1.2.17.jar" 
         dest="${maven.repo.local}/log4j/log4j/1.2.17/log4j-1.2.17.jar" 
         usetimestamp="false" 
         ignoreerrors="true"/>
    <mkdir dir="${maven.repo.local}/org/slf4j/slf4j-api/1.7.7"/>
    <get src="https://repository.apache.org/snapshots/org/slf4j/slf4j-api/1.7.7/slf4j-api-1.7.7.jar" 
         dest="${maven.repo.local}/org/slf4j/slf4j-api/1.7.7/slf4j-api-1.7.7.jar" 
         usetimestamp="false" 
         ignoreerrors="true"/>
    <get src="https://repo.maven.apache.org/maven2/org/slf4j/slf4j-api/1.7.7/slf4j-api-1.7.7.jar" 
         dest="${maven.repo.local}/org/slf4j/slf4j-api/1.7.7/slf4j-api-1.7.7.jar" 
         usetimestamp="false" 
         ignoreerrors="true"/>
    <mkdir dir="${maven.repo.local}/org/slf4j/slf4j-ext/1.7.7"/>
    <get src="https://repository.apache.org/snapshots/org/slf4j/slf4j-ext/1.7.7/slf4j-ext-1.7.7.jar" 
         dest="${maven.repo.local}/org/slf4j/slf4j-ext/1.7.7/slf4j-ext-1.7.7.jar" 
         usetimestamp="false" 
         ignoreerrors="true"/>
    <get src="https://repo.maven.apache.org/maven2/org/slf4j/slf4j-ext/1.7.7/slf4j-ext-1.7.7.jar" 
         dest="${maven.repo.local}/org/slf4j/slf4j-ext/1.7.7/slf4j-ext-1.7.7.jar" 
         usetimestamp="false" 
         ignoreerrors="true"/>
    <mkdir dir="${maven.repo.local}/ch/qos/cal10n/cal10n-api/0.8.1"/>
    <get src="https://repository.apache.org/snapshots/ch/qos/cal10n/cal10n-api/0.8.1/cal10n-api-0.8.1.jar" 
         dest="${maven.repo.local}/ch/qos/cal10n/cal10n-api/0.8.1/cal10n-api-0.8.1.jar" 
         usetimestamp="false" 
         ignoreerrors="true"/>
    <get src="https://repo.maven.apache.org/maven2/ch/qos/cal10n/cal10n-api/0.8.1/cal10n-api-0.8.1.jar" 
         dest="${maven.repo.local}/ch/qos/cal10n/cal10n-api/0.8.1/cal10n-api-0.8.1.jar" 
         usetimestamp="false" 
         ignoreerrors="true"/>
    <mkdir dir="${maven.repo.local}/org/slf4j/slf4j-log4j12/1.7.7"/>
    <get src="https://repository.apache.org/snapshots/org/slf4j/slf4j-log4j12/1.7.7/slf4j-log4j12-1.7.7.jar" 
         dest="${maven.repo.local}/org/slf4j/slf4j-log4j12/1.7.7/slf4j-log4j12-1.7.7.jar" 
         usetimestamp="false" 
         ignoreerrors="true"/>
    <get src="https://repo.maven.apache.org/maven2/org/slf4j/slf4j-log4j12/1.7.7/slf4j-log4j12-1.7.7.jar" 
         dest="${maven.repo.local}/org/slf4j/slf4j-log4j12/1.7.7/slf4j-log4j12-1.7.7.jar" 
         usetimestamp="false" 
         ignoreerrors="true"/>
  </target>

</project>
