bug.id,revision.id.buggy,revision.id.fixed,report.id,report.url
1,3a70bdfab0e3b624d0e6910aaa7322ab56cfe763,ee8ef3345d5f62bee7c5fcb0651591fc7ecb9e75,TEMP-8,https://issues.apache.org/jira/browse
2,711f58e497bb9759fa4f34f40ab0ee9b3ef48e8a,eecd6ae89ada048cea11f8a18bd369e609eae33e,TEMP-8,https://issues.apache.org/jira/browse
3,cb590b38af2827acb4dc5ab3919415d3cc75d88c,db586baee29fc90f79898e9a274cc1bd585b5f53,TEMP-8,https://issues.apache.org/jira/browse
4,60a459abeaa5dee0010ee645072404b814a4041e,cec72ce690353c90f3867191d7e657ba59ed2612,TEMP-8,https://issues.apache.org/jira/browse
5,d4c3261cae390d5ff6c46be0cb2dde5a7095cef1,c55c6c891bcddecc5af0898c75d1853f9ecd4408,TEMP-8,https://issues.apache.org/jira/browse
6,696dbe907ffca38068ab0d1be2bb4b4c51e07d38,d4c3261cae390d5ff6c46be0cb2dde5a7095cef1,TEMP-8,https://issues.apache.org/jira/browse
7,dd9f8951419a0431f0c7f1bf65fd995e3c12e6d2,696dbe907ffca38068ab0d1be2bb4b4c51e07d38,TEMP-8,https://issues.apache.org/jira/browse
8,fa4f029fb82a98aa074914a6c936b51914f50e04,7e691897adafa5e5e847c259a88dfc81b8cec880,TEMP-8,https://issues.apache.org/jira/browse
9,627e1bb7f58c3ba2afb2f36574cbac65ff9f5654,d4d21480cd6ddc1c8b87dbfe8b630abc8afe6dbf,TEMP-8,https://issues.apache.org/jira/browse
10,849f9cea2293c071c2fc27d5046155aa4195fe10,9fff335f64ef0ebdc8f1558c6f43c6e1c907aaac,TEMP-8,https://issues.apache.org/jira/browse
11,f331a7d122ea31e844b16e37ff1711b633aa6214,d7119be63642c0cc862e636071b96daaa0b99ec0,TEMP-8,https://issues.apache.org/jira/browse
12,38f0ca92e38f214d346b7c363d12e42b4e01d0d0,8cece7223349341d5ab44234d1f62897cb849511,TEMP-8,https://issues.apache.org/jira/browse
13,e0b8b9495baf6d69ba7d773539faec09405c6014,29f1d08cebf3e13af884b6155988c0bf90dc51bf,TEMP-8,https://issues.apache.org/jira/browse
14,d9bd84f4fcda64628ffd908647cf09a986995163,5239909e088fe258cb4c665e4c1a3839189ed016,TEMP-8,https://issues.apache.org/jira/browse
15,0448caf45f46f8561c2cb05f524ffc437a7341df,4e2380bd5925e436266865ebf988d8362b675cc6,TEMP-8,https://issues.apache.org/jira/browse
16,4367229b6c6b56489442de4d1977e05660dd6188,0448caf45f46f8561c2cb05f524ffc437a7341df,TEMP-8,https://issues.apache.org/jira/browse
17,88220840b463a195406648a93189f0321a5aa7e5,be36da7838d75225b13c5ca6377b97ba61f20abb,TEMP-8,https://issues.apache.org/jira/browse
18,38ba1e94d401742173dce1e9f6e51ba079a66efc,88220840b463a195406648a93189f0321a5aa7e5,TEMP-8,https://issues.apache.org/jira/browse
19,e8f94d068c218587643c5bc75cfea099aee19a76,4246b887ba88dc0b2bc09e92c63fff97381b4a12,TEMP-592,https://issues.apache.org/jira/browse
20,98849ed240f948088c53bd727fa6e96d5221b183,13522d86f0b32aa7e2c5b4892f028c6fa4607c40,TEMP-5,https://issues.apache.org/jira/browse
21,e816ab756d3296d6de6c80b8589ba6fd2669b04b,5b56985334a63d63cdd9bbea30f225013302a7d3,TEMP-5,https://issues.apache.org/jira/browse
22,8bdf82c0a49ade31ef7a035962327c633ade5801,31d1738ccc57f86d8fd56ff5271cda82a65f01ee,TEMP-591,https://issues.apache.org/jira/browse
23,c3bc24b702f50a4747629c9eec12536390f3b970,2fe5825828f7a96b0676d11972f9a13892075b4d,TEMP-584,https://issues.apache.org/jira/browse
24,502dc97e620423f84b782f145623ea97fdc510df,f8b01d11a64f985aea436d743f0879c3fe8dba59,TEMP-582,https://issues.apache.org/jira/browse
25,9450bcc7eefa2d6acf1bdbf49740934a6426cf5e,ae2b27cc011f47f0289cb24a11f2d4f1db711f8a,TEMP-542,https://issues.apache.org/jira/browse
26,bf5a5346ae04b9d2a5b0356ca75f11dcc8d94789,5761493cbaf7a7d608a3b68f4d61aaa822dbeb4f,TEMP-542,https://issues.apache.org/jira/browse
27,60d551a748236d7f4651a4ae88d5a351f7c5754b,bf5a5346ae04b9d2a5b0356ca75f11dcc8d94789,TEMP-542,https://issues.apache.org/jira/browse
28,23b758fbe071f58eb2625e50166351bdb5983f13,60d551a748236d7f4651a4ae88d5a351f7c5754b,TEMP-542,https://issues.apache.org/jira/browse
29,c51de6cfaec75b21566374158f25e1734c3a94cb,0aba8b8fd8053ae323f15d736d1762b2161c76a6,TEMP-542,https://issues.apache.org/jira/browse
30,8bae05c63549d086b80b81197f72afb290e63c39,c51de6cfaec75b21566374158f25e1734c3a94cb,TEMP-542,https://issues.apache.org/jira/browse
31,8a825f0c829471a5bac52dcd72bfa854dc1613a3,8bae05c63549d086b80b81197f72afb290e63c39,TEMP-542,https://issues.apache.org/jira/browse
32,56720646af04a7b2102c14a07708bd4ac72a9dc8,26924e96c7730db014c310757e11c9359db07f3e,TEMP-542,https://issues.apache.org/jira/browse
33,464ba19a1f41f66830a18bef6910c825c957ddf9,5fc625d91c883f3e7c99f9e27ab78ffdbb3f5ae9,TEMP-542,https://issues.apache.org/jira/browse
34,80e5a46d4fe0bd9ff4700b7adddc7cc4b277809d,41359f56e62d41ed59493cdcbaa5d52d0f89fbb9,TEMP-542,https://issues.apache.org/jira/browse
35,b70af2052a3a6c1badf8a205e50315e7d0fffe32,80e5a46d4fe0bd9ff4700b7adddc7cc4b277809d,TEMP-542,https://issues.apache.org/jira/browse
36,b05ed497feadf0fc69f49eb23d6b37d0509d7855,b1cbfdd99eb96f1d9e87593747ea8b0fdbb2cce1,TEMP-567,https://issues.apache.org/jira/browse
37,82891935174bd58b77c44fdea40580a1717a480b,b05ed497feadf0fc69f49eb23d6b37d0509d7855,TEMP-567,https://issues.apache.org/jira/browse
38,8542c8119f44a8ae1999dde077096f68d882f36f,d15c285941351958a902265aeacdc151fa98c127,TEMP-567,https://issues.apache.org/jira/browse
39,8046bd27c09651cfc6b5f153171a87ce48b009c7,de39b85b6d74031fb3a5c269d80be1f1253d1c91,TEMP-567,https://issues.apache.org/jira/browse
40,cf4608bc5752c066d6902d7eb075f6c6da57c397,004e87375572d459ff51c19fe35aa83685cc0cd0,TEMP-567,https://issues.apache.org/jira/browse
41,864588382b21a5ea80d03e4e34fe6756ea8b131c,30ff58d0f120b01e74db83eaee9f819fcf840843,TEMP-567,https://issues.apache.org/jira/browse
42,bcc009cb6b0eac4166ca472aa2293e11889075f9,32509ee94cef4d34ee6e1e82bd044331036ae273,TEMP-567,https://issues.apache.org/jira/browse
43,d15c285941351958a902265aeacdc151fa98c127,f4b5586835e56373d6099c44a8be58a77efe5db4,TEMP-565,https://issues.apache.org/jira/browse
44,fdeacdb6d9eefb24f5ff29cdb4561aebc8d5b9ae,04ed3f17af88ec3910d8d62c6a42fcfffb894d25,TEMP-565,https://issues.apache.org/jira/browse
45,0aba8b8fd8053ae323f15d736d1762b2161c76a6,23b758fbe071f58eb2625e50166351bdb5983f13,TEMP-552,https://issues.apache.org/jira/browse
46,5aa752abba121763d09a2ef845d106bb86b395f4,30a775050eb63d0572db762776397e45a61cd034,TEMP-552,https://issues.apache.org/jira/browse
47,ad403183376fdd12881cc8fd48eab73e56334afd,864588382b21a5ea80d03e4e34fe6756ea8b131c,TEMP-575,https://issues.apache.org/jira/browse
48,2887391296216e5196921f04bea8cd834843cfe2,f196253cc9794ac682679854e68c3184ab938618,TEMP-575,https://issues.apache.org/jira/browse
49,c7c1a8b561bb94dc1154ac654cb957e807a21d77,2887391296216e5196921f04bea8cd834843cfe2,TEMP-575,https://issues.apache.org/jira/browse
50,ef765af60786caf58be3efcf1fe84620bf4f2872,ecf514b46342c783586c2703a5b0f371092933c3,TEMP-575,https://issues.apache.org/jira/browse
51,61615b31c57fd96e122a70bd823e155117422328,ef765af60786caf58be3efcf1fe84620bf4f2872,TEMP-575,https://issues.apache.org/jira/browse
52,d4db6e5274a9b777ad1c2a8b96426a785baa3f02,61615b31c57fd96e122a70bd823e155117422328,TEMP-575,https://issues.apache.org/jira/browse
53,d2d1834f13f0056d3f23e4fe074939fcdbe55d5c,65a5c75c015e332adf99ef033311b2642b106c38,TEMP-571,https://issues.apache.org/jira/browse
54,5c5f8a89e91b95c0ba984549b5804289f55b8200,851dbed488159488420607924d86147b5f99d24f,TEMP-569,https://issues.apache.org/jira/browse
55,8543b030e93fa71b6093ac7d4cdb8c4e98bfd63d,5c5f8a89e91b95c0ba984549b5804289f55b8200,TEMP-569,https://issues.apache.org/jira/browse
56,46eab6b1e90d9dd6c4f7898f41ff4a05ef68b0da,8543b030e93fa71b6093ac7d4cdb8c4e98bfd63d,TEMP-569,https://issues.apache.org/jira/browse
57,3b7f0aedf936792903bd721edb59418b057091bc,6270ff564f88804757d859cd4fb1b989df1021d9,TEMP-553,https://issues.apache.org/jira/browse
58,8a65cc9f7db7a851af562c7d098bb06283b64a85,555daa4e9bfca0df3449f5484d5b87a5194a5abd,TEMP-553,https://issues.apache.org/jira/browse
59,57e2b28baddbd4c7abb4be590d7d9d7ecaf9e54f,3b7f0aedf936792903bd721edb59418b057091bc,TEMP-554,https://issues.apache.org/jira/browse
60,a0ec219e19bb219776425e2e6b87ae3c6394acd1,319a848ce71953ace6977f9b2dc505f24576addc,TEMP-554,https://issues.apache.org/jira/browse
61,9f7c5aa03075bda181a7a06ea47d110665979eb8,57e2b28baddbd4c7abb4be590d7d9d7ecaf9e54f,TEMP-544,https://issues.apache.org/jira/browse
62,b92728060ae6b82904d7d1453b05223f2917fc73,870b54cd922cbeb73d945a24d4a5d6df49672ca8,TEMP-544,https://issues.apache.org/jira/browse
63,6383b06ebe04efe06d20888c00eeeebe27782fc3,b92728060ae6b82904d7d1453b05223f2917fc73,TEMP-544,https://issues.apache.org/jira/browse
64,0bff34c1b409b10f4066ced3e146ed8ae0ad0fe9,b86feb61e7d96e36c9348b4c4ac9ead331fc714a,TEMP-560,https://issues.apache.org/jira/browse
65,6c5384984df236ba5f5d75a5c36031c4f03250f9,4f52e4a712ec47bd8360fee5e14dc591ed27ba85,TEMP-558,https://issues.apache.org/jira/browse
66,3b28227a5ebed06f15e5706a4d5801c46549d72c,4eb3bbe8e95f5e3b6388b1e8db28b862cc712294,TEMP-547,https://issues.apache.org/jira/browse
67,4ede2949c0d6d16d41fcac857992ffb54910d87e,08d754cce4bb9a3bc30467e965ab86c64473e032,TEMP-548,https://issues.apache.org/jira/browse
68,4bc900548ec0d10e7e9f6cb12e9a0a4a328544b1,92d9df3320d00dee0edef8290ef325bc83b9255a,TEMP-129,https://issues.apache.org/jira/browse
69,33dcf854969fc6fdc35fb203a70fe5745c6946d8,a9bd2e2984b4c6c0cbd094d11d3a9d07640d5667,TEMP-129,https://issues.apache.org/jira/browse
70,1f439f3786b173db99a606c2f6a037f3785d6874,3f1a7c496cb915dd2f4205fe236f5b6a633dd4b8,TEMP-129,https://issues.apache.org/jira/browse
71,f4498cd590a7132a8512a053ecec83c0a21f9810,c244d8ef98990b5100b82967388ed735c8ee69d3,TEMP-7,https://issues.apache.org/jira/browse
72,7a8f3c379fdb17fc57484123a5a81b4aeb4cb234,69f38e81872d70705fd7919df3d771f28c22dadc,TEMP-7,https://issues.apache.org/jira/browse
73,f5a98515ef3b0b5a1318fb6c89cd57177e1e40a4,b3c6bf720c1520276c927bb38b321d22a654590b,TEMP-7,https://issues.apache.org/jira/browse
74,40f2e6380094ebfdc73e4adaf4059b80e1327aad,b90b1f445d5b2317360b797afae22ecfccbdac94,TEMP-7,https://issues.apache.org/jira/browse
75,5fc625d91c883f3e7c99f9e27ab78ffdbb3f5ae9,20f2dfbc48a18d8cce8f95005d067752c0bef31f,TEMP-546,https://issues.apache.org/jira/browse
76,101137bfa0f3ae709c2a2771368b190ceb899ea0,893b441d761a445a65940b6fbd2dd5572516aa32,TEMP-539,https://issues.apache.org/jira/browse
77,9b2e7874216392829f4feb261aefe1fa2deeb2e5,101137bfa0f3ae709c2a2771368b190ceb899ea0,TEMP-539,https://issues.apache.org/jira/browse
78,b13c93182365253fc16a1bac4d46ad6e946bf568,67356a270ae9553e09dfd6b2ad8ae6e792b5a886,TEMP-529,https://issues.apache.org/jira/browse
79,6bbc7cb147d57c3db812be17d462a802ee46e26c,36773d948e9a220c1dc3abec3d2028b0879a7766,TEMP-529,https://issues.apache.org/jira/browse
80,b8a0b54c59191cb8338585eab055897737730a9e,8d969d60536b8878f73fd494c517de5d18be9d89,TEMP-529,https://issues.apache.org/jira/browse
81,ae0a15cc301e827a6139af03bfe911c2f919a47c,b8a0b54c59191cb8338585eab055897737730a9e,TEMP-529,https://issues.apache.org/jira/browse
82,e4eccde3c67483a22523be8a90d188e5416de921,6bbc7cb147d57c3db812be17d462a802ee46e26c,TEMP-532,https://issues.apache.org/jira/browse
83,84ca24bd001153f45d1e9f97b1b45090fb340ece,e4eccde3c67483a22523be8a90d188e5416de921,TEMP-531,https://issues.apache.org/jira/browse
84,b8cd5416ecf0074199a3eeb49c714bdb3e70318d,84ca24bd001153f45d1e9f97b1b45090fb340ece,TEMP-530,https://issues.apache.org/jira/browse
85,8d969d60536b8878f73fd494c517de5d18be9d89,5e02ee762b8443187b74801e18eddb845fec48db,TEMP-530,https://issues.apache.org/jira/browse
86,706c06e41f59e1806e7473df93246fdcd3c872c7,d5d9862870e1c7e7110418d97665fdda717babad,TEMP-530,https://issues.apache.org/jira/browse
87,aa1bc8720d1186aeb03efff3f7f26cf2d76d2c6a,e176d4b7d2a818dd7550c9dcb16250c3470869f2,TEMP-526,https://issues.apache.org/jira/browse
88,ea37bc163ecd6dfa9e0ec4935f4f0d1557c30b4d,aa1bc8720d1186aeb03efff3f7f26cf2d76d2c6a,TEMP-521,https://issues.apache.org/jira/browse
89,1d805661b4efad521d9ebd42a51bd2d1faafb520,ea37bc163ecd6dfa9e0ec4935f4f0d1557c30b4d,TEMP-519,https://issues.apache.org/jira/browse
90,1793167ce82c43b8ca15cee53fd96e164345607a,2ea0e4647c6826bea9b04acb104a2954003e8b5c,TEMP-523,https://issues.apache.org/jira/browse
91,e2b9f6445330be3ae98fe14404e31366a5557825,f71d3ddd9f9ab2b6c4c072168451e6f72920398f,TEMP-517,https://issues.apache.org/jira/browse
92,c3f6b4a5eab979d6e8fac632381b09469c0f9405,3497dcbcf332cd932604713984edbb04965b0281,TEMP-516,https://issues.apache.org/jira/browse
93,9e4238713c9a8f9ef16edb1022f81531a705adbc,c3f6b4a5eab979d6e8fac632381b09469c0f9405,TEMP-514,https://issues.apache.org/jira/browse
94,46a5be14a2c4971da1b4595aaa703a9e54dc97f6,9e4238713c9a8f9ef16edb1022f81531a705adbc,TEMP-514,https://issues.apache.org/jira/browse
95,69de512db43c9ca35da11664a1502702353a6fdd,7cb298d943ec1a2811f1472824b7724d580a9217,TEMP-509,https://issues.apache.org/jira/browse
96,1e6fd140c081fc50b62c628bec259f2d88417ebf,69de512db43c9ca35da11664a1502702353a6fdd,TEMP-510,https://issues.apache.org/jira/browse
97,ff5782a89d44d731bda560ae5938d6603d57deb5,1e6fd140c081fc50b62c628bec259f2d88417ebf,TEMP-510,https://issues.apache.org/jira/browse
98,9ea37ac9f06cc7c059a7389c6787d6e7ef4b1b0a,aeb809c787dbf2c25dec76a92ac823b338cf721d,TEMP-505,https://issues.apache.org/jira/browse
99,1e8d131ec08ae418f0140d8166d452dff6739937,ccf4f3d856f4ec7f62644bf0a8e0ad6bc155b1f9,TEMP-505,https://issues.apache.org/jira/browse
100,2dbdb7b8278e4e9df0a3754b7335325e6e275155,ef43074d7b95c0a43d0f5b8d05d562947b0c2fba,TEMP-90,https://issues.apache.org/jira/browse
101,cc84bf40e14ef857c1abe69a34cd4dcb31d4a9bc,5b3d609df16bddf6b0ce85532214ca32b5676bfa,TEMP-90,https://issues.apache.org/jira/browse
102,3449298549c1f59bebb262b476fe42170010cb48,af63d69043348dcb24d76adcde0e6db61e6657b3,TEMP-499,https://issues.apache.org/jira/browse
103,992ecf3c0a70ab1646d3689b9ac60844a5d603cf,dfa9ed3712097c10765301b15d720f867c4a061d,TEMP-84,https://issues.apache.org/jira/browse
104,26b78cecfc1ca0e5daf03109b2c441f960bde678,205876d6f9eb60ac31f3ec848b23d025f32995ab,TEMP-495,https://issues.apache.org/jira/browse
105,fbaba0eab63bae94c865e6ba91295b79c8e8cbc1,9eeea3f3c0b4abbdb357200d0f3ba8e4863545e7,TEMP-491,https://issues.apache.org/jira/browse
106,d3a0a309d902e3639654731e07ccfb51fed9688a,2488a44faec06a91ae52652407fb0a881ed217d2,TEMP-491,https://issues.apache.org/jira/browse
107,277d6a0c2820548fd97748ec6aff92ceceb1fd35,d3a0a309d902e3639654731e07ccfb51fed9688a,TEMP-491,https://issues.apache.org/jira/browse
108,ab7809b5c3de7a370a70f8236ec3f5c10c6383e2,277d6a0c2820548fd97748ec6aff92ceceb1fd35,TEMP-492,https://issues.apache.org/jira/browse
109,f5d0bb1e287038de05415ca65145d82166a7bf0f,d88aa2236a7cb4f46f0cf9bacf419c8cbebc0e2a,TEMP-479,https://issues.apache.org/jira/browse
110,6b8ae855e41aa1c0e7e07c72d384c5ce88f67999,dd0063a0ee0349dcbd71c2e0ac7341df7dec6742,TEMP-479,https://issues.apache.org/jira/browse
111,60a389c2ffa88f5a5de9e902ac2cfdf17fb57993,923aa6ee0a46706d35a7d12c47e72bd1c3efc8f2,TEMP-479,https://issues.apache.org/jira/browse
112,1f5fed36ffbe5c58186239d428589b8437011931,60a389c2ffa88f5a5de9e902ac2cfdf17fb57993,TEMP-479,https://issues.apache.org/jira/browse
113,2bf678bbc6c6002569559b90ea29a031f035f067,f43c608cf422817a3280cb2a2cbe749ee090d9d3,TEMP-479,https://issues.apache.org/jira/browse
114,88e26c9ffac61713372378c6f0225cd1a8b676e9,73d237f35106a50d0230e1fc22c0ac5c78ebbba8,TEMP-479,https://issues.apache.org/jira/browse
115,0c4f64c2bebd85a96be8a07b1ad700c7688cbe02,88e26c9ffac61713372378c6f0225cd1a8b676e9,TEMP-479,https://issues.apache.org/jira/browse
116,8cc87c6fef9abfe6553bbad7ba47257c2d57848a,0c4f64c2bebd85a96be8a07b1ad700c7688cbe02,TEMP-479,https://issues.apache.org/jira/browse
117,40b1d2fb8ff2eb4374eda8169524fade205a5e6c,8cc87c6fef9abfe6553bbad7ba47257c2d57848a,TEMP-479,https://issues.apache.org/jira/browse
118,82986dd12fc255d218a6454364a50eb9ae3f812d,d3ed06a07b880fca2ef2610ba1f3d33f7f566caa,TEMP-482,https://issues.apache.org/jira/browse
119,ad9b4244607aaca0eb77c54219515c28c52839e7,82986dd12fc255d218a6454364a50eb9ae3f812d,TEMP-482,https://issues.apache.org/jira/browse
120,91c2f0df50e86c65131cf9b83f1cba2e10c9786f,1a14a23a05f7104e3d41a25a0f7e78ae1556285e,TEMP-486,https://issues.apache.org/jira/browse
121,317bd054a7a843405b24a90f312cb72251a05919,91c2f0df50e86c65131cf9b83f1cba2e10c9786f,TEMP-486,https://issues.apache.org/jira/browse
122,66356617415d2642a50ebd0c73f376fa621ab87d,d50308367fa7238c20b9db63469000aa2906d18f,TEMP-490,https://issues.apache.org/jira/browse
123,1f4ae17ba0753bd9fa1ec0c188c579b52ba19ba5,58364058bd2903ebd1568f6df22161e142a0dc86,TEMP-490,https://issues.apache.org/jira/browse
124,6e47be35fca595d8637441a578e29045b329c611,76f428958f83348692a67e9f41b86cbc7ee83878,TEMP-475,https://issues.apache.org/jira/browse
125,5417fb4ec02113ddcf7435ea3a48be8b8ae4d3cc,f132d6c50285b7a7652909aa85a5afdb3b828939,TEMP-470,https://issues.apache.org/jira/browse
126,979260717c1a4730e49a094e02c9c873946e1237,2f75fbb5269bd5b2c7b799b7a4f93992fa1f9196,TEMP-470,https://issues.apache.org/jira/browse
127,7a3889d47b76b248deb4ae6d3c71cf7cf48dc734,fd69d8ca2212d373a5a8f220530e8c0fa17ddf3b,TEMP-469,https://issues.apache.org/jira/browse
128,a41ce6892cb0590b2e658704434ac0dbcb6834c8,ba53647bf0fa16501445c7ec50d0ffa4a8288eff,TEMP-462,https://issues.apache.org/jira/browse
129,64ed6dde03afbef6715fdfdeab5fc04be6192899,a41ce6892cb0590b2e658704434ac0dbcb6834c8,TEMP-463,https://issues.apache.org/jira/browse
130,430e1267633bf2db0ee1c833c0c5f61f4a45702d,6f8c4960c2af25b7e4b36473d81fe652490dbbeb,TEMP-459,https://issues.apache.org/jira/browse
131,72bfc1247553bdd2711d6bb27a7179be86ded4f1,c8ee9f781900f874b075433141de779723b3e110,TEMP-459,https://issues.apache.org/jira/browse
132,17575b8836ba18201ac7b839aeb432421b0c89bf,72bfc1247553bdd2711d6bb27a7179be86ded4f1,TEMP-459,https://issues.apache.org/jira/browse
133,53f6d42f748d771d5269aec5c377d5058e8cdf4c,af6fe141036d30bfd1613758b7a9fb413bf2bafc,TEMP-455,https://issues.apache.org/jira/browse
134,a1d952c23f4fd1b9aaf94abfaf92218756d865d5,c2ace88644826c227191ca52c8d4372a13605e50,TEMP-454,https://issues.apache.org/jira/browse
135,4224709bc3aa602135da6aa73c783e0d9d6f6ee8,e8c44e6090536bb4603d2c478724a7675e0a99fc,TEMP-453,https://issues.apache.org/jira/browse
136,6c52485cad4b718da71b959eed962680d0676f43,4224709bc3aa602135da6aa73c783e0d9d6f6ee8,TEMP-453,https://issues.apache.org/jira/browse
137,ff10aeaaf2e4c343e0182840fb6e154577d1fd6c,0aeda4fcc3c6de7109acd8cf78f8779654b9f771,TEMP-451,https://issues.apache.org/jira/browse
138,7778533696b9644be3680228f25fce21e680e364,bd3e6cf204f249c2d60eca2268c8b9f402149f1b,TEMP-447,https://issues.apache.org/jira/browse
139,0437b1845c7f541ded1bcf775f8fe7eb3510c027,8faba69945721e10b2bea0acda2db53298ffa124,TEMP-446,https://issues.apache.org/jira/browse
140,a12adc3627ae39baecd132906c05484fee40efe8,c66db899cb061c79934986f0efa19a50ca33703f,TEMP-436,https://issues.apache.org/jira/browse
141,87a3cfaf42bc8bdbbde3815947e2b8b4c267beee,07ed545022f30604d0a4fc4ad5e4866e24e6a172,TEMP-1,https://issues.apache.org/jira/browse
142,42216000561c9b19bc258e337738ac125e5e6a06,46f57bf93d140737fcce830f83c962a309fa5a1a,TEMP-1,https://issues.apache.org/jira/browse
143,57b38e76fe803774061bc3fd529fb6fa853517e8,692e7ee9948375f1f4a52b599e40c22960b7488e,TEMP-1,https://issues.apache.org/jira/browse
144,344708bd21f2668df683abdf9387f92aa0e75168,d31dc3696c0c7bbd9c9f7e662b30db6ed15bfe4c,TEMP-1,https://issues.apache.org/jira/browse
145,f72a88ca6ad351c8ba7343c51ba8944194f7ac3e,a20cf4b83cc75f02ec6c119d256ac7daf1d4ca17,TEMP-1,https://issues.apache.org/jira/browse
146,cca0e6e5341aacddefd4c4d36cef7cbdbc2a8777,fdd7459bc5470e90024dbe762249166481cce769,TEMP-1,https://issues.apache.org/jira/browse
147,ea31005111f0abede7e43e4ba0012e62e0808b22,cca0e6e5341aacddefd4c4d36cef7cbdbc2a8777,TEMP-1,https://issues.apache.org/jira/browse
148,a08cda7eb618fcf15a4bfa157b4227d6dfd0bf74,d85f9dee0a0c93b2a967fcab902615d09f55d61d,TEMP-1,https://issues.apache.org/jira/browse
149,f08fadf1aa8c2092b2fd25fabdc9ee02cf1b0c8c,53c08f4580b75c6ce48196f76b0e40e23dccf113,TEMP-1,https://issues.apache.org/jira/browse
150,2b9b452ba94872adb5d2bddd1a646261bf27b5e4,db7f5772a0ec79a99a09871a84667145a2865c83,TEMP-1,https://issues.apache.org/jira/browse
151,c3097e6019ef2b1b61b4a8f2d0fca6970f16a29a,853176f58997feb2fa6af5bd4ff442ab08d17ef8,TEMP-1,https://issues.apache.org/jira/browse
152,4ba374a86f76f4be48acb2491abc55952b0c1285,ca01ec476d1b2bd659ec7400fd55635d62b64b52,TEMP-1,https://issues.apache.org/jira/browse
153,34b75c6f0ac96df0221bfbd11cafdc62dc0baa79,ccf4ce767a6cc07f1a88a0c33393e394af3c328b,TEMP-424,https://issues.apache.org/jira/browse
154,dcb0486fb4cb2b6592c04d6ec2edbd3f690df5f2,2a2f1dc48e22a34ddb72321a4db211da91aa933b,TEMP-432,https://issues.apache.org/jira/browse
155,78cb9bf36dab81e15887f451fbc964cf57e94739,dcb0486fb4cb2b6592c04d6ec2edbd3f690df5f2,TEMP-433,https://issues.apache.org/jira/browse
156,10ff1c341d37da1cdb2a9ecb280a7e73670c00f5,ff0e842058091b3310340f51a130a65a1cf6f725,TEMP-430,https://issues.apache.org/jira/browse
157,6081e2630a3c6aa4a0ec52156079ddc2a7254cd8,002d7bf508ee59f23a04a9f21d02e9673dd38a71,TEMP-417,https://issues.apache.org/jira/browse
158,cd1d329dba95dae161317c123269c24282001a66,8251cd68f4db4bd56d88646e10d34ef4a1fdf90f,TEMP-416,https://issues.apache.org/jira/browse
159,d0595b7121f57f1f49fe7fdc384479dd73ad64f5,cd1d329dba95dae161317c123269c24282001a66,TEMP-416,https://issues.apache.org/jira/browse
160,992911d0fcd230497ee3fc50dcf49042b7372a47,d0595b7121f57f1f49fe7fdc384479dd73ad64f5,TEMP-416,https://issues.apache.org/jira/browse
161,55ef5769b0e1da0e35c41a954cae601244e87d69,446843e14a7be6d921bd0076d65092829bed3216,TEMP-415,https://issues.apache.org/jira/browse
162,137aa57f9291b5f390de740266042587cfede7ce,02735ad7e6313515a846bc15bcc89cf254f8161f,TEMP-411,https://issues.apache.org/jira/browse
163,6b2bd2df127be522a18d044980e84a8b638f25b7,2c8892a206c9374b0cde6fce72299b0fe630f3a0,TEMP-411,https://issues.apache.org/jira/browse
164,8c3201bbd8f10d5162443aa617a7711219f55d46,6b2bd2df127be522a18d044980e84a8b638f25b7,TEMP-411,https://issues.apache.org/jira/browse
165,b53ead4b43c6c248b1a39f4a1cce7a0c4062285d,6f379134ae1807cd404ed6c9579707e5dc6a6df0,TEMP-412,https://issues.apache.org/jira/browse
166,b1dcd19c2f87a57e4c4b96aebeb4a226f10af636,12edac73ec454bfbdd634af474e140cca7522774,TEMP-394,https://issues.apache.org/jira/browse
167,469752132b291f3174af9679a5eb858aa7c1a04f,8a6bb5623e92f3d636969488a04a516cd0ae7f36,TEMP-394,https://issues.apache.org/jira/browse
168,0daa8708dfcc5c0c3803ab2e41542dba134d71d0,e97823fb5a340dcdaca397f1c68fee7c907c831c,TEMP-10,https://issues.apache.org/jira/browse
169,092bcac5be680480860dbddae4217347b8b14fab,abfdf35fa5df95853d0f1f9fe0c60f4a1ae8fdee,TEMP-393,https://issues.apache.org/jira/browse
170,5def510d00f73b25db8ce44303df49050f99dfbc,0ee8f1e8ab53746ea9f735aa07e857a0c4e55656,TEMP-389,https://issues.apache.org/jira/browse
171,b10528a62e51b2c5fdc0c4b7884cc93f03f8ce96,4e442bb44280243f6e0e72d845fa8275d665ca84,TEMP-382,https://issues.apache.org/jira/browse
172,0e8ff9c44058afbca9c9126a8feebe41cd682626,26eab98e3a0d403587cc915eaa8f7d4b7b894cef,TEMP-382,https://issues.apache.org/jira/browse
173,b10528a62e51b2c5fdc0c4b7884cc93f03f8ce96,0e8ff9c44058afbca9c9126a8feebe41cd682626,TEMP-382,https://issues.apache.org/jira/browse
174,7d73baf10e435fcaa4927495afc185fb473c416b,b10528a62e51b2c5fdc0c4b7884cc93f03f8ce96,TEMP-382,https://issues.apache.org/jira/browse
175,3ecbdd79ee964d325b7ce8a1ca982935cc7d92f7,7d73baf10e435fcaa4927495afc185fb473c416b,TEMP-382,https://issues.apache.org/jira/browse
176,08113862c5dda6dfb0562d84db8db8f5f41bfa4a,70594bcaff1d553cbd35312bb63a33bcba0680d3,TEMP-382,https://issues.apache.org/jira/browse
177,2820db32e3fdeff47fbf6cb4be39eeebc1ed287e,bd0b4b60676525a5eb6733a6ad27c67319bec59f,TEMP-127,https://issues.apache.org/jira/browse
178,87e51fcbfe6668525a873bf97d98d6135335eb9c,8376ecf5e6ff140f3836c51a910b89504e1c3300,TEMP-127,https://issues.apache.org/jira/browse
179,75ba40cd9236761b4b3e49013eb38f754b4e539b,c59fc43c527610ae18d7596eb191817ce674cb29,TEMP-379,https://issues.apache.org/jira/browse
180,2139e87447c825bfd8c7e728cbfab542d1bb6fea,5a5abeeb1bdf4bf7a1930af97d500927caeb39d7,TEMP-358,https://issues.apache.org/jira/browse
181,4282bc34d6b64fee1a9f4f55fb14fc6d3fd89521,2139e87447c825bfd8c7e728cbfab542d1bb6fea,TEMP-358,https://issues.apache.org/jira/browse
182,ce6c33a2bb74d3faa76fce1c816dda24cee495fb,85184c3a8945ee1cd22a3fa3a9b8cb71346f2d73,TEMP-377,https://issues.apache.org/jira/browse
183,e0c83d24ed5a59911b0ee59a72104410b91a7c0d,f015344879f1bc3505bc616fc7ae517cf9f60838,TEMP-367,https://issues.apache.org/jira/browse
184,7ee18aa0cc99a429e6ff9e3fe4b5e73f91b99776,f0102601d2b949ab63f9f3e6d20618a0b53323ee,TEMP-366,https://issues.apache.org/jira/browse
185,32c30f6f072ccfea6ead90f8eef0c205d88d00d3,52dd5908e374973d69c51856b74d4d93d591c90a,TEMP-363,https://issues.apache.org/jira/browse
186,abc2d23900ff5adeef648879af6bc4d2f79c261e,2424036c286f0b3dfc280f00a1e835cb52e39375,TEMP-357,https://issues.apache.org/jira/browse
187,f87a7ce9321b4901a77786387cfe8026f1249721,abc2d23900ff5adeef648879af6bc4d2f79c261e,TEMP-357,https://issues.apache.org/jira/browse
188,e9d6221823e2e0d731a11a8a8931db2e83ca6e5c,f87a7ce9321b4901a77786387cfe8026f1249721,TEMP-357,https://issues.apache.org/jira/browse
189,1dc330f53dcec9661621ec2ff58abf50b7cd08b9,8769bb6980ea9d46f8fbec1fa1075128d6f61936,TEMP-357,https://issues.apache.org/jira/browse
190,18daf66b2ccf4c7df9618c9a7067ab56bfa96593,952a50372dea32e78800b5127ce3e969ce8ba5f0,TEMP-357,https://issues.apache.org/jira/browse
191,048b701a9e56755100a17bad712934c1003bbb25,b5071c2f8bcaa96cc9efb0214b2896cc26996ca9,TEMP-351,https://issues.apache.org/jira/browse
192,593339ab62ce5db71fd42501a9ddea9fe698b9ca,11840dfde044fec90b0cb4a715ce9d213acea3ca,TEMP-351,https://issues.apache.org/jira/browse
193,d0501577d37b594c3ff59a39ac211f7a1b170fa7,318de9ae84f1731fda8ce0785ae537f149ea5fcf,TEMP-351,https://issues.apache.org/jira/browse
194,2cc332cc20f1d988ce6b986ba63e6685709e9ecd,ddb8f08c79b8568c9cba3af61fb5a613e0ccba22,TEMP-351,https://issues.apache.org/jira/browse
195,19a620c904587dc0397b43bfe9071ff60033c097,823cdee9b18508e9e51913d110a20a406f55582b,TEMP-356,https://issues.apache.org/jira/browse
196,14b3d1ad8c5efc1f21c94e6d0f72635c374b2bb6,19a620c904587dc0397b43bfe9071ff60033c097,TEMP-355,https://issues.apache.org/jira/browse
197,d04e2a7efac9968cd800686a5aba883f61ffd6c2,3083ea535f6d76c93825d7a7bd1dbea227f447a5,TEMP-354,https://issues.apache.org/jira/browse
198,ff5158b1662ad5a67ae6041afc89c5fbfd5ddb1a,d0501577d37b594c3ff59a39ac211f7a1b170fa7,TEMP-348,https://issues.apache.org/jira/browse
199,9ff8334ff25822f70a8313e14c8499891dc47688,a5eca568368b287f875149133a7ff6029b07aad8,TEMP-344,https://issues.apache.org/jira/browse
200,4ae26e42e48c5461a2982dc09be3e958951a8c1d,73ec9c125fc4cafada4434b02d603d41e092b675,TEMP-343,https://issues.apache.org/jira/browse
201,c02b2d50ebc6609518841321bdc8edad80e2ef87,a2ba6d54852aceda5e3bf9285730da743ef04e77,TEMP-343,https://issues.apache.org/jira/browse
202,7250daa429020181bb5a4c40d1aaa169631b8496,32633c39ffe7aa2ba24899877c7425803b10444d,TEMP-336,https://issues.apache.org/jira/browse
203,9431b16c58a3fbb320cf13af80cb36430f2aea79,7250daa429020181bb5a4c40d1aaa169631b8496,TEMP-335,https://issues.apache.org/jira/browse
204,36335e3face4b866c7bb88b39fa8a99959d0a907,b4805bb1f3ed74ff260e73f571195102f435f55d,TEMP-334,https://issues.apache.org/jira/browse
205,51eb0f22b20b94fc635ecc64cdcb5f72e0ed0186,36335e3face4b866c7bb88b39fa8a99959d0a907,TEMP-334,https://issues.apache.org/jira/browse
206,9b852f382500ba4edc778edd2bbb0d54563d4307,51eb0f22b20b94fc635ecc64cdcb5f72e0ed0186,TEMP-330,https://issues.apache.org/jira/browse
207,7a6e507dcd5788e3c41e6c249f505283c9f4adf0,1fb42987de0d21c9b6777272320b64230eadb277,TEMP-331,https://issues.apache.org/jira/browse
208,61db5ea79b6bb932c09b89812772eec67c05956a,30f1ac1dcf7c333bbf5f2aa77e143f001216130c,TEMP-332,https://issues.apache.org/jira/browse
209,1e592b52c54ff3186b5d11fe64021ab758db7234,a2cda30be14b3da01cbbbedc41b70daf6d88da8b,TEMP-326,https://issues.apache.org/jira/browse
210,d85561d9017d4fb0d4fa0a75ca97d617aaae549b,1930eed89459d1ea726762e362143a5aa2ccaeb4,TEMP-324,https://issues.apache.org/jira/browse
211,1dcab3f854e6fffa16c842b8a10a6fa2163795ea,e6e24766377e705e89358fb9cf6253e2e9e645db,TEMP-321,https://issues.apache.org/jira/browse
212,171c3ac8d32ed884392b057800e691a621585d2a,f25588258e520cbf1d388d3d9b48a4942d3d7c28,TEMP-300,https://issues.apache.org/jira/browse
213,8271475f973945e776ca91142349b8618c6f619e,8682c8d4f2281f838765a213d0241366255c99a0,TEMP-317,https://issues.apache.org/jira/browse
214,9b3e389fc692513cc701b886a9dcdab6ebf32453,b72b5c716ac18150396d05988d9eab745bea02b9,TEMP-316,https://issues.apache.org/jira/browse
215,24a3100e9897837b513a0d9f2ae26fd02ec91246,3c4a09bf28e7cd600b919b8c799fbbfd19a94c0b,TEMP-314,https://issues.apache.org/jira/browse
216,24002bfccf7c7ddcd5ed53108deab0c49ba1930b,24a3100e9897837b513a0d9f2ae26fd02ec91246,TEMP-315,https://issues.apache.org/jira/browse
217,c12c48ce91c6b5cceb61043a914d0b438b7a6900,31b546aecd87725c8a1274d1485cee89bdddfdce,TEMP-312,https://issues.apache.org/jira/browse
218,f8bf45444c49053a92f6f560c5008d5ac43aa27f,af1f8163af8b52bc28a18109858744967935d828,TEMP-308,https://issues.apache.org/jira/browse
219,4355c0d224342b5c94881b7aabb441f765867dfe,f8bf45444c49053a92f6f560c5008d5ac43aa27f,TEMP-301,https://issues.apache.org/jira/browse
220,f2c9f9632c5888acfc2b4d1905fee78d06a1a231,915fdd3fcb55f81fbb4f63f9f9752c329488c524,TEMP-301,https://issues.apache.org/jira/browse
221,0bbe5b59af443da2c3101cb9259e7ad68152dd13,5cf68bdc46c7bcc0fc5eb3cacd1c84514ef552cf,TEMP-309,https://issues.apache.org/jira/browse
222,66338dd9c4bf1e76be830749d9bc93c7be35cb2a,d50feb67569fb5881b8a2ff5996f656c5f207c2e,TEMP-306,https://issues.apache.org/jira/browse
223,d6144b9486c36b20557f859f968e58e52ff4eef7,0b33b14271675a78b8bc2e538089af2ecde7d2a0,TEMP-302,https://issues.apache.org/jira/browse
224,8e7d71fce1aed00ffdfea85629fdf0d5da0b1186,121cae778dcb63a4ca4f1ee2743e58bffcbfe4be,TEMP-303,https://issues.apache.org/jira/browse
225,82594a2a94e67e720ad8ecdb38efdee651533eac,c013e283bb2824d38d286a273187c660d6f7b15b,TEMP-303,https://issues.apache.org/jira/browse
226,232b6db3af45188e0757f3565b52af745f86fe61,1053ec1d658f6c584d6043c325da1b17ec2cba8c,TEMP-63,https://issues.apache.org/jira/browse
227,c69371b0d871acc69dba91e557ebccdfd6a28e29,4c9360efa899ec94c7df4bb622e5a99b68f18967,TEMP-63,https://issues.apache.org/jira/browse
228,1c3003b74e86d716d9be3cb7363d9ba25889f10d,c69371b0d871acc69dba91e557ebccdfd6a28e29,TEMP-63,https://issues.apache.org/jira/browse
229,ce5fdc14713f1d0fe81b4ab6aeae09e788f044e0,1c3003b74e86d716d9be3cb7363d9ba25889f10d,TEMP-63,https://issues.apache.org/jira/browse
230,7155281684b0f21199c80d384e15ce3633e2008d,865686ae662ea480b62cf42ddee81feaab741423,TEMP-63,https://issues.apache.org/jira/browse
231,646e03cbab5d0af719efbb22dcf0ee037aa531cc,f7070b2c01020438d4a7712ae304b53ced16febc,TEMP-297,https://issues.apache.org/jira/browse
232,e214adb4b9164910d62614dbd7b3043cb0cc3467,56c83a5dd4284f9150e4959a5e266215a292ba28,TEMP-297,https://issues.apache.org/jira/browse
233,43a7d7bca178a090f8388d85ef88cdc21431aaf6,cb4b6e016d9486ec06b6f41b44292360d6031502,TEMP-31,https://issues.apache.org/jira/browse
234,99dfe90a5050eff8bafe9da90f07f0583c2fbb70,23d15f6cc39e71b31058272849c961fcca6adfe1,TEMP-289,https://issues.apache.org/jira/browse
235,50cd7550e2b6634c42b93a4c321aae900a672db0,dd71368488dd8e0fb0bf8f7aabd4f702502d5615,TEMP-289,https://issues.apache.org/jira/browse
236,4e2380bd5925e436266865ebf988d8362b675cc6,1903db40e53210537fd022ac5cd922323959ff0e,TEMP-289,https://issues.apache.org/jira/browse
237,2269d065ed0ce32a376d2959cd95664688084879,f86a4986c5fce374da74664cd8542f7e059d119c,TEMP-286,https://issues.apache.org/jira/browse
238,6fb4fbcc3f8e3d749699f4cecc0bdb74487c93fc,7e6c7136cf0165f107daf8f9f1818c7d9c9fcc27,TEMP-287,https://issues.apache.org/jira/browse
239,e3347fdcd269c382cd0bae3d249143b9f0c8e2bd,163801695383c0a5a2d6f95ecc17df5760528b3e,TEMP-287,https://issues.apache.org/jira/browse
240,1ea7e01eb6776071eddf60f7783d650ec7d60e74,ddb5fd6d8e4d5fa9f7fa659c93fb6eb04f238689,TEMP-279,https://issues.apache.org/jira/browse
241,383d90399e3e2284bca4836197eb92b126095479,1ea7e01eb6776071eddf60f7783d650ec7d60e74,TEMP-278,https://issues.apache.org/jira/browse
242,2d3e01686f6dea1d5e5a5a280a32d00ab7e80a1d,5ab06da27113785edd51ee465f5b8015c21f2cd9,TEMP-273,https://issues.apache.org/jira/browse
243,a1379c0992a46bb48a4a05ad6979cd04c4474984,8e5f665d8f3ee23a1804a90d415af530e0ba5095,TEMP-274,https://issues.apache.org/jira/browse
244,0508270c67e412b6b5026b25254062ce3d6c2dc7,aa0c705ed4680055eb1ffedaafbc6a53b8f862aa,TEMP-276,https://issues.apache.org/jira/browse
245,4669f291e8a896375e796eaf025a101de7fd2088,838dcc19ddfca57ae76eaec723832cf65f7ac2e6,TEMP-276,https://issues.apache.org/jira/browse
246,7b879e5f32093cef227f00ed9f0f6db21a0f9948,4669f291e8a896375e796eaf025a101de7fd2088,TEMP-276,https://issues.apache.org/jira/browse
247,557800a53cedad99afc951032a11931f3e39bf13,0508270c67e412b6b5026b25254062ce3d6c2dc7,TEMP-277,https://issues.apache.org/jira/browse
248,8af0b6c133fe7d147833b70e731c99d179dc8db9,557800a53cedad99afc951032a11931f3e39bf13,TEMP-277,https://issues.apache.org/jira/browse
249,d4d21480cd6ddc1c8b87dbfe8b630abc8afe6dbf,c5f9ceb3cb7a5822012fe33ecfc2d561f63697f8,TEMP-272,https://issues.apache.org/jira/browse
250,c1ae99e7dd9f1a2ad0623202ea179b1ae8f8d8da,7be83c02122feac8eb6de64c05d63342fa5eea03,TEMP-270,https://issues.apache.org/jira/browse
251,61792c921e2b39c46a78f720af9ec45351e4ca4e,c1ae99e7dd9f1a2ad0623202ea179b1ae8f8d8da,TEMP-270,https://issues.apache.org/jira/browse
252,3a1451bddfdd74cfbc6f9c184a51a32696cec2a2,a99d1e3decf289a998effa4fb976d83555c47d94,TEMP-267,https://issues.apache.org/jira/browse
253,248fd0ca9fbef55f559d375dcf0d1b0457cbf024,3a1451bddfdd74cfbc6f9c184a51a32696cec2a2,TEMP-267,https://issues.apache.org/jira/browse
254,8e95f5d77ffbbbccc2c044b9d315478e8dd09b33,c608c3309b99ec69bfcdd6aaa1ad32851d09e94d,TEMP-265,https://issues.apache.org/jira/browse
255,bc741b19e88749d66b03bf8dc292f3ae0fc74156,aed56110ff582b96aecf7675a9cfe5247ffa3e7d,TEMP-264,https://issues.apache.org/jira/browse
256,c2376685ed5cb56833327cb5f54e5f803a8e8fa9,8da377299d085b4ce1f15dbc0732232ea32e601d,TEMP-262,https://issues.apache.org/jira/browse
257,cbb5a1ad9b0b80f717ee71dc0fc765afdc1601c0,07b15a15038f69612d2bba75f750814cbfbe0a08,TEMP-259,https://issues.apache.org/jira/browse
258,71e4eeadcfc5eb390eca1142fc1f6ee5b1b4d5c1,cbb5a1ad9b0b80f717ee71dc0fc765afdc1601c0,TEMP-256,https://issues.apache.org/jira/browse
259,f69ccab744282fc7335dba46656f01ea92901678,1044ee46be92156477f92d019cdd787fa6d59158,TEMP-256,https://issues.apache.org/jira/browse
260,838dcc19ddfca57ae76eaec723832cf65f7ac2e6,2ae5e286d486c7b0bed2902d3025a6f12f8a7298,TEMP-256,https://issues.apache.org/jira/browse
261,ad634c0c24e883ec4ba509122df4679c2245e37b,71e4eeadcfc5eb390eca1142fc1f6ee5b1b4d5c1,TEMP-253,https://issues.apache.org/jira/browse
262,61c3c6dfaa987457f70d32089a7d8a37bb5b726c,661db5c4d23221b32c4f22f75d6bf34103025c93,TEMP-16,https://issues.apache.org/jira/browse
263,5dad11262d3331060cdb5fe1081079bdb5696f3f,c4704beb32d23eaeeff9147055aadc6fbc38c5a4,TEMP-16,https://issues.apache.org/jira/browse
264,6a2166bfd1662f95e2e921aa12448901f4f74ea3,6846564d8345aba5d64ce943656a60ccf3635978,TEMP-16,https://issues.apache.org/jira/browse
265,afce414fb9351fba7e68dc5e77e2e144c3c59722,5c2d32b322fa797cf428b35c4c5998173d6403d5,TEMP-252,https://issues.apache.org/jira/browse
266,74abef2129e28520c1cfffbfd90969da22e577b5,2221ee87b406cf1781f0a4f18914812db2256b01,TEMP-245,https://issues.apache.org/jira/browse
267,161781f3b19f9596636eb25a40034d616baa5a67,db0ea954f28050662eee8c2b120499cc1849df5f,TEMP-244,https://issues.apache.org/jira/browse
268,6a59b3512b20243bb3353a14f8cb46d385d3c8a2,46600216975867189da464a18c901674f085184a,TEMP-241,https://issues.apache.org/jira/browse
269,fcec064a6c0a01eb97e2febeca4955881973bd33,eb9318d8fda86d26eb3c6cbcd691f6820abf972b,TEMP-240,https://issues.apache.org/jira/browse
270,3685eeae9077221b27c617f9e8eb9836cfbb39d1,f3d34aa6202c75bfac354fe5befe1e5ab5c7d8d8,TEMP-239,https://issues.apache.org/jira/browse
271,5972cab660f9f3600ecff59dc94b02a08b0ef1f9,90b73bf96a9a09ea633cc42eb17cab60c885d8c6,TEMP-180,https://issues.apache.org/jira/browse
272,3f9fb61f14f12464f36a52642af52b761ea959be,5972cab660f9f3600ecff59dc94b02a08b0ef1f9,TEMP-180,https://issues.apache.org/jira/browse
273,2a36651fbdd822b97efdb1a04788b8fcbfa47cf2,f331a7d122ea31e844b16e37ff1711b633aa6214,TEMP-180,https://issues.apache.org/jira/browse
274,bcc42c53455cf1f9bc05d0c1c7f06b3264bb728f,2a36651fbdd822b97efdb1a04788b8fcbfa47cf2,TEMP-180,https://issues.apache.org/jira/browse
275,040e42d0f0bebc15ca80cb80fb6db53804b2e082,2ba220330c8cc3def7b5c354b581866eec5cbe2c,TEMP-237,https://issues.apache.org/jira/browse
276,a671a703fe86b69adb8c61495a915065c186362d,040e42d0f0bebc15ca80cb80fb6db53804b2e082,TEMP-236,https://issues.apache.org/jira/browse
277,a33995a2f3d38135cff872b9a97d9348e4e80403,5127ee6b5830003c90f56d60bc67068e09c40f6d,TEMP-227,https://issues.apache.org/jira/browse
278,6a12f48750b8e4ce35d741150d3553e761039f1b,f62cf85eecf7ce4f3ebc595e00cef36e93f85fdf,TEMP-227,https://issues.apache.org/jira/browse
279,bf6bea1b6c8509d61938a684a8d16d00a37e348a,1a237bddc94187290b58a74ac9f8b98bd4e5b13c,TEMP-227,https://issues.apache.org/jira/browse
280,29d9a8b1e5266a3fc645b1cb9ea4617abbb09c82,a33995a2f3d38135cff872b9a97d9348e4e80403,TEMP-2,https://issues.apache.org/jira/browse
281,f0d62ffe005ebdac01944311a98e555d320c6644,797d74fd75ef76e37698dcb3ef93423d1e4cccbd,TEMP-129,https://issues.apache.org/jira/browse
282,ca3af2edd5cdfc816f57258f97c20755b5d2247f,ef23042de6b9456e0111ebf18c1ba107a82b1fde,TEMP-2,https://issues.apache.org/jira/browse
283,601e4d7dbf966bc861f15c6dd657cb68772df08e,29d9a8b1e5266a3fc645b1cb9ea4617abbb09c82,TEMP-229,https://issues.apache.org/jira/browse
284,7b117a459629338668b5f67cef99729606523c6f,601e4d7dbf966bc861f15c6dd657cb68772df08e,TEMP-229,https://issues.apache.org/jira/browse
285,ed534048b12afcffd45a53f7b0945f49d929a29a,e860d2f3eb16d84e146a8a700d9dbd3af01df4ba,TEMP-228,https://issues.apache.org/jira/browse
286,e7587c19b29db21a2cad65ff2ce7b07d88f41f03,d4baeb15bae488bb7cf534457a9ef65922cb3564,TEMP-223,https://issues.apache.org/jira/browse
287,62200b4185c983df55d2d09a70223097df1db33f,01c3fe92a44d898b39c285168095d26dbe5d450b,TEMP-200,https://issues.apache.org/jira/browse
288,37378a764b0c5632dbba0c61a4818a24d2004bcd,716666a267169689e3b4559458c1f0d53a96ae0a,TEMP-200,https://issues.apache.org/jira/browse
289,e185dad52556591d61c8ddf88caafeff10e707fc,e9d7bcf5f2284f2aa326a3d2ea1807c465b0de8b,TEMP-200,https://issues.apache.org/jira/browse
290,8ea84ed141308e82d6a6e3e1bb5cee2191257194,62200b4185c983df55d2d09a70223097df1db33f,TEMP-221,https://issues.apache.org/jira/browse
291,367c1ff0c03c166099014c573b7882fcf8738f0d,d9b559615109e94e6e7cad91e4f6dfa891f51e82,TEMP-219,https://issues.apache.org/jira/browse
292,b8690f9450ca6481408756f4467362bb2f12de25,853576ac9726abb3a43544a7b71eeab4bbe29758,TEMP-218,https://issues.apache.org/jira/browse
293,291e52bfca307fa0ec4b0ccc7358fc5a87d219df,bb74f0c4cd5febd41fd6ab74f978a6219dc33f64,TEMP-205,https://issues.apache.org/jira/browse
294,0eeef09f40b71d5e9db8f3db515b1fb965ee8450,79a7d826698725fb919af08aa3d99fb52c7fe816,TEMP-206,https://issues.apache.org/jira/browse
295,a6072ce36e786677fed5f703b13afb0900f4f9d3,ccc7441a3a7a6d216770cc00dc0fa0b7146bd7f5,TEMP-213,https://issues.apache.org/jira/browse
296,ec0f5850f8342c0b1eecb20eca7286a9a4a362e1,f4044dd0d86684959764783583f24f2b8baf44b0,TEMP-212,https://issues.apache.org/jira/browse
297,65837142a3cd20a9253dba4d21e547866dc1224b,ec0f5850f8342c0b1eecb20eca7286a9a4a362e1,TEMP-159,https://issues.apache.org/jira/browse
298,c0a9923f613225b9a4bd7d4a92401ba78f536ea1,65837142a3cd20a9253dba4d21e547866dc1224b,TEMP-201,https://issues.apache.org/jira/browse
299,e4f645c89fc53128f3e4b35ec208d90cb6eca015,e2cf412a7856a7a9f314c3927df2f5a04f42177d,TEMP-189,https://issues.apache.org/jira/browse
300,09b8f6d78e18b927491fc299973146fa74fd977f,e4f645c89fc53128f3e4b35ec208d90cb6eca015,TEMP-203,https://issues.apache.org/jira/browse
301,716666a267169689e3b4559458c1f0d53a96ae0a,09b8f6d78e18b927491fc299973146fa74fd977f,TEMP-203,https://issues.apache.org/jira/browse
302,db6dda34281d95d495ff4c935b65cf84310bf6be,ab456436d20f386641e605c17de24cc8cd3c1770,TEMP-197,https://issues.apache.org/jira/browse
303,811fb4e1f7cb0b87d9af62cc892ac06a413eb560,9bdacbfb9631d3a3710a64f35482c643b78a2e79,TEMP-191,https://issues.apache.org/jira/browse
304,aa8365f5b5bc871f1c8ad95412e68ee09ea44af2,811fb4e1f7cb0b87d9af62cc892ac06a413eb560,TEMP-191,https://issues.apache.org/jira/browse
305,306b3d6b551b2fc6a3c9729117d47f7d7dea9e89,4becc32881aa983d69359b475892a4f2bc6e5b89,TEMP-187,https://issues.apache.org/jira/browse
306,32619a8f4b14a633fcaed2c8a848d73cc726ad2e,c2bc7a49a03dbee6ccebc91e6c2ea9bb5048c617,TEMP-184,https://issues.apache.org/jira/browse
307,d39ba76c50f65698213787901ec8dffbda77e43a,40f2e6380094ebfdc73e4adaf4059b80e1327aad,TEMP-181,https://issues.apache.org/jira/browse
308,576bd034787ca2f7367127432e4b53737d6e690f,c75c10faae27781aeb51713f42153cad1fd242a4,TEMP-176,https://issues.apache.org/jira/browse
309,5ccdd3f8ee58734b0e1f2d0b5799ad40b04d58e6,d9bd84f4fcda64628ffd908647cf09a986995163,TEMP-176,https://issues.apache.org/jira/browse
310,eadbe116f9d59b38acf2aec9c4de43e5c5f68d49,1cef96536a04d2ea96aa251f9a7330bc64ce1a58,TEMP-176,https://issues.apache.org/jira/browse
311,e451ee48eea0be402f9a3502b22b0104d55d3cb9,4ba374a86f76f4be48acb2491abc55952b0c1285,TEMP-176,https://issues.apache.org/jira/browse
312,b23b5c8533846374a22b417f7d66c7cb8ceb8962,bc84d2083e4b1da77547bb4e810a06553e8f0bed,TEMP-178,https://issues.apache.org/jira/browse
313,16dc21b6733605571e762e8b5ecae8d960170a97,915e8ef9a42c4fc2561917116620543402cace91,TEMP-179,https://issues.apache.org/jira/browse
314,a6b146b8be8ae44b9bc6767c35445f9d8e35cd4e,7ee6b67c1983aa06e4585eb76fab0d7441fe0a3d,TEMP-175,https://issues.apache.org/jira/browse
315,00cc49e76b4cb5837f91bdcae2b3dff6a2809f2a,a933173f486614073b68b6c0a6ef09a9c72c94fc,TEMP-512,https://issues.apache.org/jira/browse
316,3c5ab4f7ae6827a90a5c72a1befe92d57436f189,14684241489dbe1b607aafd3423ebaf34be377b1,TEMP-85,https://issues.apache.org/jira/browse
317,f90c1cba8cd5cec5613df93758674ed0066e83e6,00cc49e76b4cb5837f91bdcae2b3dff6a2809f2a,TEMP-169,https://issues.apache.org/jira/browse
318,0ad3bf876675ad74304b8909404e57368c361f9b,2d52e39b34291f97983cc009d362966e87556cdd,TEMP-100,https://issues.apache.org/jira/browse
319,cd65397d5739c18dfe040f1b41920e9ebd6484fe,62cb9c480ecd71491e6b2452ff8add4d35706290,TEMP-100,https://issues.apache.org/jira/browse
320,c4704beb32d23eaeeff9147055aadc6fbc38c5a4,5c136a3f9089fd8b787258462b40cb057195b5d6,TEMP-167,https://issues.apache.org/jira/browse
321,347660646cfad588481c13058842d49fa3779f84,5dad11262d3331060cdb5fe1081079bdb5696f3f,TEMP-163,https://issues.apache.org/jira/browse
322,8cece7223349341d5ab44234d1f62897cb849511,347660646cfad588481c13058842d49fa3779f84,TEMP-164,https://issues.apache.org/jira/browse
323,fa886ac30884da4808368cf5a7fc98adce77f614,30c859c12eb01639d64dfc813187c81b7cba4f05,TEMP-154,https://issues.apache.org/jira/browse
324,32170076e2aef1cfd3f6d25aa55be502045a5976,20fd83a914183fdfa63aa21ff4a025802c0a3cc1,TEMP-146,https://issues.apache.org/jira/browse
325,ec0db741b7e53d6fbe3887f8720f76a625d2277f,fdac1475918e93444b08a024d096b4ec39d6733d,TEMP-160,https://issues.apache.org/jira/browse
326,b7095f3c0363312b6d92148eed51a74ec2b4d940,65c2498b3fe2c99e71f79d09454c3091028551ce,TEMP-24,https://issues.apache.org/jira/browse
327,04e132b74b62cac7bb2d171825d5975e4fbfc155,d48f106f8758056606e5d50d20f3893978d693a1,TEMP-152,https://issues.apache.org/jira/browse
328,682442182197c894d5fc4ac9238c4213d28ce589,ca91f414e3e732f987963817397a0594a11c3f22,TEMP-27,https://issues.apache.org/jira/browse
329,a7303c1f1f9a2c4194ed11f2e0563552e33cce50,d9017b220dd1fa3d9b4a6bc5f299da405bfed835,TEMP-116,https://issues.apache.org/jira/browse
330,541898ffdc2205bb9dabb807b2dc498547a21a0d,7a76c479371ef20f604eb1f1f2fca9f1b2b8f74a,TEMP-130,https://issues.apache.org/jira/browse
331,30e980d49a24caa3b4077dd3f76928825cb171c0,b4d7505f8eb531a70d0a56e2b76b36bc302b212b,TEMP-139,https://issues.apache.org/jira/browse
332,9f68b5d384e2de0fea87a9d613e950e32a24dd78,60d6b6ac126ce3b4b1c83e537f26f564900e2eda,TEMP-117,https://issues.apache.org/jira/browse
333,8376ecf5e6ff140f3836c51a910b89504e1c3300,9f68b5d384e2de0fea87a9d613e950e32a24dd78,TEMP-125,https://issues.apache.org/jira/browse
334,80c0d2c08c851350d46c21ebafbbf9d9f5ad67b8,1eb9dbb7fd336b1e8a160977722b570354040798,TEMP-119,https://issues.apache.org/jira/browse
335,d7398f46ccd552eb315d94bf652cc264ea21799a,35e4e4fb6848ddfa3878270523f3f9336ae7f9b8,TEMP-113,https://issues.apache.org/jira/browse
336,2419bb55d2683142443626482c85d6086ae3bf72,2d858d5c7cc30313c9c3c8ef4a5e8d34d67a395e,TEMP-114,https://issues.apache.org/jira/browse
337,1e4034bf41b21852d674e1cc0b845df1feda793f,45fa6e0ea7fd8618a71e6ef981cdf9d9ac637143,TEMP-109,https://issues.apache.org/jira/browse
338,5b85bf1c570c545365d1a7690c2faf6a33dbc4cd,1e4034bf41b21852d674e1cc0b845df1feda793f,TEMP-107,https://issues.apache.org/jira/browse
339,1bf8e32680d0f81a016d4c6d7181ad23d5a9bf04,33cd35e5d60f03e191ce74f85523b099a3c1944c,TEMP-110,https://issues.apache.org/jira/browse
340,6021ccbca53627d09fc34b889dc4f0dcb3248887,9b4b47796e8e2308ae8dcd9a1b030a3280092093,TEMP-105,https://issues.apache.org/jira/browse
341,30e1cc85c49860d3f5f26d35c7a90e840f3efe95,d7ea9ff05a28a73508b57f369a0b06b3fab46479,TEMP-101,https://issues.apache.org/jira/browse
342,2dca66105a3ec80f99a48ed8c43e3988cc86e84e,a1015f312480c697c8dbc2772e4076eb15e41406,TEMP-74,https://issues.apache.org/jira/browse
343,14684241489dbe1b607aafd3423ebaf34be377b1,b11dca2f006da939879c9729a8af09f8519df007,TEMP-85,https://issues.apache.org/jira/browse
344,bebc6eddeddb8bd40c1299fa6e468b56edd997fc,91695e47a11e0ca7eb09555ea5c06f711d117036,TEMP-73,https://issues.apache.org/jira/browse
345,ae0f984b0d20a9e1d9baff43e2cbeb73d1a767d4,bebc6eddeddb8bd40c1299fa6e468b56edd997fc,TEMP-73,https://issues.apache.org/jira/browse
346,25b5956702a2d63da57ab2be32c47fff22391ddd,124f97c18eb3fc29fd4e03c982905cadac1feb0b,TEMP-73,https://issues.apache.org/jira/browse
347,5b3d609df16bddf6b0ce85532214ca32b5676bfa,25b5956702a2d63da57ab2be32c47fff22391ddd,TEMP-75,https://issues.apache.org/jira/browse
348,5066e9aeb98f386b29a31cd4acb97aa43844cd30,7be979633a4ab427d820c591a1cb940c2721ba1a,TEMP-94,https://issues.apache.org/jira/browse
349,41aa509d836dcdd316a40e68680cc54e0f6c1e04,5066e9aeb98f386b29a31cd4acb97aa43844cd30,TEMP-94,https://issues.apache.org/jira/browse
350,c520d00b707fe6ecf4f3d7d062af09ffea6812e8,dc3fc4703211876fb38cccf55adc92ee5cbc28d0,TEMP-87,https://issues.apache.org/jira/browse
351,3e2ddad124ea6ab1bc690487793bf88560ca3732,7bb5d8862665e0cc60cee52d2b48ebbd7fca61fd,TEMP-86,https://issues.apache.org/jira/browse
352,dcd81ecc70395aef882e71d7b435bcebdff7d3d9,2318ba308b4d36c493330c9286a86878bc24af55,TEMP-81,https://issues.apache.org/jira/browse
353,f84dd362bbf15c19cb5f3a3b4563951ba529f585,3bb9282d8876aff48148c25ec63536d352f775bf,TEMP-71,https://issues.apache.org/jira/browse
354,13b90aef6c0264b451333198911c69ae8c7f37e1,f84dd362bbf15c19cb5f3a3b4563951ba529f585,TEMP-70,https://issues.apache.org/jira/browse
355,d170f34fa65e19b604f5a9e04e6ed5f81d35658c,6273f3a6b804aa845747c8859d659373b14199e1,TEMP-64,https://issues.apache.org/jira/browse
356,ddbd61f0e75b7d98873b9a9bf6398218edcfd17b,d170f34fa65e19b604f5a9e04e6ed5f81d35658c,TEMP-64,https://issues.apache.org/jira/browse
357,3608991616066c9c6dab1d19ca5591dc41a1360a,6dfdfb5ddb465252644c6f80e6b13abfd211ef29,TEMP-64,https://issues.apache.org/jira/browse
358,7314c603341b0f237b3d6dae833902c6bc74a9c7,c04eecc5c1525f720d887c245c9405c6b00c1ce8,TEMP-69,https://issues.apache.org/jira/browse
359,c547b85b9a9e77ba9857722231cb67a3d9686e9e,7314c603341b0f237b3d6dae833902c6bc74a9c7,TEMP-69,https://issues.apache.org/jira/browse
360,3126e37959ab98759c5c6e6dca52e6afe857325b,cf64557bb2e1db1c46158a28a0010f279708e3d6,TEMP-69,https://issues.apache.org/jira/browse
361,f2674c4ce113c632f7477dfd3deb814ec7ccc256,3126e37959ab98759c5c6e6dca52e6afe857325b,TEMP-69,https://issues.apache.org/jira/browse
362,63aa078caa660f235efb28e17b618411057ad8e1,40e010931f91f4f2989fc5f892f990a8890808e1,TEMP-60,https://issues.apache.org/jira/browse
363,1cde8827c953a56b2fcabad676f8cf2ddd6ec182,d09177b98f4e956c1d366110f73c3341ea110bee,TEMP-11,https://issues.apache.org/jira/browse
364,9fbe205eff8aa6f9a7a6e302094b3715e61da777,84f836ebd1cf6cde9d42ba33397298f14693462c,TEMP-55,https://issues.apache.org/jira/browse
365,9a871026a65bfe0a51f94b05e51f2edc75315680,9fbe205eff8aa6f9a7a6e302094b3715e61da777,TEMP-55,https://issues.apache.org/jira/browse
366,728b4e814ec88cab556533fa114be0efdde963be,004124ac5dbf5edbf925078652526267468821e7,TEMP-28,https://issues.apache.org/jira/browse
367,b6363ff16e4746c4c4b85d3153b285866e348fcf,41f4a20506449b0a9a5a7ac71d28f53f701b484b,TEMP-294,https://issues.apache.org/jira/browse
368,75f92f6341c243c5debffd25285222ca8e9589aa,32eea1e611d66a3c1a6b1dc0b373a943614e5680,TEMP-284,https://issues.apache.org/jira/browse
369,d5242521d59f5df6a227a4ac7b32694921bb888f,c4a65f010e67c65f38d1f87f4d9a205c2d97e3c1,TEMP-299,https://issues.apache.org/jira/browse
370,6e9acfa668f1a10bc8cb9a3542531f8ae3e043ff,f9334473bd9993f38458ecee137ba9e7f7b79abb,TEMP-343,https://issues.apache.org/jira/browse
371,0e831a16d73b0c9acaedd5e69b9e9917e3a6231e,9ae37525134089dd0c9ee1cf8738192b70e0fc07,TEMP-358,https://issues.apache.org/jira/browse
372,9ae37525134089dd0c9ee1cf8738192b70e0fc07,d9421dc3c843177ba7d59ea47319997cfdecc697,TEMP-358,https://issues.apache.org/jira/browse
373,d9421dc3c843177ba7d59ea47319997cfdecc697,e4658ae28cf7204af2ddfa0abfc8f03c2026ba59,TEMP-358,https://issues.apache.org/jira/browse
374,1c016cb02a82f0372e43571e72cf52de76696ae6,469cf4d886f9a184168ba2d179899a600725d4c4,TEMP-421,https://issues.apache.org/jira/browse
375,f5330f7e667f5a7245c8a5f3007cda04554c5fe2,9e80104befc54daaa097870b857e1bc334521490,TEMP-459,https://issues.apache.org/jira/browse
376,d8ca982fa574c18e1501ac1018ec3466a6b73de9,40b1d2fb8ff2eb4374eda8169524fade205a5e6c,TEMP-490,https://issues.apache.org/jira/browse
377,6270ff564f88804757d859cd4fb1b989df1021d9,f0aaab65408f53684efa9fc450819fff51c69436,TEMP-558,https://issues.apache.org/jira/browse
