bug.id,revision.id.buggy,revision.id.fixed,report.id,report.url
1,53c93d0ffccb65d182306c74d1230ce814889dc1,fab180b25ed319261de0024cd1a736af284d039c,TEMP-1,https://issues.apache.org/jira/browse
2,a6b2f1329beec2cd9abb86dc2ea80300e9ccb77b,9f1b740a17f0d54366edfb45df0636b8e302666a,TEMP-1,https://issues.apache.org/jira/browse
3,a1fb8486705ff6cea89b0670036c0574d407c339,03e54974626c4abc6004eeecb5db600222389eb9,TEMP-1,https://issues.apache.org/jira/browse
4,c2b70e8e34a7c8ebd4c60e287c73f1e95526b2f5,c74ed13a8b14421a5eb1bdc83430d413545682dd,TEMP-1,https://issues.apache.org/jira/browse
5,2eabe0ca39e77503cd29e48bf0856410c5ef4762,5e6b2cedbb6137c556f66db09285aa2cffd3cf0a,TEMP-1,https://issues.apache.org/jira/browse
6,b8e9258ae55a83f35f90f6a333dd167dee014675,914185bab8af0db467219526b7f04f9c8934bae0,TEMP-1,https://issues.apache.org/jira/browse
7,81a9aa634ad54c424c958595e73151395fe34ab7,b8e9258ae55a83f35f90f6a333dd167dee014675,TEMP-1,https://issues.apache.org/jira/browse
8,774607a6dc2a17869c9d96577fc45feead9be394,81a9aa634ad54c424c958595e73151395fe34ab7,TEMP-1,https://issues.apache.org/jira/browse
9,b72d9cb7c21bcfe225b360f07268e96f5e42fd06,5d758fa487d0eeea19fec8209a72dd2744207e3b,TEMP-1,https://issues.apache.org/jira/browse
10,9bdd4a43f82ea8a1c373af65bd4f7b1906ca0103,3976e6d39ec139267175324f6ebbabb9b2ecb619,TEMP-1,https://issues.apache.org/jira/browse
11,9f7dffd9b9addc7999a01ba4378ea347bf6718f1,5819f2dbf638dd4befb1803e0e99dfe48a84f73d,TEMP-1,https://issues.apache.org/jira/browse
12,1e2151c26bccea33125da79e7c616c2c55edc855,fb78cbb077f6b0b6405ab0c7d74c7c3cce29bf9b,TEMP-1,https://issues.apache.org/jira/browse
13,058b9726a927501f069f2ce0699dda7ab87ddead,1e2151c26bccea33125da79e7c616c2c55edc855,TEMP-1,https://issues.apache.org/jira/browse
14,89de3df8f686c073d3ed60906b0f7f6483386c86,1471bc37d5db8921ba044cc150d49a05890b50e6,TEMP-1,https://issues.apache.org/jira/browse
15,1d8ec5a48180fbbcf245110eaeb7841f6e305242,bdf8e5c049a7f6bbe706c6d35bff55a79bba1e65,TEMP-1,https://issues.apache.org/jira/browse
16,d48d89ffb8786a4d16044e76ee869f322537a163,d44dc8b805a7b8a99b264c5bd3f7acf8371247ef,TEMP-1,https://issues.apache.org/jira/browse
17,619fbc2d06101090a7b2ddce227cc379a50003fe,7656a09e8587355ee142e730f5df99ce72b382e5,TEMP-1,https://issues.apache.org/jira/browse
18,8027ef85a1ca914de336af572c0de9918d5585bb,931e25921dc0ec705a0055655aa2b2237a0888d7,TEMP-1,https://issues.apache.org/jira/browse
19,9f33e444f82663ad5cb855538438ceadc240d767,1bd7cc40cf99af2a44ebebe9eef1a7de32f7031a,TEMP-1,https://issues.apache.org/jira/browse
20,25ad9f824aef478b61a774ed9402068ad215b23b,60cff9d95843e30169b826bc1a2c1888952937c9,TEMP-1,https://issues.apache.org/jira/browse
21,1cb3d5a7c83ec4309582ea7c70b783f4b97a71d0,4ea5032f95075b87cb8bd68681e4182661e303f1,TEMP-1,https://issues.apache.org/jira/browse
22,3210069a57d060b1aaec24af66042798c8942ef4,2eef8dee31bbaa10ffb1264fbbe9aba1bc92c45b,TEMP-1,https://issues.apache.org/jira/browse
23,91a01c9c6c0078bbc055a1e05b705edcbefb247f,f7e1454b66dfba0a376ad00162eb741db9bfe7a8,TEMP-1,https://issues.apache.org/jira/browse
24,9137228b9ec7e4f166e8940933420fe62071254c,695754bb76162e2349c8a6ebb4b29aef0bd6fe8d,TEMP-1,https://issues.apache.org/jira/browse
25,7028095497c29edde3c0f320080f7d4aa5b22c98,a07a2f443a5177ad43b3a0e4e803fc55870af13d,TEMP-1,https://issues.apache.org/jira/browse
26,fab9e0f107a929697589618995f259992711d263,69187b5e3a500878311f2b67ef7385b385845fb6,TEMP-1,https://issues.apache.org/jira/browse
27,eda7f6f9611bd8cf4c1e71f1e16c44611cbfbe7b,ee2d79cddbace4618e7ae31f07343f804d800962,TEMP-1,https://issues.apache.org/jira/browse
28,a28de89f4c709c1f86c513ddaf21beabb3d5e6da,eda7f6f9611bd8cf4c1e71f1e16c44611cbfbe7b,TEMP-1,https://issues.apache.org/jira/browse
29,100d531386e69f70bc73a039b4a5776e4ab36cbf,356aee756a4b13c717392032cc70ebfeba2ee0e6,TEMP-1,https://issues.apache.org/jira/browse
30,89f28948334cd2136b6cee8a8d91a757b68d043e,100d531386e69f70bc73a039b4a5776e4ab36cbf,TEMP-1,https://issues.apache.org/jira/browse
31,4449af5be0d81e35daef251055eca4cbfffd1d5c,21a3b8795df1ac6008a592911afaa5118ad3061a,TEMP-1,https://issues.apache.org/jira/browse
32,dbf200d03744364dedd37de6437e06db48189d9c,6520641c1051abe4c7ca9f87068be8832ae61a56,TEMP-1,https://issues.apache.org/jira/browse
33,b5b917143839fb1e063476b0a65029db9b06f275,68e73bed684f9fc16e9ed2b4c1e6bdad97071ea5,TEMP-1,https://issues.apache.org/jira/browse
34,308b93cd61c7d9cf1bb6b8faa4e9da603a814c53,166c9edc5e314ba401e35ae3b50090762a86af9d,TEMP-1,https://issues.apache.org/jira/browse
35,4e68dfda7c80a48264a66cce93c04697a2ae133d,63a28b8f0c1936d502d88614a99abf0aac65b49a,TEMP-1,https://issues.apache.org/jira/browse
36,4cec5dbc051e5bd1ba4dff9aa87a5c81ad4f0abd,e983a64122755c52935c514c784b85036d685c07,TEMP-1,https://issues.apache.org/jira/browse
37,ce7886759fb8998d9d15fa547e517490eca3ef0d,21804202745423b5fcd0a34a2c8c94064416ab3a,TEMP-1,https://issues.apache.org/jira/browse
38,7dcc59190664341b5ae38b333c311cf152169194,dfd60e3ed99c3d78ea891f7776748e87c5f01864,TEMP-1,https://issues.apache.org/jira/browse
39,941f00ce535e98f4f45ba838ed92795f7a615508,0e0d47592c8ce9aac136d336c8ac931a06fd6feb,TEMP-1,https://issues.apache.org/jira/browse
40,24059898ceb92d790f21f680730023b4ce3ab937,f5a61f0cd029f18666163f414f848ba0e1b39976,TEMP-264,https://issues.apache.org/jira/browse
41,1645ab953ce98bffaff2424cd0b3d2501e21b04f,82b108f3df4b8db2a2ce56afce19a2b0a97c5539,TEMP-264,https://issues.apache.org/jira/browse
42,95bc7e1345ead598bbdb757785c0c11077a315f5,e91852735aae750523ab6e425c3b31e9653d6934,TEMP-34,https://issues.apache.org/jira/browse
43,b436b6d95473b468c66d7814db086a4d8a83b154,01b69110b181aa30406d18f1a689d07780c3b4a8,TEMP-9,https://issues.apache.org/jira/browse
44,ef6e2a1ee0910ef47765feb73e4fedbd996896f9,fc4ce44a1021192bc3d818038cbeb1d3e65938f3,TEMP-9,https://issues.apache.org/jira/browse
45,dbbb4035cdb8669f42b42ab2a76460f4da8450c7,8765c05ded1a3ed31bb3da780203e84c3e6c7203,TEMP-9,https://issues.apache.org/jira/browse
46,7b6bf45d83c3ec028e686318b8d4f1a061723908,5fe700afb8bcc989a6778f61fe6d15c0fa08f862,TEMP-9,https://issues.apache.org/jira/browse
47,a84f53d38f93504036fed5cf3fd42f57a8637b16,2311c5e58e6922825d7ecb53ef596b7a8c156bf1,TEMP-259,https://issues.apache.org/jira/browse
48,a3a4eddd3e6180385ca38efd9ff4965c07995e64,a84f53d38f93504036fed5cf3fd42f57a8637b16,TEMP-259,https://issues.apache.org/jira/browse
49,3ab9ce4b76848afd2da7dca3e37c46259dd70866,625cedf140f383f3f5c4f992906a4bb6b809dfd7,TEMP-31,https://issues.apache.org/jira/browse
50,9bd2cda3bcf4cc55ed1396c9c3c6415328c7b32e,0956493bcb3fe40ca37d66768ec7817f8a1f410b,TEMP-265,https://issues.apache.org/jira/browse
51,7b1961506509391ec847bb1dc3783a87f8069057,52396f8136b0328b17afd715b1c3f5a1f7e94608,TEMP-270,https://issues.apache.org/jira/browse
52,1cfa3a0b85459808392caa7732f30e0bbb6925c7,7748f47dcab2b77d0aeceef6af87b13851c3e7f3,TEMP-270,https://issues.apache.org/jira/browse
53,1490fbf959fc0e7bc5d8be43250689ebf625942d,1645ab953ce98bffaff2424cd0b3d2501e21b04f,TEMP-267,https://issues.apache.org/jira/browse
54,2d744c87c2c498510f84b5a91dc14ec703d7b022,1490fbf959fc0e7bc5d8be43250689ebf625942d,TEMP-269,https://issues.apache.org/jira/browse
55,f0e122da19684394123c85577405d6dc7cddbb98,40be3f770c8a1e87342d14a6b730b7d99fef8e71,TEMP-4,https://issues.apache.org/jira/browse
56,b91f50fb5ce9c15df4f61b6716542b0984daf474,7d7e486df3d177e850f15cdbaa71b7046589335b,TEMP-4,https://issues.apache.org/jira/browse
57,d2f2830524d59fd62049629097f8a27a0d51aa24,eaf9ae1465d4d8298601c7f605bfca5e28e602d3,TEMP-10,https://issues.apache.org/jira/browse
58,45a195e0776e2dfb85022f034aec3af191cf7dca,2bcdfd86643761c239ec40e6e1e2f05855a07f95,TEMP-22,https://issues.apache.org/jira/browse
59,128c93c26e963dafe1165e593d4351402a0206d3,79722429dad5256ac0d3871d4ef2977b4e7a383d,TEMP-255,https://issues.apache.org/jira/browse
60,94c6cc1a69c575aca1bde1b6efef50cb4c1fe0ee,e203e82bad91eeff6c9f0dda1ddc779f4fa4d14a,TEMP-255,https://issues.apache.org/jira/browse
61,16a0eeac59ab35bf49a7de70eb4dc70b0c61752d,4f8662a758688b845d741a932e28cc8d4fc11b96,TEMP-254,https://issues.apache.org/jira/browse
62,0bf5b8a05a535895916a57817b226aec0e05ba13,48b615756d1d770091ea3322eefc08011ee8b113,TEMP-134,https://issues.apache.org/jira/browse
63,dd5e46203e5b12f4b65e76ef2e5c34197692b5b4,7b2ab4a2659b987b823c7cb0a163c766557da802,TEMP-7,https://issues.apache.org/jira/browse
64,dd038c528b9b6794580c6f9a81c90302aa8c1405,163d643d1176e0dc9334ee83e21b9ce21d24fc1a,TEMP-11,https://issues.apache.org/jira/browse
65,5e3b6f7c106aac1bf2937d33922151fd25e47eef,38c14f702af2184a2b7387d724159348d9194931,TEMP-3,https://issues.apache.org/jira/browse
66,8bb467aa5ea9d916e82e6022cb492d1c829211f2,8e1667fa9326aae9e63c4d44eb376b048ba8fa42,TEMP-3,https://issues.apache.org/jira/browse
67,fc18ae928f5dcfdb331e189f866e3ef96f676eee,190b24bcb395e1772624c7f7c3c0bc76876d47e2,TEMP-3,https://issues.apache.org/jira/browse
68,0b2a0c932d089de9f19e2ea9b278c5d09a239099,36fccb4325f924bf46babd4d8d60226f8dd3f154,TEMP-250,https://issues.apache.org/jira/browse
69,588602694fa1d19e433f9e2705aed9ccb0b404ba,8bc1d8d383f7cf4d829eca6112830f201246685d,TEMP-12,https://issues.apache.org/jira/browse
70,bc33e591299beaca214024500133568d39a74416,cada569118232d662146c04b9fc78f7d0d055f6d,TEMP-6,https://issues.apache.org/jira/browse
71,5feb03989782d54d665201fb097e43d1b4c7c0cb,28910eec203524b002f0dfeb8a391b88f835a7c0,TEMP-6,https://issues.apache.org/jira/browse
72,a870413801679ec8d0eefd97878a87bb2697ae5e,4d67ff229be56b150180cd6652d118075d171e05,TEMP-6,https://issues.apache.org/jira/browse
73,8bb11519522dbe0192d6538a29b3356b25f5927d,29a7e67999568a5c86b32ef513a90d5d090ad2b2,TEMP-199,https://issues.apache.org/jira/browse
74,7c0b78dd0ade55bea55abfea30a7b88ff7a4e5e1,9c881675d214b95fcf861b69b4204bcd7932f66b,TEMP-199,https://issues.apache.org/jira/browse
75,8fc193527df27beeeb638e6e812e8c4df6c72f46,28b7b958d39730fc278fd1919bf335c52133a1a2,TEMP-199,https://issues.apache.org/jira/browse
76,ae83747b2b049ba37605622116579e8186dd3422,484698c5415bb578cb480845e2dfa930d3d49d9c,TEMP-145,https://issues.apache.org/jira/browse
77,ad98aeccb923add1b7d57e977f8c72d982f6285d,ae83747b2b049ba37605622116579e8186dd3422,TEMP-144,https://issues.apache.org/jira/browse
78,6a0a1876772e74a1d4a7c82669784f8bcca8397e,8c5c6b936ee6d1afb75cc2cbc151887937dbcca5,TEMP-232,https://issues.apache.org/jira/browse
79,ca30fae3acb59a5caef3c3c21eecae7c928827e0,5ef5bd199a4e3df74479b4b363fa29b0b3092547,TEMP-231,https://issues.apache.org/jira/browse
80,5d3142a1639c7d8e792f3e72288f18e46ff3546a,ca30fae3acb59a5caef3c3c21eecae7c928827e0,TEMP-230,https://issues.apache.org/jira/browse
81,1a4d9cc2572d220664f1b7c377cd318cd253052e,d2f27093d7d95a07da901902f894d88b4ecc3e95,TEMP-229,https://issues.apache.org/jira/browse
82,f0028e1b90f8d10266f3fe26bafa0882a81ffe82,efe3699122699151984e8499da9d42673a42851a,TEMP-225,https://issues.apache.org/jira/browse
83,410ab04290294dec74180043dc2aa635ca1e4e80,c7b540bae35372e92490fb47f75fac508fbf25ba,TEMP-218,https://issues.apache.org/jira/browse
84,ceb5ccba7bca5f00a5331945c7643c3d102e05a4,76a941217f9272693b5484ef360e8cf6491ef3a4,TEMP-218,https://issues.apache.org/jira/browse
85,f207e1439536afd5099c142ee43f070a0bd43d42,1e48e151ea23f8891902834a4553a806c1312d60,TEMP-218,https://issues.apache.org/jira/browse
86,516f6889c9153a59110d3ee9bdd907e95e10cc08,8bac2b6a1bd110cd171c89e75f68cd9a69624315,TEMP-221,https://issues.apache.org/jira/browse
87,d8695b95cadffa51b7ac83d1dd6fae4bc0bb56c7,c48289b1457f825240043b942ab621b59c5d2490,TEMP-219,https://issues.apache.org/jira/browse
88,a9b17e3af5b608e9d807fed3344cebd5f624c098,e7b0dde346e610fa273bd4ff2c82f6cf8e6de6c2,TEMP-217,https://issues.apache.org/jira/browse
89,4970841052d709afe55d975ac82eaa1c0d385477,263fc1987ee6bfe8c09fdcb0f7339f49508978ad,TEMP-209,https://issues.apache.org/jira/browse
90,07cd4567d96f916c20af10e2779e44d21c9ac703,edb4ce323e9aad278d707be09fe1ef24fdba630d,TEMP-207,https://issues.apache.org/jira/browse
91,05f878016d583b58806e59de862fca60e2e69d67,ce54f3476745a68d02b1db11444b71c758b1d1bb,TEMP-2,https://issues.apache.org/jira/browse
92,b88b3870a996b61ae6a1f865586c97794a1f3038,1596d05f667f0eaee70f3c8478fcaf67eed55002,TEMP-2,https://issues.apache.org/jira/browse
93,1e531f785c26d608c489ca20636489b898faf964,b91f50fb5ce9c15df4f61b6716542b0984daf474,TEMP-2,https://issues.apache.org/jira/browse
94,0626e9bc6b700b22a8e30066b9998b2d457be213,608a7d6373e320789aaf7f1b9f91a5cf8af81998,TEMP-2,https://issues.apache.org/jira/browse
95,f6336648d893f0ad455d53ab85f82128937fa41c,66555de56715ccb185dee4dd2b25b1e93cc5c73e,TEMP-2,https://issues.apache.org/jira/browse
96,75906cacd11f833110c9842853d445700c1b9233,34257eff5201e50739d1387caeb2ec5c5561984d,TEMP-2,https://issues.apache.org/jira/browse
97,c87ec655d2ca8de325ba91736702a477233b565d,158d178c58e892ba87d782ecf436d30c038d464e,TEMP-16,https://issues.apache.org/jira/browse
98,38357dffa2dd39c91c4523beade08c12e8009acb,c82fe35c48bd0082c16644d16d82d1be79d6b9d1,TEMP-200,https://issues.apache.org/jira/browse
99,fb09a1d1244fe0331a05418f5ccd32b62f2200e7,b515228199914ea1767d707bf861b3e8efbaa41e,TEMP-183,https://issues.apache.org/jira/browse
100,9bc3701fc327a1730381bea688f62da60891fd40,fb09a1d1244fe0331a05418f5ccd32b62f2200e7,TEMP-183,https://issues.apache.org/jira/browse
101,0110214af6a802b2c7abc4f7151eab7595036478,bdc77f1b289f349e09051b482d7b4efbc6cd9f6f,TEMP-121,https://issues.apache.org/jira/browse
102,0c7461b7752cb6840cc5997d54e2ce6930bc1702,29220884e616c750cf8bed06ad939d1c366b8c94,TEMP-121,https://issues.apache.org/jira/browse
103,9999937922dc0ebe50f913fbbfb147a19eb8c0f3,7e8c20bd1b0593c3496a168be573aed40609a433,TEMP-121,https://issues.apache.org/jira/browse
104,83af056059bd781b6104caba38558cc4b5257220,0110214af6a802b2c7abc4f7151eab7595036478,TEMP-187,https://issues.apache.org/jira/browse
105,50a1d17b5402accbdd59e62e68fa96172c9e3764,39d5df29fb768fd257f9d328b99f00bc69ec864a,TEMP-187,https://issues.apache.org/jira/browse
106,1ab9a1c6b3b0d588dd099d4d0db5568b2eb94389,5dd9e60cb226c571e13832023489e8bc366ce69c,TEMP-187,https://issues.apache.org/jira/browse
107,d2d757416ed62f48afc65e570c08f7c08315a98f,2cb32b82b22da4e36cd12778ba98637843bbcf06,TEMP-185,https://issues.apache.org/jira/browse
108,05bcf7d1cda34baa41333da83b0d743b6ad4d658,d2d757416ed62f48afc65e570c08f7c08315a98f,TEMP-191,https://issues.apache.org/jira/browse
109,8c145775da55fb33104751199a28809acb657c1f,37ba197e62d6b60037d18afc33801e6221f1b8c6,TEMP-184,https://issues.apache.org/jira/browse
110,66436373d83a18676dd6d24f0317200a4daf83f0,cfd44eb99719bf045bf78b1e35dba231f98f5a45,TEMP-180,https://issues.apache.org/jira/browse
111,21a8423514bcbcebd24e3d1c120da62683ad70f0,7fb904ff9e0d5903fa91d967543aed54d97cfe36,TEMP-170,https://issues.apache.org/jira/browse
112,03aa0776df745abd944666731e8859ec5ed487ba,9e7c59dfd25b087cc56e13e406ab1124b0d28829,TEMP-170,https://issues.apache.org/jira/browse
113,ca5047cdc0a682af5db270423cc8705f2820d91d,bedf8732cf2d09f4d5fd1360e2f23e7891af48aa,TEMP-160,https://issues.apache.org/jira/browse
114,d915d755d1befffaac3a54ed667c05d6b6b74554,c45a7d3ac48e5e10551b9c98a73b6cd8e1a06958,TEMP-156,https://issues.apache.org/jira/browse
115,2dfd03934382a9dba4c39dd248b8b6adbeb181e5,531b5dcb45b80f1d72a305603e32105962b14ce7,TEMP-156,https://issues.apache.org/jira/browse
116,531b5dcb45b80f1d72a305603e32105962b14ce7,fdb6743af113595cde1a722305ca571f27d03d41,TEMP-157,https://issues.apache.org/jira/browse
117,03fd13821d6f12e60af9de8959584975376c6b36,f2e7938365b6256e6f1a323602aa63d5df346ab1,TEMP-155,https://issues.apache.org/jira/browse
118,53f8961cd945276b532775532c7cbe075c668daa,a5aba02f5ff8a1b53147488324bdb11c2dad561f,TEMP-152,https://issues.apache.org/jira/browse
119,e04ddcf7426d617036064e9b99d824eb4201d470,c683f14ef654ac62480d6f5bce9609106e09d5e2,TEMP-96,https://issues.apache.org/jira/browse
120,f424976a31abcc77c7bd1ce558437e04c7fe68f5,3f41cf1609fae7c8848beb0655bcf67132c7a277,TEMP-96,https://issues.apache.org/jira/browse
121,7bf19f98e6debf76ace944034f7e5d376d4870fd,d66b439c93f7d370d42b21b0d9b86446919880a8,TEMP-5,https://issues.apache.org/jira/browse
122,1440a376ccd084fa50c7e6f7adf251bb0d489512,acf70b38d27bf6063d76cd9897beafef8040ff02,TEMP-5,https://issues.apache.org/jira/browse
123,af1ad3d72b2b07728b8060153525e8461b17ce6f,36e7620574736400941c5154bf663b198abafa7c,TEMP-5,https://issues.apache.org/jira/browse
124,bc1c22bcb690e9a906abc6a42fa258b39edd9449,c4b947d96eb273089b6753534f673640efa77703,TEMP-130,https://issues.apache.org/jira/browse
125,1fc451c79779bdbf788e8bfbec6dc031a47495d8,fe56886f6d4c6f872caa23faa4b94e34b0b221a1,TEMP-130,https://issues.apache.org/jira/browse
126,caa142d0399f10ce3ec6fb843e679e2d8c07c43f,1fc451c79779bdbf788e8bfbec6dc031a47495d8,TEMP-130,https://issues.apache.org/jira/browse
127,10d8fc1dad1191f593c79cf6dad79af5cabe3ccf,403a784b81c5fb845aef1b34aefd56d0d3056964,TEMP-132,https://issues.apache.org/jira/browse
128,7e8c20bd1b0593c3496a168be573aed40609a433,facbc3a39c5eb2ce190c1ec597015da47c51b2c8,TEMP-132,https://issues.apache.org/jira/browse
129,e57f11af8917edbab47c7cecf55ff1d1f07dd56a,c7e8f03539089ff0cc637756aaf01316c6e9a4f4,TEMP-132,https://issues.apache.org/jira/browse
130,facbc3a39c5eb2ce190c1ec597015da47c51b2c8,75cba401aebe256ccea215674cfe403bbe4a1a75,TEMP-131,https://issues.apache.org/jira/browse
131,770daa97631c64a4f00b2dc10f8528280528f742,919d3ec4adbaf64cb6b7e9f40f82432b2159d510,TEMP-128,https://issues.apache.org/jira/browse
132,2e94c832384093901692765f901f510115bfed79,45c71b732ee51851882898bfa331d0563b7291d6,TEMP-127,https://issues.apache.org/jira/browse
133,b94d06cadfb8795cf19315158624f792ee666510,2e94c832384093901692765f901f510115bfed79,TEMP-127,https://issues.apache.org/jira/browse
134,94a565c045b28e66d8477656f82b55221eb96590,10920798d1133fd5a4f89061b679c2eaa6de09cb,TEMP-123,https://issues.apache.org/jira/browse
135,2a8fd84f1f380fc472ecf415b771cb5fd789719b,41c68e9ef470696009d72133c7f05a20e2728e34,TEMP-117,https://issues.apache.org/jira/browse
136,a543d02c1654f607c2b22ec4d965f015ec784df1,fbdf624565c02a0a3266c6b29cdba53c2408c890,TEMP-115,https://issues.apache.org/jira/browse
137,2af0444758f487699201a2b0e451e83837a5daac,395b4d902fe83f39581198ebf276079b07bdd442,TEMP-113,https://issues.apache.org/jira/browse
138,c86b5e26e0b9195f4928741b5b7dcd3d857f4de5,b0117669677f27a448c8fcafcd1430e2e0a5c3db,TEMP-113,https://issues.apache.org/jira/browse
139,a544e36f3f938f3be26fe573655c4e9aed89cb98,2af0444758f487699201a2b0e451e83837a5daac,TEMP-114,https://issues.apache.org/jira/browse
140,b0117669677f27a448c8fcafcd1430e2e0a5c3db,1221af62021d2be25cd161dd8678368b6d785a72,TEMP-114,https://issues.apache.org/jira/browse
141,b396c535ff143cf94ea0d11f50739da1709ec290,c5291ab1ca4d4d7a041874a66b1c05b7d5c02ccb,TEMP-112,https://issues.apache.org/jira/browse
142,5223a63fa67fddcd092b2ae214b1eff0173a52c2,eabb90925568f9e4b04754918840db8156e5444a,TEMP-99,https://issues.apache.org/jira/browse
143,f7966c1b374ebdd3fccb28370d9cb80a2115d807,954d995c5603b616c3c4a9ffb1823f36dd7ebcb0,TEMP-99,https://issues.apache.org/jira/browse
144,85b09d76f239b20cf3e37e5507d371c355a9b318,8269f17bdb90ebfbfc498503a601e085c7b458aa,TEMP-111,https://issues.apache.org/jira/browse
145,931e25921dc0ec705a0055655aa2b2237a0888d7,2c13032a16e37b7bc9e0272d25fc185b5c82b42e,TEMP-105,https://issues.apache.org/jira/browse
146,5a0d6b1d2b38a8026b1e160b0de9d9d56b07665c,d74fc31604c805a47c44d7853f63a3b06ad6c016,TEMP-101,https://issues.apache.org/jira/browse
147,4c6eea410d34d7ff4aa5c30fb7a2fa7c349dae18,800f0531068ebaf2f2d257bb1bd805781ddd4760,TEMP-98,https://issues.apache.org/jira/browse
148,38ba13232cb37374e3c333e2121ebad8a793935c,bcfef8906931a7929a6db14b9d82d387fd3f17f6,TEMP-89,https://issues.apache.org/jira/browse
149,bade1b72d526fb6493f1b11d8f2e63e51793af91,b3607d8b91c7f164cb3b2aa67035bd5c468fcc56,TEMP-73,https://issues.apache.org/jira/browse
150,cc6df030dd2bd4d8693f0b557f097ab3b321b18e,25ad9f824aef478b61a774ed9402068ad215b23b,TEMP-73,https://issues.apache.org/jira/browse
151,d7b01850ef418b1d261cdb2029f8f85ab4031553,a5dfe5cbc95d7f3ce0b4829756690c2cb8439f4c,TEMP-84,https://issues.apache.org/jira/browse
152,84235691b5d1ae6d4705dba63c19dc1f6450021b,20a88d9b49beda71ddee69af92872716fd00f13a,TEMP-81,https://issues.apache.org/jira/browse
153,3463e5a567cb4a5168ee7a6f872fb0ba1544adfb,165d33f8c676d4b5063d1899beab3a352afb7d82,TEMP-80,https://issues.apache.org/jira/browse
154,6a43ce7aa8fb6be26fd0559b189dce704a0a32f5,93333139710428b579e9b9bfb22a431028df4feb,TEMP-58,https://issues.apache.org/jira/browse
155,b8c2d9d9dc9aab45f83cf49ac93cfa8546e4c08e,4449af5be0d81e35daef251055eca4cbfffd1d5c,TEMP-77,https://issues.apache.org/jira/browse
156,2f7454a01e4c2992bffc3d86137e632e80c5027f,b8c2d9d9dc9aab45f83cf49ac93cfa8546e4c08e,TEMP-77,https://issues.apache.org/jira/browse
157,981c0002d5accb9ebc056b7a34025fd814c4e17f,cb63f4a959e30de6882b20af10d189c7307a6da2,TEMP-72,https://issues.apache.org/jira/browse
158,52d82d1dfff8c2b2ded9d843e0b03017af6d747c,dce4ad64d1a0b9b62eea667ba4c7c58cea435d2d,TEMP-57,https://issues.apache.org/jira/browse
159,292322e9b3e14e4b560ff1ba0b8648a533d064b8,9c0cabead7cf075308b11362172ae1a48d41321c,TEMP-57,https://issues.apache.org/jira/browse
160,9c0cabead7cf075308b11362172ae1a48d41321c,52d82d1dfff8c2b2ded9d843e0b03017af6d747c,TEMP-65,https://issues.apache.org/jira/browse
161,3b398a0715d4848a6b71506615b9d230fbf3e60e,f5185b0229f93097be2433386c2d4022e70545d1,TEMP-61,https://issues.apache.org/jira/browse
162,e65d67e1c41746e811503255fadacef6de645eec,a50a203248662d2b4fe6f5b6952d3066ab3ab8ba,TEMP-56,https://issues.apache.org/jira/browse
163,51a9beef37f33d657937c140bc172da55a92709e,13a457cc88731927abc43564abd4e2f6c388a6db,TEMP-256,https://issues.apache.org/jira/browse
164,9a6ce14a1fe1d3e3b6bc0a8526c1bde6739d93b7,9121badb679c4678bc0b83dec478b5ce5478abeb,TEMP-18,https://issues.apache.org/jira/browse
