bug.id,revision.id.buggy,revision.id.fixed,report.id,report.url
1,ae908eff77f78a2b39d540401cf03be788eb994c,c361ae52d6fe8eb350bd6328de0e718077f7d889,TEMP-1,https://issues.apache.org/jira/browse
2,d803cfa328718ba0d6c101a16482efd800e8b29b,c1e78bf431e4284a7edf71e68c26afb7696332db,TEMP-1,https://issues.apache.org/jira/browse
3,0846daefb06349dfdb16ebb25eceb175f9db79fc,1e32f35c5a1064fbf638e18032f62c8aae4a5b4a,TEMP-704,https://issues.apache.org/jira/browse
4,e36a49cc99469561e133f93e22a1c7fbb9a2dc65,bef99b1996389554916f6d727152b8d98ce837d4,TEMP-1,https://issues.apache.org/jira/browse
5,45eba96562b341c16ed177ae722b9b6665df04aa,719771affb6a01756e21c620b26b886859c119ae,TEMP-17,https://issues.apache.org/jira/browse
6,24513fe23de66965c2a2bed104c1adc94966a228,73fc46aeb65680e5d76d7702e0d1583bb0eabb57,TEMP-200,https://issues.apache.org/jira/browse
7,ed72d3758fc8943863ee00015d8f07c02ebe8120,a8ad47a5db38ef21b07058dcdecc66c3c341ca4b,TEMP-100,https://issues.apache.org/jira/browse
8,c16df1bfca3a5ed7586bb0e6125d66fe5dababa9,ed72d3758fc8943863ee00015d8f07c02ebe8120,TEMP-200,https://issues.apache.org/jira/browse
9,3cd5d382f8344e1e8e556ddbea476b82015dd01b,99af5c3b0af212c56f696005574a9d28edfa1046,TEMP-8,https://issues.apache.org/jira/browse
10,af601307416c636b6016b2b3dd8f30ad09a0fc82,bdfbd0cc7294d9d7d494f4148722f5c5dce43eaa,TEMP-8,https://issues.apache.org/jira/browse
11,00c931ba3f6a7af28fcace1c73dd320e6169a45f,997ec156d5f135220151bf2d33643966526e41b5,TEMP-72,https://issues.apache.org/jira/browse
12,3cc36ac6af73e9bc0be8446285458c21dc52b06e,6be7a84f85894d59d85b149a1c06af91aabc0e33,TEMP-691,https://issues.apache.org/jira/browse
13,958f53b70ee460a18f972de4452b50aaafae59eb,63614fbb06c2b86cd3287403f9e9d8b1ca5bb480,TEMP-690,https://issues.apache.org/jira/browse
14,bcfb12594d1f9e7c2d784210a1e77bc402d5894f,7827f0549526920b91aa2e62d2a1e7682c36e1e7,TEMP-689,https://issues.apache.org/jira/browse
15,e2715a012ab91a844d28b0963e2f8b322c225ab9,e4d503acf68e9cff10e3c8b51d3c16b4c8a11692,TEMP-11,https://issues.apache.org/jira/browse
16,bc5fb9e2081455bc038c540ccde7ff7b31d1ece0,089220322e79ed4a1f1bbc9291e8633d24282ae0,TEMP-7,https://issues.apache.org/jira/browse
17,e66319400804b9dde52750d6cc5a2f873af9eac9,2e2897dcb82308019bdd40be3b5eede7918a572d,TEMP-59,https://issues.apache.org/jira/browse
18,989423bb1bda85dc335c7b7c62401d8f1b8cb51a,f434fbf8496817d88196f83644dd13add05a2603,TEMP-685,https://issues.apache.org/jira/browse
19,7f19ea792908c25ce46fcf9f841a2def1eb9eaec,57af03c8cbece020780889f13b760d518ff1d0b5,TEMP-675,https://issues.apache.org/jira/browse
20,08321f04c2714682cff6b2948177231170f98754,33d23d6b6a3201cc3ffe2eb16a0e8a1a4a4b4c8a,TEMP-673,https://issues.apache.org/jira/browse
21,17f698947d270762f65aafaf2891db95c3819fe7,39f8fa7a1e8386edc05d924932733ea2f9b5fc6a,TEMP-646,https://issues.apache.org/jira/browse
22,fb7aae4c64f7d2bf6dced00c49c3ffc428b2d572,3c01bfaa968514749d54218f910563ac19d970cf,TEMP-663,https://issues.apache.org/jira/browse
23,51bf45a89751196f24c72878d568c50c307e6cc8,fb7aae4c64f7d2bf6dced00c49c3ffc428b2d572,TEMP-614,https://issues.apache.org/jira/browse
24,c4dd9fda6e4a9be7a532b287ae33b75bd749a4da,a4ae7b2374bfab3729937f8e293f3621d3b07654,TEMP-614,https://issues.apache.org/jira/browse
25,f6c513acaf04dbf3acc69f96053897b0c90dc746,98d829eb6af5449ac27b66382952de37602ebe4e,TEMP-643,https://issues.apache.org/jira/browse
26,f38341cab4a20f7f690072f24d648cea8e0f5784,2d935482d9b026ccd2cb2b55fcb05380a4466500,TEMP-641,https://issues.apache.org/jira/browse
27,24dd750b5bb142d26d3c74f1d884533f66006346,e08fbb9e9adffc54c5ad87ddfd57b590e65ef862,TEMP-639,https://issues.apache.org/jira/browse
28,efedd6dcb9b01a2bb2146de664dd312c31e6c22a,7fabd00432b9974240f1df75e1e7fa63ba276589,TEMP-636,https://issues.apache.org/jira/browse
29,dfd5f19d42454efe3f9ab3f290ab219c96659eee,de2bea7643c2a1324a90c9e6931ee37a1d9e0f4c,TEMP-1,https://issues.apache.org/jira/browse
30,e6ba4903c70f15a22637d21a49fe49baa8370dc1,cf9cc619ffdc632b9fca6add307da0243d34bc20,TEMP-1,https://issues.apache.org/jira/browse
31,5c76214e780ded02c42788f7031c36864352dd62,e6ba4903c70f15a22637d21a49fe49baa8370dc1,TEMP-1,https://issues.apache.org/jira/browse
32,5cf11219eed630818a4ec33da3aa78486e02ee5b,ab485239c60e9fbfc138071bf3f5b426a9fe7c77,TEMP-11,https://issues.apache.org/jira/browse
33,1acb3d3f5f8230e4329be95644c9f433b75bf0cb,d8f9af13ba04b2b483f6d441d1c4071174726988,TEMP-631,https://issues.apache.org/jira/browse
34,e4c5b3536ee6df12f621583a2bcf5da9f576015f,1c95a2a5d9e40d1b7d8b4626890ff1babc4f8862,TEMP-584,https://issues.apache.org/jira/browse
35,e759649cdd49383c850d9d38eba21d0aab4df930,e4c5b3536ee6df12f621583a2bcf5da9f576015f,TEMP-584,https://issues.apache.org/jira/browse
36,d651fb37e5a3ebc1f0a4241fe569d13f6e460bae,43a4141d3eab58255bd74a0e433fe54fbeee5ec4,TEMP-584,https://issues.apache.org/jira/browse
37,ac37d8d64c3f5aeb0032f420ea976712947f2cc6,3a7c1a0ec0ef23e318e465fc5cafeebf544f10be,TEMP-624,https://issues.apache.org/jira/browse
38,76036954547d0ead559f4e7b258019b3355d05a4,ac37d8d64c3f5aeb0032f420ea976712947f2cc6,TEMP-584,https://issues.apache.org/jira/browse
39,ba2886c990242c32e75d94a9d4c7ec9aa2571f10,76036954547d0ead559f4e7b258019b3355d05a4,TEMP-624,https://issues.apache.org/jira/browse
40,9a8268b53dc2d9bec4c227c454b815d68fae0f11,4eb186605d1e9393b38e479faa8f0aad79a3ef8a,TEMP-2,https://issues.apache.org/jira/browse
41,d969913836215396e8f586ffe6e0151c47d057c5,9a8268b53dc2d9bec4c227c454b815d68fae0f11,TEMP-2,https://issues.apache.org/jira/browse
42,a76bed1f8338e0bffb78b3b5a918aede47135520,c296d280f5c66277a7f0b6fcd0843eb7ad061858,TEMP-618,https://issues.apache.org/jira/browse
43,4a62504cbd24ad342769ef538e31e91f311f72dd,b785836d28f31bee038d45e33374c4ec5e15b435,TEMP-613,https://issues.apache.org/jira/browse
44,f6b86b380606073a2847b8926d893be047903995,4564a17fb24a851771f83a614d0bde5bae05bcfa,TEMP-414,https://issues.apache.org/jira/browse
45,9cf95344c06ae96954cacee357694253d12559a7,f6b86b380606073a2847b8926d893be047903995,TEMP-477,https://issues.apache.org/jira/browse
46,6697e685dd8d3bb7a41c65a013276e79910203f5,796a288e0c2e17ddf7dc44a4cd790a7eab4e158d,TEMP-596,https://issues.apache.org/jira/browse
47,34074f97a0a0572518c8736a30f017563cd7e9b3,6697e685dd8d3bb7a41c65a013276e79910203f5,TEMP-602,https://issues.apache.org/jira/browse
48,d5c724671fd72d49ec416e7fd086220ef7c8f4e2,ddaa71735ac8c1e7875d4b7bfe30c92921389982,TEMP-588,https://issues.apache.org/jira/browse
49,c038c0c1c317861366eae15f3b3dc70d9e927992,d5c724671fd72d49ec416e7fd086220ef7c8f4e2,TEMP-610,https://issues.apache.org/jira/browse
50,6f254e5e71609487a6dc99b2858252569039abd4,c038c0c1c317861366eae15f3b3dc70d9e927992,TEMP-611,https://issues.apache.org/jira/browse
51,2b0f3383fd8f54de72157ee878b4c92f26a0e60a,cd299336abb873f53664063e0a977650f22fe8f3,TEMP-609,https://issues.apache.org/jira/browse
52,8138f8c25af368ba6b31e6c0885265cf0783d6d8,bec3eaa55584966aeab7ad00cb16b07656b82553,TEMP-597,https://issues.apache.org/jira/browse
53,acf58cffc617b2328c70acaf22026cfaadfcb592,19af5379fa93633e2c7bc0326fc5f3b28aaf192f,TEMP-593,https://issues.apache.org/jira/browse
54,96e16497119db404a4e59709e022d4f9564d23e6,acf58cffc617b2328c70acaf22026cfaadfcb592,TEMP-594,https://issues.apache.org/jira/browse
55,328c4046d88629d1d7d484e88cb4293541bc1141,96e16497119db404a4e59709e022d4f9564d23e6,TEMP-592,https://issues.apache.org/jira/browse
56,6fe206372bd3c1c852fbf3053fd4cb4dc71790b4,02ae1898a1bc9eb7fe541072b6bd1ac0dbf6a915,TEMP-583,https://issues.apache.org/jira/browse
57,36259f7c1c9491b70687a7961dc865498b269d23,c34b95d8ca27574c979acf99ee8fb81ab4227cc9,TEMP-29,https://issues.apache.org/jira/browse
58,f3eae24d5955de2a2b98b677718f29edbadd7b97,36259f7c1c9491b70687a7961dc865498b269d23,TEMP-29,https://issues.apache.org/jira/browse
59,77a30c218d8b1505a9ed450e62625321bdf000fb,e8d76ef9c72325b773b9141a8566ce1147c1ebc6,TEMP-581,https://issues.apache.org/jira/browse
60,83b950724307dc1551a7325961be1da89acbabf0,a19fae7262f9212ada7acde170ded85a12720705,TEMP-582,https://issues.apache.org/jira/browse
61,642158f72b2534e29b0db024e761118c67eae3eb,83b950724307dc1551a7325961be1da89acbabf0,TEMP-582,https://issues.apache.org/jira/browse
62,05111daef93db06cdccffbdeb475715413a01d67,0177f90032a1a68496ae1e566697c1608fc8cb95,TEMP-580,https://issues.apache.org/jira/browse
63,4ca6aa3f287b1765cc1532f5fadc01b145911a61,65302de24316b21a3955265203c60cf663067743,TEMP-579,https://issues.apache.org/jira/browse
64,f5304f2e0f67363505052b93fb6e979e6eeabda2,31044ba56dc378d68c04334b66344a718116821a,TEMP-558,https://issues.apache.org/jira/browse
65,ff519f3d36dc3b4751a06e47def7f7551cc121fe,12f145e46190bea7d100aae6ab45ea0e486be12c,TEMP-573,https://issues.apache.org/jira/browse
66,5df3f18bc8abf3a03bdd06443ead128eba2350e8,f6d1a4d9d0fa98e275bef1a65cd40374bfe751be,TEMP-538,https://issues.apache.org/jira/browse
67,724d534bd43360af1858d981710b614f01179a7d,cd2d049fac6301077e0e5f441edb55bd71930448,TEMP-8,https://issues.apache.org/jira/browse
68,00104e73df37ae873fd6a6b2b9e0b69bd940ec25,724d534bd43360af1858d981710b614f01179a7d,TEMP-8,https://issues.apache.org/jira/browse
69,1762d632b7c343fc524e1e6495babeaf2b9b8550,50a124bf76c36d47d797306ccadcb3d97c43caca,TEMP-566,https://issues.apache.org/jira/browse
70,ff1547720ec4b433091745b33d1393a19b46538f,f9a8a38405a6c0c269b21318d1e469a7c392be1f,TEMP-566,https://issues.apache.org/jira/browse
71,021922ee87667f568d17a94513169e17f3302742,9fb2ca62d1cd49e037d14fb35a00d75a6266a8ea,TEMP-552,https://issues.apache.org/jira/browse
72,fdf3d2c2a275f384fa6361f705f73bfdd0a29b88,17ecff749acf32ddeb8c8e9883491503b8d953a0,TEMP-563,https://issues.apache.org/jira/browse
73,e68628bb255ff74b33ae19a37e17058806d9592a,752a551c95abe091bd69a4c68c8f9d900e5e3b67,TEMP-561,https://issues.apache.org/jira/browse
74,d4e49ab13c6682ab8811d69546682c4098a4761d,e68628bb255ff74b33ae19a37e17058806d9592a,TEMP-544,https://issues.apache.org/jira/browse
75,a272cd9746694b2261e6a313d6b0cc3e1e6b3dc7,316dfd409563f1396521798aefab04ce7999f84f,TEMP-558,https://issues.apache.org/jira/browse
76,506d027199a615962ad5df482f077792841a01c1,5555226cf8d009ee9fdb9164a919e96d768c529e,TEMP-550,https://issues.apache.org/jira/browse
77,aee94d0b51becdc83ea4a74e86b242d0ca3d6f0a,506d027199a615962ad5df482f077792841a01c1,TEMP-551,https://issues.apache.org/jira/browse
78,c5192345305636887229eb7ae0829d621effc2b4,aee94d0b51becdc83ea4a74e86b242d0ca3d6f0a,TEMP-551,https://issues.apache.org/jira/browse
79,9eeb9c1507dd319eddb3ba9e21667d3101f1371b,72ea0f2be8d01e1559aff14889967c8ccbf1822f,TEMP-549,https://issues.apache.org/jira/browse
80,1d8d34dbb79a7ef96c5dbc126503cd55b22091ab,131a120d7e3fc8cedf6552f9e5fdb4ff933a7386,TEMP-543,https://issues.apache.org/jira/browse
81,061d70dd783a9150601fc884cc93831d39efd751,b26a3b41b047cdcc37aa65625075fa621d13f66e,TEMP-539,https://issues.apache.org/jira/browse
82,727f55cccfe0310487271a148f185e41f3775c8e,061d70dd783a9150601fc884cc93831d39efd751,TEMP-8,https://issues.apache.org/jira/browse
83,cb10f50d16626e5fe0c3f6b177efe234a04cbff5,38141bae57841f3520c27588ee19cd2126c55429,TEMP-8,https://issues.apache.org/jira/browse
84,cb0d3f61a6890dd7073baf3df99d9a7695e4bb10,616cad1f99efc4d4bbb2220225e7169355197b3f,TEMP-8,https://issues.apache.org/jira/browse
85,4db794070fa2f8a20fa761e1849ae4a2ebcdd838,cb0d3f61a6890dd7073baf3df99d9a7695e4bb10,TEMP-8,https://issues.apache.org/jira/browse
86,2e7f91217d0e468a5aaea946af7cccabaf5d1ca5,001d716da7cee606a74d4671ad252dcb5b2cc72f,TEMP-8,https://issues.apache.org/jira/browse
87,f1ebf757d2789e9950153fb6e8b757f4ef280a1f,c83e0eed208453327c8d5ed02d5f264a39374b72,TEMP-8,https://issues.apache.org/jira/browse
88,7b71e2aef1b0e33f772ccc9467931a212914947b,f1ebf757d2789e9950153fb6e8b757f4ef280a1f,TEMP-8,https://issues.apache.org/jira/browse
89,29c80bf4ece7d06cfd547f9aff8cd7a5b8c23280,7b71e2aef1b0e33f772ccc9467931a212914947b,TEMP-8,https://issues.apache.org/jira/browse
90,e96cf344ddaaf7efe4a7e1f3fc79bd2656bdb63a,29c80bf4ece7d06cfd547f9aff8cd7a5b8c23280,TEMP-8,https://issues.apache.org/jira/browse
91,949be1b574052a8a6aca3097b2d533361641f150,b8ecb3f9fab3350ac9fbf2c0585932a804483c36,TEMP-530,https://issues.apache.org/jira/browse
92,d5bceac7a0b8c1a31d46b05a275663c5e45e3028,adfaf3ba4254d38ef80aeb5bc6fd0df6fe98380a,TEMP-529,https://issues.apache.org/jira/browse
93,75129393c169ef25314223d903426c8be0716a77,41dd3db34ae2c03f5b5148bcca84653055c0e3eb,TEMP-516,https://issues.apache.org/jira/browse
94,8290fefe9418ddf71a325c2ced2e6dea3833cf76,aa4da9ef9ee2eaf452b35eb87b144e7b689f728a,TEMP-1,https://issues.apache.org/jira/browse
95,1ab1a17fd37c377d96c8b41f41178ef1498c7fb5,717068898a67d03b7c2435e9f16bb65aced68048,TEMP-520,https://issues.apache.org/jira/browse
96,e333ff8e0a4b9bc4747fcc084fa02d3e3aea6a54,1ab1a17fd37c377d96c8b41f41178ef1498c7fb5,TEMP-521,https://issues.apache.org/jira/browse
97,7879fd6518258118611af31d826bd0791adbb5c2,f2e08e8429dd35afbc522e72091f11e5c2731bac,TEMP-517,https://issues.apache.org/jira/browse
98,476395d79f05ed4dee56d964d15aeba2928c6fe9,7879fd6518258118611af31d826bd0791adbb5c2,TEMP-512,https://issues.apache.org/jira/browse
99,a02169b37f0a9075d04dac69be2f50a0700b12d2,476395d79f05ed4dee56d964d15aeba2928c6fe9,TEMP-518,https://issues.apache.org/jira/browse
100,ceb54335d722859644f74774554a5a02f100aae3,9d090d40ef488c6c8e0784da877b93a05034e339,TEMP-511,https://issues.apache.org/jira/browse
101,efc34a93b510eb7d736d35523f0d2b9aa41a5469,5e305c6a2c7d0e3d2dfc9c07a702167f55944373,TEMP-514,https://issues.apache.org/jira/browse
102,8ae1b78ccabe4725f9be9a616eb677937da62ca1,09472a2175e4717846bff4d4d9f29c791833a693,TEMP-509,https://issues.apache.org/jira/browse
103,fb09298233d0fd505e69516deb175563c922b0eb,3d5e169b975731cb028a7974d81e7be0f2f60282,TEMP-501,https://issues.apache.org/jira/browse
104,9d7b4ead2fc9e78bdffe73d64a55a8308a1f0b0d,e25ab319c95f4f2bf76815a9eb6df20be1cdc111,TEMP-505,https://issues.apache.org/jira/browse
105,8df5082f4479bdc08d38c7d7f96be9c520f2a2ce,39995ca8c7f0efd8aff209a03ecc84e1a6184e5d,TEMP-2,https://issues.apache.org/jira/browse
106,9ff7ca5e6079b51ffc3c1bd93380db8f5dbc6e86,fa9fd4b11449dd7a21df0c83732e33c605190b69,TEMP-1,https://issues.apache.org/jira/browse
107,d94fff12abc67d2ff61f89d8ea4f938ac34af565,6efd0220ab3f3735cddeb7703f0049bd1ff26d3f,TEMP-503,https://issues.apache.org/jira/browse
108,822f57b20156644046468990bbccf1a2423d9533,d94fff12abc67d2ff61f89d8ea4f938ac34af565,TEMP-502,https://issues.apache.org/jira/browse
109,9f1598c959e29070ea55536d69a8f1149b2b7fc3,2fe4a2e0c0ac3c0ad1a43a4da97d1fe109c96491,TEMP-465,https://issues.apache.org/jira/browse
110,e75b2edd53d840e1163e9eb1715ef304596f69c6,fdbef598b9670b704b28b0e3411fc4b56a356192,TEMP-3,https://issues.apache.org/jira/browse
111,1ff9c8b884b6805a5d08e470b9e7771f39d7449c,e75b2edd53d840e1163e9eb1715ef304596f69c6,TEMP-480,https://issues.apache.org/jira/browse
112,c12bcf57ec3d70303aca8bb3251c2941b1232ebb,aec7c943a7f797fa0c28a525a98964593bec89ae,TEMP-494,https://issues.apache.org/jira/browse
113,ea404294c62a1f54bdd238365e3aa3be587f160c,79253380a13362b631285a427b08f70aef54fa64,TEMP-492,https://issues.apache.org/jira/browse
114,0a6f4d458d63e41de714ff93f28b4e6b8b5c44eb,ac65ef8457de014462967ee6d9354ed43cace618,TEMP-492,https://issues.apache.org/jira/browse
115,188c2d0f926819cb3f133600bfa253b4cc35636b,efed269e52de3d7dc9733b9d47408526bff25a7f,TEMP-492,https://issues.apache.org/jira/browse
116,ba93e499b9e327bc2a131b740c108aa477a1a652,87058fcc14851401368176e34ccbe07688513c60,TEMP-1,https://issues.apache.org/jira/browse
117,417108e8aaa49f406ab7ba6f7e8f341fda5e776b,564bd1ee8e227972fa62c14fac730770c8133847,TEMP-8,https://issues.apache.org/jira/browse
118,783fea7e5484a7c4fa1d918fc10db3cf151b1e36,1f696bb27bd7045f6361f4ab6f131e60a7d52ee2,TEMP-46,https://issues.apache.org/jira/browse
119,54b53793a5f46eed7648ff3d2236eb114c4f1121,27369ed150d79a009c72e070ba61ab5b9148f6e1,TEMP-5,https://issues.apache.org/jira/browse
120,8d1fd6ffc999fa31a28d54c33f0d9be3d502ea4b,54b53793a5f46eed7648ff3d2236eb114c4f1121,TEMP-485,https://issues.apache.org/jira/browse
121,0fc436474cd29849bd610e7336773e08ba37c17b,4bb2f5f1a66f4fa8059941549cc6eea53a19286c,TEMP-483,https://issues.apache.org/jira/browse
122,9c88461ef8254cdb30f9aaedb312135900d0065a,6d3d503cc4a4dfe75717fb9eb0b9d2b84ecdd45b,TEMP-466,https://issues.apache.org/jira/browse
123,d189001e04b93586e0f07a4648ec402b0e5cc6a7,12d33c3bd2156252b55cb7152fe8a153effc74cf,TEMP-426,https://issues.apache.org/jira/browse
124,21fe00762666bde2131c441bade758ae203b4bd0,65334e1c34299fc54d36885be1b6b1b29099d854,TEMP-3,https://issues.apache.org/jira/browse
125,f48876521e52ae38d4e75c08c5fb27edb0eee326,737a076added6e41719d205ca9aa5261e68e5002,TEMP-456,https://issues.apache.org/jira/browse
126,4c0888abc38717d496e7781c0e648b30df42afbc,f48876521e52ae38d4e75c08c5fb27edb0eee326,TEMP-449,https://issues.apache.org/jira/browse
127,8c404450fa97dc5432cec89d37f96cf1c2c2926f,6037f828b16141d886e636a782fe81fe69662606,TEMP-473,https://issues.apache.org/jira/browse
128,58a309554be9de39a3b2665d56b6dddeca4fd648,6e6b6dd192f5303264e4735ed4375856198bc6c9,TEMP-475,https://issues.apache.org/jira/browse
129,a2ae87fe4b866e3afd332b9b07870fb8c2bc84f3,58a309554be9de39a3b2665d56b6dddeca4fd648,TEMP-465,https://issues.apache.org/jira/browse
130,bb507f2b401f37122f4117c706b20c3bee81021d,8428e16383bb3b071bda3760351cbf0b456dad37,TEMP-467,https://issues.apache.org/jira/browse
131,c8ee971720d62a4d4461e0f9aa736196dfeb5d5f,a62d38cd071e90b8daf726bda1b8a0ee7f3352bb,TEMP-458,https://issues.apache.org/jira/browse
132,05c7e67c441d5c493892debc413334d9f8efcd56,f6517101f46aaf05d4c25bcfa95b887ce7f9c2ec,TEMP-450,https://issues.apache.org/jira/browse
133,d8bbd2f6cb457e84429ef13425851beb272a09af,b824ae8b74ab93fb2887bee202251a88fd804a77,TEMP-448,https://issues.apache.org/jira/browse
134,ac306ed984bc863a37731a1cb73c415b7658a7e9,d8bbd2f6cb457e84429ef13425851beb272a09af,TEMP-442,https://issues.apache.org/jira/browse
135,9531037d109dcd6a08f6dab785e2854694a84bc7,4593db5c235bf26cd90f4595b6c82ff16ae99149,TEMP-444,https://issues.apache.org/jira/browse
136,4f21d978fbfa17f550d1b5e47c9c83c24e7f34fa,5a1999f11206fa2907921412448b98be342010f1,TEMP-441,https://issues.apache.org/jira/browse
137,27f5161b1cfcaf5b8a76e7d829e2a16e6a79755b,4f21d978fbfa17f550d1b5e47c9c83c24e7f34fa,TEMP-440,https://issues.apache.org/jira/browse
138,33c3dd9d29a5db663c335edd5ec442c1d080f4de,379524e5af8675671bed871ec69fa688e261f870,TEMP-291,https://issues.apache.org/jira/browse
139,760661dfd35d3c51f4aaddf914b32223787ad0c7,b5ac3314309acc4cded8f65cf50adeb7a1c13f95,TEMP-412,https://issues.apache.org/jira/browse
140,ed22efa425b044aa72e1d80ede10d3be49951a30,760661dfd35d3c51f4aaddf914b32223787ad0c7,TEMP-410,https://issues.apache.org/jira/browse
141,c8dc878a01645f13059f9504ea64014f28441552,c266a88173dd8d12da5519f0b4f114e9441e92d6,TEMP-437,https://issues.apache.org/jira/browse
142,720442a947bdb0c49bfaf6788059b274dd6d0edb,d0af24cdff2aecc9c63affbb395759d8ab44aee4,TEMP-422,https://issues.apache.org/jira/browse
143,3f56c7abbd2d0257260d2c4a1af458273b4e3425,31ca60623ff48b6b4563ee81901486277610c34b,TEMP-423,https://issues.apache.org/jira/browse
144,8215881d49fc1a5478b1a30518bbe2b2e90830d6,3f56c7abbd2d0257260d2c4a1af458273b4e3425,TEMP-426,https://issues.apache.org/jira/browse
145,ba75ed23264fdc913f7007323d6ca728bc3a712e,8215881d49fc1a5478b1a30518bbe2b2e90830d6,TEMP-430,https://issues.apache.org/jira/browse
146,addf9529dd35a7a01b3baee7472736dcff28d294,ba75ed23264fdc913f7007323d6ca728bc3a712e,TEMP-434,https://issues.apache.org/jira/browse
147,432510450e21779226669b40d0b3531baaf8e27b,5278cd419abc3ccaabc352ba67631b1985eb4bed,TEMP-428,https://issues.apache.org/jira/browse
148,9c704fb6de46b9eac6d8f2385a8794458a16af04,432510450e21779226669b40d0b3531baaf8e27b,TEMP-421,https://issues.apache.org/jira/browse
149,1f22cb625c2b4a084258f816961153e0951c9e2b,11f725ec69d1aedc1302f50609c8a49d52fefc6d,TEMP-409,https://issues.apache.org/jira/browse
150,0e3a5bf9d1fd57895bf1ada985ecc800f5261838,6858072e1ee0bfc7c9865bffade4df0bb1696a72,TEMP-404,https://issues.apache.org/jira/browse
151,87ae91b48a06288678f98c4986af5114c223aae0,0e3a5bf9d1fd57895bf1ada985ecc800f5261838,TEMP-404,https://issues.apache.org/jira/browse
152,1b140680b6dc855ddc664b889f4e03928d3b03fb,87ae91b48a06288678f98c4986af5114c223aae0,TEMP-396,https://issues.apache.org/jira/browse
153,36d066c37a07a4e5e779c318fe3965924831ee0b,1b140680b6dc855ddc664b889f4e03928d3b03fb,TEMP-396,https://issues.apache.org/jira/browse
154,2f51bef387030f95be40cf3645b8fead45dde008,f362322ddb6f3ed05cbb8427f8e3dd2e568bbde4,TEMP-399,https://issues.apache.org/jira/browse
155,4d43ad4001c5196e5cde5b7c009bf57fec1b64da,1eaa52321395b5f58cbaf6caa27f2bec6f2fe406,TEMP-402,https://issues.apache.org/jira/browse
156,1fa1b9ec8b48e6a3e69a2629b051927bd70305c8,4d43ad4001c5196e5cde5b7c009bf57fec1b64da,TEMP-401,https://issues.apache.org/jira/browse
157,4ed4690452877ffd028f3a61425191bc3f82f5f7,1fa1b9ec8b48e6a3e69a2629b051927bd70305c8,TEMP-401,https://issues.apache.org/jira/browse
158,e7415018429890873ea9556112f8b04479852deb,12c952df0694b3df19d02a0fc072d5d1910b0a63,TEMP-397,https://issues.apache.org/jira/browse
159,393d38e08ec3dd2bd83532ef6aa19a08d446d57f,c062f74182fa8eb15b60b520d1f8ae10eff71b1b,TEMP-397,https://issues.apache.org/jira/browse
160,5f84f0a17b60395026b8600861c70733ff63071c,9faf79c90ce0b4e6d8acdd6b8bfe5fd5fc7bae9f,TEMP-397,https://issues.apache.org/jira/browse
161,2b248a62e4148b5f92ec7c8d10a7eac1184bb015,46c9b97454b17150b3ee7b2de973eae4aed8522a,TEMP-268,https://issues.apache.org/jira/browse
162,33caf19f30fd1060d3cf0b863ebf24fc3327211b,90ccc18509a354a05768f1c82051b4096fd5a954,TEMP-369,https://issues.apache.org/jira/browse
163,ab23ea19ca6d7498c00ae3cad930474a0de2a008,33caf19f30fd1060d3cf0b863ebf24fc3327211b,TEMP-367,https://issues.apache.org/jira/browse
164,c55f56d6459fc8c8a9a0df19cba54b3f8ca93de4,68bcc154c4ee05771538a8ff466e087b3072f06c,TEMP-388,https://issues.apache.org/jira/browse
165,ad39cce40fb518021ec1b7b11af61fb4328ff357,c55f56d6459fc8c8a9a0df19cba54b3f8ca93de4,TEMP-362,https://issues.apache.org/jira/browse
166,5b366f24f6169676c625bcdc2b5ca87aae13f915,ad39cce40fb518021ec1b7b11af61fb4328ff357,TEMP-89,https://issues.apache.org/jira/browse
167,5b470174edcf743bf152b66e208592289f559c10,48a4d8212d4adcc3ac1de986e2abb0d36b931c86,TEMP-377,https://issues.apache.org/jira/browse
168,602a7e915c8a585c2beb7c026fe21b88dad1c8f0,2294b22f2a3675c47d6d69c1b4071adfc6be2cd0,TEMP-372,https://issues.apache.org/jira/browse
169,e5e8ec48f73b27b17dc60daaf184d481738f1fba,1f5b8095272bd0516f8a1d352a0a6eaa00d7e096,TEMP-354,https://issues.apache.org/jira/browse
170,51b6ca9fbf996f3caf44f0da750ff800fa7a2204,81cd8d90b2771b3f514cfdcfc73ee237bfdad6ca,TEMP-276,https://issues.apache.org/jira/browse
171,e6f32804ec4d841fa3de29ee1d8267e52b453303,a009b96b6a39744e6c02ea036f1719ae74935424,TEMP-327,https://issues.apache.org/jira/browse
172,7bba666b88d80afbc2d63ca28a13f9dee4b6539f,bc0f9d2ea697d21ff85d7ff5267b8a77bdb03df5,TEMP-350,https://issues.apache.org/jira/browse
173,ee0a6a094b212a4ca688f167bf9229601b52df8f,92a49d9f04650358740bdc854022ddc918f9a8a9,TEMP-365,https://issues.apache.org/jira/browse
174,8dbb4478ddaae61c259b9e0a2328f3d0416eaf67,ee0a6a094b212a4ca688f167bf9229601b52df8f,TEMP-366,https://issues.apache.org/jira/browse
175,e00bc823c9a81c009057a6348d842243230cb7c6,8dbb4478ddaae61c259b9e0a2328f3d0416eaf67,TEMP-276,https://issues.apache.org/jira/browse
176,c71eb0cb6c0bca9f6bec144505f78c8f1e639013,4637434691d853d013daac0af1374cfcda3de031,TEMP-185,https://issues.apache.org/jira/browse
177,4e9bd7f4681f6cd5efcb00f0360c0c3c2a5e8a91,1226cb414d62e0f7f9b2433fd8f6a839f9208594,TEMP-364,https://issues.apache.org/jira/browse
178,6986685e30874e009b537da8db5cceeee831020e,03da017dfc0a0a033c9f9cbb07f40df2f7024070,TEMP-363,https://issues.apache.org/jira/browse
179,f95281525da7eaaf8565afa4e5c72fb33f17e59d,4b95006a95ba1c4b756c0dfaab8b5a9ab43f3e6d,TEMP-348,https://issues.apache.org/jira/browse
180,be00bd6b4c44e26afc972bd0ab196b1b59eb770f,9fc7e85de43213ae797b27dea5005c0cd58a943d,TEMP-345,https://issues.apache.org/jira/browse
181,ff71403dac8ae5b60b53f976d94afb728d514182,ee34b1dc39e3dee7a4157d2f812b456212f66c9b,TEMP-289,https://issues.apache.org/jira/browse
182,ce3d7fe461b06eac6cee86da320592766c3ea08e,ff71403dac8ae5b60b53f976d94afb728d514182,TEMP-317,https://issues.apache.org/jira/browse
183,4af259d5796dd0d5596b133016a6eefada6e078b,babcf3132e471875ca53d25215a0a7af605967df,TEMP-330,https://issues.apache.org/jira/browse
184,b0c51fd8ba7e811c68c5bb4fa8ffe121f3c2c382,4af259d5796dd0d5596b133016a6eefada6e078b,TEMP-303,https://issues.apache.org/jira/browse
185,2bf1be104343790a7410a76178f2fd62428b7157,b0c51fd8ba7e811c68c5bb4fa8ffe121f3c2c382,TEMP-360,https://issues.apache.org/jira/browse
186,453f9b3b9672c1f3f6ffb8ad08de661ec44c3ab7,c702d38a6e54c9c949d45b85f34db398c21d866a,TEMP-360,https://issues.apache.org/jira/browse
187,b6916b6bbbdf23d0b24d273e4693cc19e1d73080,3ce46ae21184aeb703468a3e1628b8de006fde02,TEMP-359,https://issues.apache.org/jira/browse
188,b87be437ebf31bd7315ca6b7111c49b706fb0617,17a1a0237411139a92fdfce236864cfa6ed4f87f,TEMP-355,https://issues.apache.org/jira/browse
189,770e70fb97f60872defd5f6be3f150423fc59975,b9b9bae63e08432f620abd1c0e35abf662a6008d,TEMP-351,https://issues.apache.org/jira/browse
190,31225f96b1f0612efe277980a556a59aa6ea500e,283d197e50372882ae8d2f985a6c2a493ce58dad,TEMP-262,https://issues.apache.org/jira/browse
191,a9635dc59f0c4227c08322108630fb8805cd461b,ca5da1a157782a2b62f7d7f71850c4b4647c4db0,TEMP-276,https://issues.apache.org/jira/browse
192,b48666a3fb4e4a618d6ca574597a677397e20c9d,c4786e75f22050e5716072b2ce53463c87a076d0,TEMP-334,https://issues.apache.org/jira/browse
193,c73d661f30f04065c0375ddccf46e1404b7b289c,a1e68021aaaeb120a47612624ce54f3eb409fbdc,TEMP-2,https://issues.apache.org/jira/browse
194,895ffae05ffa20b661e0d189d03beb9d20eea165,c73d661f30f04065c0375ddccf46e1404b7b289c,TEMP-339,https://issues.apache.org/jira/browse
195,ed18f4f95c55e7cab56868ebbf712d17f397bda6,895ffae05ffa20b661e0d189d03beb9d20eea165,TEMP-341,https://issues.apache.org/jira/browse
196,0ff6a459d2e8f3ed535a3db5b4c4938c0361c346,ed18f4f95c55e7cab56868ebbf712d17f397bda6,TEMP-339,https://issues.apache.org/jira/browse
197,bd4ebb482172e656ce008f94d169170f58753cae,f310f6ae6f2bec8239289fb6bcc1a9382929168c,TEMP-291,https://issues.apache.org/jira/browse
198,906377e8d7b9c0361e902d28ff728e5398dbe379,045baf90953dda495c94258b5d3b2c835e9950e1,TEMP-313,https://issues.apache.org/jira/browse
199,27c68e353540d95c8b287e40ae08e349fd772a59,906377e8d7b9c0361e902d28ff728e5398dbe379,TEMP-313,https://issues.apache.org/jira/browse
200,a213b442caa69bf5902c11e8545e11acfee6bf4a,9de4928a1860c043a8aec6a7bdf150650a33632f,TEMP-328,https://issues.apache.org/jira/browse
201,ee2caa2e100b41b108e5f540ea110fc984f0f13c,0c3c30d99fa91d75fee373c8a48585ff34bf3701,TEMP-74,https://issues.apache.org/jira/browse
202,a68542f4bcbf6d986a5eb62b3584230556c95bb5,e5255e86575ddede23245c5b12da26732ed23936,TEMP-330,https://issues.apache.org/jira/browse
203,444d7f13d36b3bb19321bbd0c5cd39f280228eb0,a68542f4bcbf6d986a5eb62b3584230556c95bb5,TEMP-180,https://issues.apache.org/jira/browse
204,dec6c1a347d7521976d7205ccc1910780f6879fa,444d7f13d36b3bb19321bbd0c5cd39f280228eb0,TEMP-1,https://issues.apache.org/jira/browse
205,baec3f0f99abd5d3f4f1d6b033aba0e39b323241,b94a9e981799af5cd9856e63204c8f3b7b7e1555,TEMP-302,https://issues.apache.org/jira/browse
206,b60e513e40d6b7464f33f1dc9127142d7c887373,baec3f0f99abd5d3f4f1d6b033aba0e39b323241,TEMP-264,https://issues.apache.org/jira/browse
207,ceeeec1b1d6363ec96d4f6210826b91016becc57,52686b3317613f1b386618f027f84cad03dc71d5,TEMP-1,https://issues.apache.org/jira/browse
208,d0d39cd5c38a14f774729382bb4591272157e3f3,d4c30694bedd5796d4de42bbcd4d0ce6bfc7a601,TEMP-1,https://issues.apache.org/jira/browse
209,1382c2c056507a001a189872ea72b47ccb70f5df,a0ae3ae65e5762b66f79fe433db83896bbf21fb0,TEMP-290,https://issues.apache.org/jira/browse
210,8b1b7fd195403b6e35fb54f78d094d691d90e480,1382c2c056507a001a189872ea72b47ccb70f5df,TEMP-290,https://issues.apache.org/jira/browse
211,cc8870db1014308fb6f426aa72ae697e25a6a199,af63187f263d9926c564078d15eac90feae0159d,TEMP-305,https://issues.apache.org/jira/browse
212,8b7d2897c8997b294d34fde8c16d954f9669ba36,cc8870db1014308fb6f426aa72ae697e25a6a199,TEMP-300,https://issues.apache.org/jira/browse
213,bf06da2dc19754c501c23d83317686903c0fb0c9,a8da84c614ba6e6e87c6c91e0c426ddfec2766a2,TEMP-294,https://issues.apache.org/jira/browse
214,06d7e6eb7ea8410369576a3baa52db1a8bc29ae6,46548634f12fcfacd2e455a6f45245aaee81c773,TEMP-294,https://issues.apache.org/jira/browse
215,3141ea465ed0e8df367bc0a470486b30d3efffdb,5eaac875d5c9e4100ed92c72c7176c524ecdf01f,TEMP-279,https://issues.apache.org/jira/browse
216,7ddf77b60a9f65925d166a5e8b6fa2a7aeff6156,79a19d63165db326c918a9cb96c9f55f96fce359,TEMP-277,https://issues.apache.org/jira/browse
217,b1147fde1076f89b396403cc3a22b4871cb1f5ed,7ddf77b60a9f65925d166a5e8b6fa2a7aeff6156,TEMP-276,https://issues.apache.org/jira/browse
218,a29009716c694f44b5469735268f3397b57e0612,9d2d25e620cb4f0d2091f1639fcce53b2584c5c2,TEMP-275,https://issues.apache.org/jira/browse
219,44cec10c8d2683429a48565072098a89426ed27f,a29009716c694f44b5469735268f3397b57e0612,TEMP-274,https://issues.apache.org/jira/browse
220,6655daf3f8eaf1392a27dccbf0846d2a79e33616,b8bc7f83cf3123de1440fd48c65158176132b334,TEMP-261,https://issues.apache.org/jira/browse
221,e9a769fd0aec0bbd549af9a2804f218dd76a952a,6655daf3f8eaf1392a27dccbf0846d2a79e33616,TEMP-262,https://issues.apache.org/jira/browse
222,b59310ec79f3dff3c3ddddbee61dd4acece8fdc4,04e55f06015356a0a0b2358b97fdf8aadeb46435,TEMP-266,https://issues.apache.org/jira/browse
223,3687706250eede3c6f1906a3011d5adc9ea2a216,b59310ec79f3dff3c3ddddbee61dd4acece8fdc4,TEMP-266,https://issues.apache.org/jira/browse
224,ddd40b701b587c73c51d6b25e5a7422e622ff765,3687706250eede3c6f1906a3011d5adc9ea2a216,TEMP-265,https://issues.apache.org/jira/browse
225,0a0a8eb0dc118f60ac7d9ee2953a2a756aba1f4f,ddd40b701b587c73c51d6b25e5a7422e622ff765,TEMP-259,https://issues.apache.org/jira/browse
226,a4890ef33ef2ed94d04b1694fab8836574d35d77,ad1a51f03abbe85c6648c1b94d9ca440cb1d6966,TEMP-257,https://issues.apache.org/jira/browse
227,be5af473dca0fd652be1637d824d0baebb492947,4705df354608830db5d53e6dfb476b2b032e886c,TEMP-232,https://issues.apache.org/jira/browse
228,a4244f86bdafafb60f7fb63ced991a105d65f611,092aa892f11cb28324dcb0b57f19a220a8e65285,TEMP-236,https://issues.apache.org/jira/browse
229,e55d11446fa3a268a5653aa82d51fec2cf4cfbfc,a4244f86bdafafb60f7fb63ced991a105d65f611,TEMP-242,https://issues.apache.org/jira/browse
230,1bf311737d015ac4ef840d75dd97964b9373aa19,11822e984d6a055c39b5051477ad667c37fa2237,TEMP-248,https://issues.apache.org/jira/browse
231,8a2c79cbe16865c44a1bfa6b9877b1b67913b102,1bf311737d015ac4ef840d75dd97964b9373aa19,TEMP-250,https://issues.apache.org/jira/browse
232,c65ef9d7f1a985cc2edf754f77498654891ee553,c4cd3d1c5ea6d15316713a633196185c78e5a8fc,TEMP-225,https://issues.apache.org/jira/browse
233,ad68413e363e51af7259d0fd3c69d5ba2974f590,f4509e7fff01493c2f1683c1ef0b9cbbcf3b4c09,TEMP-225,https://issues.apache.org/jira/browse
234,a3b42c1a0d76d8f492ba31395129c508dd8e90d8,ad68413e363e51af7259d0fd3c69d5ba2974f590,TEMP-230,https://issues.apache.org/jira/browse
235,8f6ddb5b26c910e94ab3b6e4d86bbf3d9f945698,c65ef9d7f1a985cc2edf754f77498654891ee553,TEMP-230,https://issues.apache.org/jira/browse
236,535b1eefc475848441169794c2354431ec32644b,a70f7c8cec33421db2be57525d9b193a32d44fd2,TEMP-223,https://issues.apache.org/jira/browse
237,b30d6460ed1e7cf69172eac2b05eaf67dbcb6351,58f702c8619ed0a071d9a5da6c193c3be1ca39dd,TEMP-223,https://issues.apache.org/jira/browse
238,77faa7b0d97f026be079d83c04dad7fcee27a1b3,6e859c18a1c624fca140c636658df191a9ef8cb0,TEMP-221,https://issues.apache.org/jira/browse
239,0e5e6df0b124a7408eff0cae11697d618f656b81,6d7731e3085da1999035284c65929ad66f63b607,TEMP-221,https://issues.apache.org/jira/browse
240,19cb6843f030f19f468487ebf511f04e63916605,dda1bff5fae389f63bbed495fd0ab6632aa6b2d7,TEMP-208,https://issues.apache.org/jira/browse
241,ef06b552079c82190579b32ba41e4e954134fdbe,8601927a7abd8a549d737024575fa97cf0643b2e,TEMP-194,https://issues.apache.org/jira/browse
242,2c04d921c6b50ffa3c69b4906f186a4626bc03c8,bb1c0319a76d08ee028ef792064aa5f92fcee0ec,TEMP-208,https://issues.apache.org/jira/browse
243,f1d01733afd2ac615d754991b94bb93492e85502,46c188e2a222fe567926cd5c9291855238622ee5,TEMP-194,https://issues.apache.org/jira/browse
244,f06c2236c17b076666332e38f109f4cc766fe717,8f28a93ab1933356496a2fce1d7a6cd39a0dca50,TEMP-216,https://issues.apache.org/jira/browse
245,42bd8f0cae981b40ee86b10d1abc02258b421791,e8f3ebfdf487f1e70f06b8bd990e0400542137da,TEMP-213,https://issues.apache.org/jira/browse
246,7d75d97ff1d071bc688d74f7f5060277ee82c743,881bd43752025c1315b09177d3bb5478d16835da,TEMP-188,https://issues.apache.org/jira/browse
247,0d84e07a916e35eae53961dcf43522ec89e8a2e6,c8cdd97e568cb25d21374fcb4b6f5cc2660ba3a5,TEMP-211,https://issues.apache.org/jira/browse
248,ce13bab451577512245b345bdf36ac95fd1c1666,7d75d97ff1d071bc688d74f7f5060277ee82c743,TEMP-211,https://issues.apache.org/jira/browse
249,30ac1c5e1279efc68f8bdcd58f5a521866247aa5,ce13bab451577512245b345bdf36ac95fd1c1666,TEMP-211,https://issues.apache.org/jira/browse
250,fafba67a2318599b6565c01e6d13534d95c1e437,cc49d682f1cb32939e880e5ecbbfb8baaf106ba2,TEMP-211,https://issues.apache.org/jira/browse
251,743ebf1541a728d74f1aa30dd4f63932f2016d34,17959f838d049c87de800ce848d01b3dcdffd19c,TEMP-211,https://issues.apache.org/jira/browse
252,104ff762285bf11ff4305f295d822cc79262eafb,35648a2d7640d8551a372a80c88f7d337daf8411,TEMP-188,https://issues.apache.org/jira/browse
253,84a574e82115eeeeed3d115f2a09d0a080b8c7c5,104ff762285bf11ff4305f295d822cc79262eafb,TEMP-197,https://issues.apache.org/jira/browse
254,3687d9331a0002f7735dddf93fc0bc19939bf94a,2bdec9bac2d6b5135aba3b8b80beadf5492a7348,TEMP-197,https://issues.apache.org/jira/browse
255,f4fab2c93bfb37dd183eb95b06d3551ac0b8c6f4,84a574e82115eeeeed3d115f2a09d0a080b8c7c5,TEMP-195,https://issues.apache.org/jira/browse
256,efb89dd9f2f2c4961518f7a20b5c162ad86841f6,3687d9331a0002f7735dddf93fc0bc19939bf94a,TEMP-195,https://issues.apache.org/jira/browse
257,03d73d56148d078dd3aa93798b0706dc79b4d367,efb89dd9f2f2c4961518f7a20b5c162ad86841f6,TEMP-203,https://issues.apache.org/jira/browse
258,0bfc5bbc5f848d203fa5ca0695e88600641d4783,03d73d56148d078dd3aa93798b0706dc79b4d367,TEMP-206,https://issues.apache.org/jira/browse
259,ae547484e78b0280dbbf314d10e0bb98a5e3ce87,f4fab2c93bfb37dd183eb95b06d3551ac0b8c6f4,TEMP-206,https://issues.apache.org/jira/browse
260,8ceaa46d31ce37f3c24aa64ded309191b9165a28,1078ab218d3c0e62c313eec88545d18813b0efb7,TEMP-201,https://issues.apache.org/jira/browse
261,c42fdde73cba37e782673ae2310b9fdbc4f7c49e,0dd2e79fbdf14f62db132a837f987fe38f831243,TEMP-201,https://issues.apache.org/jira/browse
262,1695320a42c5e6e5f940c7e0bd617f35c9f271bf,f99153a3b9358d7e2d8b9fae3d9fb5163d5d65bf,TEMP-2,https://issues.apache.org/jira/browse
263,68c3b9644c1e976bf489c1ff029d6e080cafb511,2ff4c4686bd5f50f0304eaeeb58231d1b8257047,TEMP-169,https://issues.apache.org/jira/browse
264,6af5849865fb193727a996d894a32160fcfcd047,f67e84f14ef74212c9168ecc63e38fd7ef3d1ab5,TEMP-2,https://issues.apache.org/jira/browse
265,42ac1f2fc8020a93875c99e70939f7270c651af1,98b3ea94e70512d81008dbdb563ff7b096d00e4b,TEMP-2,https://issues.apache.org/jira/browse
266,c9e76236f32666b05d622ea112c9f2b044c79e25,be17a6d191362ff5363ec7d9092e19a6bc29b79f,TEMP-1,https://issues.apache.org/jira/browse
267,63ac1fa0489cff5cef264fda4e8776064dcdb14c,386c6c0e18853d44754c6ee0ce99fd14c614fe5e,TEMP-198,https://issues.apache.org/jira/browse
268,d63063f41ee00f3e10e9e651f579a8b9b1778de1,c9e76236f32666b05d622ea112c9f2b044c79e25,TEMP-198,https://issues.apache.org/jira/browse
269,32bab3e4ca532aceb5ec75fd93a4d6869fcfcfbe,30f5293c15477339ca1f6e5ba60a17da24e08000,TEMP-169,https://issues.apache.org/jira/browse
270,fea4ef72456cefa506c128f59c3a36a3eb97012f,abfee60e6f5aabc268a39f55ecc5f295fc3bb7f6,TEMP-198,https://issues.apache.org/jira/browse
271,571c9eac8a1471ad1a088e71e06a1a61a95e9646,32bab3e4ca532aceb5ec75fd93a4d6869fcfcfbe,TEMP-198,https://issues.apache.org/jira/browse
272,a3da71f021b0ad3502bb07a83bf41412f991ab5a,571c9eac8a1471ad1a088e71e06a1a61a95e9646,TEMP-73,https://issues.apache.org/jira/browse
273,7e9b1a447f277ac07267710aa96f42cabf3b49b5,3c394cece81c20dce6747dc5512c25a82194b847,TEMP-73,https://issues.apache.org/jira/browse
274,6ead4cf11bb026fbe9461cda373838b1e26e2523,b4d24d0c1a2b30b74be218b9c23727ab78af970e,TEMP-26,https://issues.apache.org/jira/browse
275,d9335291150e80cf27cca2dbce3096ea5c72ca6c,7e9b1a447f277ac07267710aa96f42cabf3b49b5,TEMP-26,https://issues.apache.org/jira/browse
276,116ca542b2738296429900ca878cf813780f9cce,5ee140c8621043c31352db9b7ffde063d452881b,TEMP-1,https://issues.apache.org/jira/browse
277,9c672b13b5a175c231ae17270331098998441fc9,1ccf0989570645d9bb403a916324d07992c16b12,TEMP-188,https://issues.apache.org/jira/browse
278,fdfcb814712d7d6c40116bdbb6df183f935f0cb3,251c542162e563fef81954fd373cafcc31f24824,TEMP-188,https://issues.apache.org/jira/browse
279,09348fb06810a9683835cf626fdbcb8510410e7d,fdfcb814712d7d6c40116bdbb6df183f935f0cb3,TEMP-188,https://issues.apache.org/jira/browse
280,91c8ba0b9509077c87dea7558aa804bf8f02c13e,c351e2292f4bca64ce71b75d73b5cd727d623c6d,TEMP-188,https://issues.apache.org/jira/browse
281,c47e8668ba33b590fe7705ab4778445216e0b8c4,52d8d739a6ba7e623ba72855597fc0ba5ba77ad3,TEMP-148,https://issues.apache.org/jira/browse
282,ef5a226f03260e828bd14c0f08f57719338aa061,a02430dbd4636baa43cd3d496a94c33c29cbedd4,TEMP-148,https://issues.apache.org/jira/browse
283,42424fdb6948b948ca64c333b136a0ccf79c619f,ca4c6b694befae0bffbdba330aebedbcd7d01e17,TEMP-172,https://issues.apache.org/jira/browse
284,eb254809443214cfdc139eb2ae46fc6ed9ce28bb,7556827f4d25275707a839ae2143a5c4afe169a3,TEMP-68,https://issues.apache.org/jira/browse
285,de60ce3803c67c2791d74e058495e008af3e5fac,eacb4eb812111f8cb8315b291e9b8e8115849270,TEMP-170,https://issues.apache.org/jira/browse
286,41fcf52a10bf31693aae21df5776d051f282002b,000e726af8464d94e7d02d307dde0e07e176d58c,TEMP-182,https://issues.apache.org/jira/browse
287,5d1dc2b9a4bb19c5fbc38c271960be147ef22016,d26934447d0959f1cca83ef987f455b60675f711,TEMP-178,https://issues.apache.org/jira/browse
288,a7fb411ce58472825ec1df10282ad883cbd057ee,5d1dc2b9a4bb19c5fbc38c271960be147ef22016,TEMP-24,https://issues.apache.org/jira/browse
289,5c4bac7c778596338329323482f73d3fbc426a29,f7d6e7bb6bbab28b2851553fe99210649b9f1009,TEMP-1,https://issues.apache.org/jira/browse
290,661d9fcef150209c0b60ddb4eb7e9deb1d26855c,0a27a120e10ff5a9dec9896aebe2cc6ddc0d7bbd,TEMP-1,https://issues.apache.org/jira/browse
291,e321b9be6df156d9a705c084aded741e1ce1ba6f,4676f817b13db90735df8fb9e35304a7a75722f6,TEMP-68,https://issues.apache.org/jira/browse
292,e97e359cf24ce802fc53307dae5f267bc2d23c2b,eb945ea4b8810c4a32f622b1bea7781079a3ab37,TEMP-36,https://issues.apache.org/jira/browse
293,8cf4a9ef1ce9d57153c839dc246c6f4ffe5b97da,2f6cce0a9de948b6b59c0dab22ee4b58c809fe6c,TEMP-28,https://issues.apache.org/jira/browse
294,5227bde621879b1ea0c845bf134efa44dffb353b,ac98ac01c6402965bc51f78e50a29a5d52e5d99b,TEMP-2,https://issues.apache.org/jira/browse
295,db92ab390bccef9d8a95fbb7f69501ced5640de8,5227bde621879b1ea0c845bf134efa44dffb353b,TEMP-2,https://issues.apache.org/jira/browse
296,a430c93c3342fca04a165e54f482210927a40db4,2fca632ea5acd3b5151e3bf72810788908ec79f9,TEMP-5,https://issues.apache.org/jira/browse
297,62cde574fbda9a2be6f06c6361b7550cb59b4c08,c61b67c2c8589d0f89b6e7016529a77e16460897,TEMP-1,https://issues.apache.org/jira/browse
298,251f4a8eb8257ba19d30450b108f698a0f3e17f2,eed40040affe2e85bf507ac05c2451caa0e21b96,TEMP-6,https://issues.apache.org/jira/browse
299,25bd758f2c6cd46e693ed7f159044e5b2a1886f0,96c19311a1f6e9fb05a80c92184f25de0e9cd16b,TEMP-1,https://issues.apache.org/jira/browse
300,f2f778bf4b0b8cf2efc029ec7bbb066b14b53a21,cf5944112edb28e47b15ed525aa6d089f3eddf41,TEMP-1,https://issues.apache.org/jira/browse
301,a8bd4d8a8f2f9cbe40e4f3e5b2e40f31b96f3710,4255137ba665d6010482e321a475ba3fe2db3b7d,TEMP-1,https://issues.apache.org/jira/browse
302,ce95aecfff5b5f7157417c3634e6c486ea7a3500,3360fe8fa3e5f4d8aa74bdadb609757ce5bd866f,TEMP-1,https://issues.apache.org/jira/browse
303,34f3a4ded3ca939a8e72b230281b407049ecc1ec,5fbc50a66288428e9487304a5609c5607bbb2e1f,TEMP-1,https://issues.apache.org/jira/browse
304,e575223c9226c84f0619df7800ea0aa026950492,b33d625edca79d938cb2c47789f323efe7d35ac5,TEMP-2,https://issues.apache.org/jira/browse
305,70308699381f515f64d038419066481f8b44b272,b2c926d3c417255c171006fc6171657565b3893a,TEMP-4,https://issues.apache.org/jira/browse
306,fe68229d56d5dd499664c743384f7b29c566d09c,fbfa44845e218d4408f511e7f36c0bde90a5909f,TEMP-8,https://issues.apache.org/jira/browse
