bug.id,revision.id.buggy,revision.id.fixed,report.id,report.url
1,fef2624535676fb1170837476944444f9b929f23,310395799ed09a6b8848115b847bf0a49bc0ad45,TEMP-318,https://issues.apache.org/jira/browse
2,8806ed16259cc7ef12050cd2816d79550a44db99,0865b1571aac87f49e7f743eae00e32bc34b365f,TEMP-317,https://issues.apache.org/jira/browse
3,b6b4e9c739ffc22fa0cdad3d54dd203682a47960,0fb5942c2144f53a0291b8da0184ea9f1520e863,TEMP-285,https://issues.apache.org/jira/browse
4,4b923bb3f845f5bf63fc10972ba6541c8101a4e2,e40f0db1dec673bf47f80d5827d87850ec0af0dc,TEMP-312,https://issues.apache.org/jira/browse
5,abac6c05136548ebe83dd93c978daa4a8bf6bd8f,2b0311a56fb68119dd8f22647e56e47dfb1f3f47,TEMP-168,https://issues.apache.org/jira/browse
6,58ef1267e713daf5b60a6dc204273533397e0e83,abac6c05136548ebe83dd93c978daa4a8bf6bd8f,TEMP-168,https://issues.apache.org/jira/browse
7,070cc627f4e6d61913dc52d2caef798532d7da41,ef80e4776e487dfe6c46573e528ffaca35164c6d,TEMP-279,https://issues.apache.org/jira/browse
8,aa84b538d1c7f4fa5be1565ac18a29ff0d77345d,070cc627f4e6d61913dc52d2caef798532d7da41,TEMP-279,https://issues.apache.org/jira/browse
9,74ee172f3de061152b780c15eef732a3189e0eac,0265f93162ec441aaeb78d497fd919296a0b490a,TEMP-216,https://issues.apache.org/jira/browse
10,1133f3be1bd9fa9afb95b8aeaf73a435e007be90,74ee172f3de061152b780c15eef732a3189e0eac,TEMP-216,https://issues.apache.org/jira/browse
11,4b3df95441ea60f73567ce54e259a87a250b62af,ef1821369da871e0cb1c4a36a1ad7ac17529e08e,TEMP-8,https://issues.apache.org/jira/browse
12,752c546f711a6f27ab71ef7e720de1a9b8826a4d,0a7c1c7367f81e4db9b79417695076369fc23598,TEMP-265,https://issues.apache.org/jira/browse
13,51d204a9dc607d9840021396f5b68360a2ea2573,5898b20030d0b5e8d975004f095e8532d13cd1e2,TEMP-264,https://issues.apache.org/jira/browse
14,00c2f34f13c7ad2d06aa38dd4659fbd5fb82adb8,560e8d65252fb086f0aa9776488a7898a844acc9,TEMP-263,https://issues.apache.org/jira/browse
15,789f157619f8755855afdf7956111f4efff93a18,00c2f34f13c7ad2d06aa38dd4659fbd5fb82adb8,TEMP-263,https://issues.apache.org/jira/browse
16,5276ad500ff693b1e48e020e793210ee3e0cd601,219571566fa6e143163afffb0179b2ae846a86fa,TEMP-3,https://issues.apache.org/jira/browse
17,d2f0a80e10d87b05feabac75c5d0309a042590b8,a70be70995679f482870413fcf135a0ed6397dd1,TEMP-258,https://issues.apache.org/jira/browse
18,63965de3ec90a4388c3641ddedd56c6e550f29c6,c0188ad0291a9a169b9c550c754dd05cac36942a,TEMP-247,https://issues.apache.org/jira/browse
19,e316559a406141dfdec3ffada669c3d61c02d18d,67239363cc7178b5f8eb2b677436db79602fcee1,TEMP-253,https://issues.apache.org/jira/browse
20,d53cdd94deb1fb09619b5189ec19ed2636f2bd1c,e316559a406141dfdec3ffada669c3d61c02d18d,TEMP-253,https://issues.apache.org/jira/browse
21,2de52d18830e6f5f194f7a76c6bf5af2ab04d811,d53cdd94deb1fb09619b5189ec19ed2636f2bd1c,TEMP-253,https://issues.apache.org/jira/browse
22,0dd904a0d3b0f1949b6c91916d757f3264b998d1,2de52d18830e6f5f194f7a76c6bf5af2ab04d811,TEMP-253,https://issues.apache.org/jira/browse
23,1397ca92cd3268b434ad8a18529ee3544bbcf3c5,0dd904a0d3b0f1949b6c91916d757f3264b998d1,TEMP-253,https://issues.apache.org/jira/browse
24,7524bed7a5232212b3c4a68d45c783293dbc4dfe,788502bd1afbf94af946f6f8e80e3da982e62fc4,TEMP-246,https://issues.apache.org/jira/browse
25,946a080e2c84ef37044caacaf8b9092da7868906,7524bed7a5232212b3c4a68d45c783293dbc4dfe,TEMP-246,https://issues.apache.org/jira/browse
26,9565ae4a198b9938801fde6c88921ee5f8bfaa05,946a080e2c84ef37044caacaf8b9092da7868906,TEMP-246,https://issues.apache.org/jira/browse
27,7c5ba7472786dafc78f039228113c23a52f4b3ce,9565ae4a198b9938801fde6c88921ee5f8bfaa05,TEMP-246,https://issues.apache.org/jira/browse
28,b4b249c64733e572c231f1891769062688cf3826,1899ab5c32cc80651a8975086b1daeba3d6f978b,TEMP-151,https://issues.apache.org/jira/browse
29,a91b03d59067260bb2818b52b8760db5f5786352,b4b249c64733e572c231f1891769062688cf3826,TEMP-151,https://issues.apache.org/jira/browse
30,8e380e05d2633213fd05499fccf9a7616e5958f8,a91b03d59067260bb2818b52b8760db5f5786352,TEMP-151,https://issues.apache.org/jira/browse
31,5e5483f11582c0774fc9b255c6e39cf3f1869853,90efae3789aed0eb138355ba6f44aacf489818ca,TEMP-136,https://issues.apache.org/jira/browse
32,9dd4bdaf5b53045084b65fbb4f8bf7cd7aa378d3,8f84ea015b9ccfd0f885211e8f97e740d8f206e1,TEMP-13,https://issues.apache.org/jira/browse
33,b684eea67f98010b67db9587dbfb0b1a2d02bb1a,9dd4bdaf5b53045084b65fbb4f8bf7cd7aa378d3,TEMP-13,https://issues.apache.org/jira/browse
34,0c773d2a83c81eb470ab491f9bb4eb0031c3f9f1,02bd6c4fb271cbf69fe11554b3dbb69279428c6f,TEMP-210,https://issues.apache.org/jira/browse
35,70eae6cea40d2c80a13a73b66546f7e637d01077,df6ae68ead603e39f827275b3055adf43c5f3145,TEMP-230,https://issues.apache.org/jira/browse
36,9ddc4c45847d48ab4835c3cf38b307d7083886e9,a38f0e082fe095afbb09cef14e1e5d64e452667b,TEMP-134,https://issues.apache.org/jira/browse
37,e9f975a8eb487369211dc83a84cd618c2214c2da,9ddc4c45847d48ab4835c3cf38b307d7083886e9,TEMP-134,https://issues.apache.org/jira/browse
38,06dd48ee5f3a6bf1bc020891f96bbc2ab154fd26,d328b7f1c3c7e597f4d0c5fa9adb01f8a5a1193a,TEMP-130,https://issues.apache.org/jira/browse
39,7c0645879e27b2038ff3b1a9d92dac80e0504ef6,e7a3d57b5e7fbaa59ce452308cf42341769b663d,TEMP-3,https://issues.apache.org/jira/browse
40,55f7368822b9781d186024524c7cd08adb3a2f59,f55035ac7fb451e85e3139c959a25f47f4ffd04a,TEMP-211,https://issues.apache.org/jira/browse
41,7d67410e944a745765768406e87c887db55c123a,c14e995dfc8b41b13f83dc7c1a4c1cba2808dec3,TEMP-167,https://issues.apache.org/jira/browse
42,cb545743177696a1e3e60fc7642504b54167357d,d0be32b7832a71af72afb9a59fb57fcb19767967,TEMP-11,https://issues.apache.org/jira/browse
43,fa7c16f434061d441d1c0d9dbcfd0f4c3092c880,0a310d35804d6871c38aa7a410395ca5c24003da,TEMP-47,https://issues.apache.org/jira/browse
44,120ef1c107e8641a4277b46997dd144bb851df5d,305e78a0aef8dc0cd267581ebc7a4a5f8316ee18,TEMP-199,https://issues.apache.org/jira/browse
45,9519e44ebf045fdc84262327e076556806aec932,6a79d35d6654d895d0a4b73b3a9282ec9aaeeb06,TEMP-220,https://issues.apache.org/jira/browse
46,eb98398bd111cdc35b2c9a5fc8022a28d7c99035,f5574bfe285edd79207fe8c30f53cb0af06e26bb,TEMP-219,https://issues.apache.org/jira/browse
47,858a70610929b2abe68e9ae7df5ece163bbe797b,b2eda69ec3e25a5c8a407707eba93453460ae9d4,TEMP-103,https://issues.apache.org/jira/browse
48,f108400a896828e785e61a51e10d17aea9dccdc2,170b6b90ed2a884219e24412d4081c0c0ba6275b,TEMP-103,https://issues.apache.org/jira/browse
49,023d9551d2177ed964fcef20bef18b63d09cdb94,f108400a896828e785e61a51e10d17aea9dccdc2,TEMP-103,https://issues.apache.org/jira/browse
50,6228007aa81fb62e4c90e11d3a3efccf35f2df93,8cf2b128010edabf2e6afb2cf1063a2137f69385,TEMP-1,https://issues.apache.org/jira/browse
51,7e7f96857df999175bb614732e13272a82f7962a,6228007aa81fb62e4c90e11d3a3efccf35f2df93,TEMP-215,https://issues.apache.org/jira/browse
52,c5ca63fe3864a0fd7673641d08049741e94a0287,4701b96281124b9ccd6ecd35c3f16aa73345f315,TEMP-203,https://issues.apache.org/jira/browse
53,611c3bb5af022eb9e2f485dbc3368065d369de54,40ab2ccf48eca2d8a019e3264187634af8590484,TEMP-32,https://issues.apache.org/jira/browse
54,b4374368a133614347ca4583cc3f34c84cf538aa,fb0be4a4b561ddc3aa942f2929f734b0bdd9a035,TEMP-209,https://issues.apache.org/jira/browse
55,ae548ab3347924d1047b38c44fa9725a746511bc,41d5cf52d24f954f7e2b2d2d26c786c1956c68f0,TEMP-31,https://issues.apache.org/jira/browse
56,62c8e6fe78529f410478d5830db32aa1ef7528da,ae548ab3347924d1047b38c44fa9725a746511bc,TEMP-205,https://issues.apache.org/jira/browse
57,a32cb5b3d2179f55b1b23d372217c84ed20e7afc,6962d8b98a018e32a0ae0cb0bbd3ba9fab361b8c,TEMP-29,https://issues.apache.org/jira/browse
58,582cbf3cecbb1816e553b12cb6744765372c70f3,a32cb5b3d2179f55b1b23d372217c84ed20e7afc,TEMP-27,https://issues.apache.org/jira/browse
59,56ca99fbb46c2a9dd1de472de7e71a7e74b97c70,1d68e1d4a4600a287f947827acc046a784133cf0,TEMP-4,https://issues.apache.org/jira/browse
60,e745858e4942c5faa73af661b441e8c0d55d8b09,56ca99fbb46c2a9dd1de472de7e71a7e74b97c70,TEMP-8,https://issues.apache.org/jira/browse
61,2c61aaa61a74551573a7946cbf5f35727d405a59,e745858e4942c5faa73af661b441e8c0d55d8b09,TEMP-16,https://issues.apache.org/jira/browse
62,7aa76295c10a7b7da3b142f7c52b9dd3e2339e8c,316d61dfa5c70aa7bca3dffaf5486936f1b4192a,TEMP-192,https://issues.apache.org/jira/browse
63,4ec828ecaeb0b704c0023be0ecd518f2db9c4575,960adeb400ae90168687172fb8202cd872639ea6,TEMP-16,https://issues.apache.org/jira/browse
64,529696137875b36f9bb64e247ff02739fd70da9b,843730117351443d59ef3d15afeffda1920f5d42,TEMP-191,https://issues.apache.org/jira/browse
65,3653791bb2ec9e9224beee7da3525af2cf866f32,4dc0d455ca0fbc1109ee6af22554aa2b40807c8f,TEMP-190,https://issues.apache.org/jira/browse
66,2f64583cdcb8d28d050aba22b46ec41d6df91ec2,2000ebc8be79733140face581be259278dd67071,TEMP-193,https://issues.apache.org/jira/browse
67,1b5e84e28ba3156d444d61151128d183b0554aeb,2bf032e17a06000b8336519b3642a339e5c6d331,TEMP-189,https://issues.apache.org/jira/browse
68,a6ceb9da595d15e355f04f4341bcae7b9d4b0ddf,43aa06dec535111d63ec1411803ec907133e5912,TEMP-1,https://issues.apache.org/jira/browse
69,30b2b34a4864100393e48a27d935f93e52ea0d62,883f3a23e6c85e37b555a9d6fb7f955b9702b072,TEMP-181,https://issues.apache.org/jira/browse
70,14b9eff39ac560a2ab34826c87251b37d72ceaf6,d280ca6b5437975b5a1ca09bbe91c0b8f381c882,TEMP-172,https://issues.apache.org/jira/browse
71,d61a6b00906bbd3305c0167bfecc80cecd0fce0b,3a550ab09bd03f68e01facc84e11f2e1e87a088f,TEMP-22,https://issues.apache.org/jira/browse
72,cd5ef9b33efea115d54d5f536f157cbae3990366,ed6115b320aa309100ba2edabff22f5e0c51a71b,TEMP-176,https://issues.apache.org/jira/browse
73,801a75dcf871914d243f585c8755140eda52c69f,0915f7c3a9bca6f075213c3ee2693cde6c55f4df,TEMP-4,https://issues.apache.org/jira/browse
74,f1fe855f42701c5d98a9b7c59f3626e762bc06f6,801a75dcf871914d243f585c8755140eda52c69f,TEMP-178,https://issues.apache.org/jira/browse
75,716323e180fb123c2e9edaf10a8b43797f4e05a7,38599491bfc9049de0ca161549eb1ab015d6c6b0,TEMP-7,https://issues.apache.org/jira/browse
76,5ab7382520a9f845d7bdbdce94f52ac21823f1df,efd53e5e9bbc3057586af8389a0b139b44af7a65,TEMP-171,https://issues.apache.org/jira/browse
77,7d886c0bf06232096740c5066aaf5510d8e7abf5,fe8856c0bd59231b336431dbe6303aa028985d50,TEMP-7,https://issues.apache.org/jira/browse
78,5ab7a3e29bb8c6a13b961a06db7d9ca3a298f4cf,7d886c0bf06232096740c5066aaf5510d8e7abf5,TEMP-169,https://issues.apache.org/jira/browse
79,e91f6da3d7f4cc218e2d0d3f00565c788aed80fe,d83132da980dfdce0425c79085bb4637f4f6e097,TEMP-6,https://issues.apache.org/jira/browse
80,44554f0549d174c139c614a5fd2553212648a015,4ddd0bc139578b7cda6a57f39c37693ae1dfeb14,TEMP-144,https://issues.apache.org/jira/browse
81,f47c56db6a8b603796b473d0ff7619b549c8ca88,44554f0549d174c139c614a5fd2553212648a015,TEMP-144,https://issues.apache.org/jira/browse
82,fdaf56e48c90d5ade2c950a963b57a79ccefdc71,e05c8e8289072a9137d43e1b1051666ab57fdb32,TEMP-8,https://issues.apache.org/jira/browse
83,1986081e40afe2cd09500ac52a4c76e2a7896c0c,347c203943b68a1dddede34185b0b3852c7d598b,TEMP-117,https://issues.apache.org/jira/browse
84,780bfb95abefbc255f44175ae748be1f5ad9cebb,b292fbd5d0b9143eeaf977cbdaa6e21cfbcdd820,TEMP-117,https://issues.apache.org/jira/browse
85,c09321c5287bc9adc063b65fbc8591cfa3688767,780bfb95abefbc255f44175ae748be1f5ad9cebb,TEMP-117,https://issues.apache.org/jira/browse
86,8ee6c1940294778f6745e5a0fe77ce3940f67d10,c09321c5287bc9adc063b65fbc8591cfa3688767,TEMP-117,https://issues.apache.org/jira/browse
87,fd082cf502d52623b7f755d023f150b3326a0c94,3ec83b0539edfee5a28fd93bb10edb8ae1f5577b,TEMP-117,https://issues.apache.org/jira/browse
88,a6f392282211e8dcb3f9768939228d46d77b6030,fd082cf502d52623b7f755d023f150b3326a0c94,TEMP-117,https://issues.apache.org/jira/browse
89,53ac9c74f4bf8acb7bb355a117cd0ef9b2d18ece,b4123bad4cd30ce8fb515a791b1d654bb838106f,TEMP-145,https://issues.apache.org/jira/browse
90,7900cfc98f221396a3c7b922dc4b51bb0961ae68,92440e4206a12ffd455def326c181058b53b6681,TEMP-137,https://issues.apache.org/jira/browse
91,ee9bc1cca780fae77f8b3744137b5e2aace5bd37,7900cfc98f221396a3c7b922dc4b51bb0961ae68,TEMP-140,https://issues.apache.org/jira/browse
92,c05ba6ca7e64297f10a1c5c1de59eb887c2cb6ee,ee9bc1cca780fae77f8b3744137b5e2aace5bd37,TEMP-131,https://issues.apache.org/jira/browse
93,893f3c95f21507843ef690cabe4d250fd2a84989,f9692079f06000238f9c7af6ed5e231e050bb294,TEMP-122,https://issues.apache.org/jira/browse
94,af0053667fa229546ad193396e34b497d2940fa9,e020119f7cb2b98b9888bc6baefbb43cf438e48a,TEMP-121,https://issues.apache.org/jira/browse
95,fda23ed687b7ab4e1d092ff0d1d4fdfa91de9b0c,94dfb94e1666c41715a1866ae2e25671dab3e65c,TEMP-115,https://issues.apache.org/jira/browse
96,e1542e832045b46c19030a4057f3163d3e4f386f,64d48e3fb9245e894a709b371c4012a322164c44,TEMP-117,https://issues.apache.org/jira/browse
97,b66ac8aee9fbb821435348ac4faa333eb7e0b4c7,e1542e832045b46c19030a4057f3163d3e4f386f,TEMP-117,https://issues.apache.org/jira/browse
98,9cdec604200f9f8bdfa2ef26d889a0c74e36ecb6,b66ac8aee9fbb821435348ac4faa333eb7e0b4c7,TEMP-117,https://issues.apache.org/jira/browse
99,2385003d5114a080fa70f8d1597c221c2dabd175,9cdec604200f9f8bdfa2ef26d889a0c74e36ecb6,TEMP-117,https://issues.apache.org/jira/browse
100,c61832a32b1139a2f9751f41a8c7d62aaca0179c,2385003d5114a080fa70f8d1597c221c2dabd175,TEMP-117,https://issues.apache.org/jira/browse
101,c6b2e897f05eec5de4e5c56cd93bc11b6adbc02e,c61832a32b1139a2f9751f41a8c7d62aaca0179c,TEMP-116,https://issues.apache.org/jira/browse
102,e45f91226c4024ef146f275a4a45d05234b3215a,b27c9a21a2187b080ec62e394cfc21b47db7bcce,TEMP-118,https://issues.apache.org/jira/browse
103,bdbf13645243e37f6be741dfce737f2740d46ccc,e45f91226c4024ef146f275a4a45d05234b3215a,TEMP-114,https://issues.apache.org/jira/browse
104,60aa99da6e9ee79f1691f986760d4505ee37f00e,59be39a5ac9de079a882e49c0a9a6319cc8c64d7,TEMP-8,https://issues.apache.org/jira/browse
105,e252fdc248fe619b67a371d39bedd8705a59fe58,60aa99da6e9ee79f1691f986760d4505ee37f00e,TEMP-113,https://issues.apache.org/jira/browse
106,177ec93fbdfc585d17c85fb82b90b40e0b498fe7,e252fdc248fe619b67a371d39bedd8705a59fe58,TEMP-99,https://issues.apache.org/jira/browse
107,352a90edf950ddf4e6e23a2c4ea8a29bc6f9960f,ebc6f49b39bd4274213d55199ac93ce47bf825e8,TEMP-2,https://issues.apache.org/jira/browse
108,ac3cc7610273ff3906636a21b858b1269fe22d74,268ec0e823d4255faf6233c2237cd3a0f8ed77e6,TEMP-101,https://issues.apache.org/jira/browse
109,969a4408c093c85d045abb7fc845f5f478afff00,509277e6659689bc3930d762d7c028870cc9261f,TEMP-2,https://issues.apache.org/jira/browse
110,24e14c5a846617ac60adeeeeb413f7724d000d5c,ab2d55c6ef610f39289b0f71a758cf3c512bc6c6,TEMP-5,https://issues.apache.org/jira/browse
111,ac0a2e6eb155d2c42b1339d1f2b6f31dc3a23574,d7d10030b51f5e77b647b8406ba35bc12554c16b,TEMP-99,https://issues.apache.org/jira/browse
112,fcf027c38ac94ded8cdb248ec41e9d37b32e8b14,837cc0b926b2989fbe7ed484ef3460b041e81e27,TEMP-90,https://issues.apache.org/jira/browse
113,07ba103fea727e1d91dc41e83694d64191ed664b,fcf027c38ac94ded8cdb248ec41e9d37b32e8b14,TEMP-93,https://issues.apache.org/jira/browse
114,24cda45bf8351ef4816553212ee00863daa7e219,07ba103fea727e1d91dc41e83694d64191ed664b,TEMP-95,https://issues.apache.org/jira/browse
115,be971af31a298114769421a89f1cf9d68c40e73b,814d3471b0e1effc894b70d5fa1599479b48fbc5,TEMP-92,https://issues.apache.org/jira/browse
116,39f189d783ffaa68d1cf3c291f8e95b52ec96843,dc44d9f66608b06309aea4ee7f4b012bbfdede23,TEMP-1,https://issues.apache.org/jira/browse
117,73311edc3b1541b6c12ddcc2492c5ab82b4eae50,2ca66abb73920dabcbaebd125e5ac9772845578b,TEMP-26,https://issues.apache.org/jira/browse
118,d9c37438d417f2b626c497676254f14435ab6eeb,352f3a90f78ddb432d844f2c08ce9761650cf33b,TEMP-88,https://issues.apache.org/jira/browse
119,65a44c7b195f00100f513699f8ddb7cd23755c3c,564009cc6ed26d50ed7f07a08a4f311f83d2050f,TEMP-86,https://issues.apache.org/jira/browse
120,979c6856b1869ecf1309c926f732ab52af8c3334,39f463da29620668e1a4c6459997be52cce72681,TEMP-82,https://issues.apache.org/jira/browse
121,8d9f656196ccce216e99a20a9a95b6114ec17768,5c33e438af5d4170a01f81a949ac1768b98d2eef,TEMP-5,https://issues.apache.org/jira/browse
122,fed613c08a356532900bb0096575f9c696381606,68be5f9ec6e04c51e5800bdd54f28bac40cc5843,TEMP-2,https://issues.apache.org/jira/browse
123,7813cbd93aaf1e5aa65c5a6140f4d694f49285e7,96bb9d8ea62ace92d36fd600982c9073ebcb235a,TEMP-48,https://issues.apache.org/jira/browse
124,7e124c350b3bb180c9147cae6318be93ad83e5ed,4a64986b72fefaf38a8734ba6257d38439a9390f,TEMP-20,https://issues.apache.org/jira/browse
125,546861e142c428c68709ffae90dcfcbb6470d77f,7e124c350b3bb180c9147cae6318be93ad83e5ed,TEMP-2,https://issues.apache.org/jira/browse
126,3412aa7731186f87b97f927e51d1edf8680ccaae,6ea356368baa1214c02da04e07394c27af069b2d,TEMP-25,https://issues.apache.org/jira/browse
127,405dfec112e11b9dfaaeced3204cff002db5c8a4,f2aa3ee9d810e9cb47840f8fc136642a93e3b990,TEMP-2,https://issues.apache.org/jira/browse
128,365bcd8e0534131dc2af7b110035b394d2955f2f,1eec60a282e56b7d9bd39ab888810dd622addb73,TEMP-2,https://issues.apache.org/jira/browse
129,e5e9aec23832b9dc39dc7fd28300ebd26e3ea6ae,365bcd8e0534131dc2af7b110035b394d2955f2f,TEMP-7,https://issues.apache.org/jira/browse
130,44889f8193f9e9aedfe97b72c915d006e5f278ee,e5e9aec23832b9dc39dc7fd28300ebd26e3ea6ae,TEMP-31,https://issues.apache.org/jira/browse
131,d74936d61178e5d9db035a96f35e186fc6bb3f0a,e290f202587fc69b02e019413696b47a24d5ab80,TEMP-1,https://issues.apache.org/jira/browse
132,cc1fa5bf85e89d220651f723b7d554d26a1e36be,cf4077c062d78fdb2149434ac6255904be532de1,TEMP-2,https://issues.apache.org/jira/browse
133,29eec6d1f1844f099ae6539313317a0aaecd4658,cc1fa5bf85e89d220651f723b7d554d26a1e36be,TEMP-32,https://issues.apache.org/jira/browse
134,c8ec9337e79530e6485a41045ed8865e3bfc7417,72bfba2120d9b29aa57aaf681e4e899e0932448f,TEMP-35,https://issues.apache.org/jira/browse
135,9655c9bc280546b2c1752b7ae8e3001435738821,c8ec9337e79530e6485a41045ed8865e3bfc7417,TEMP-32,https://issues.apache.org/jira/browse
136,1e118c0c926c8a38cb87930dccfa3332f9c4638f,718679f74b22c6ac97ef7f34fa99277827ef14fe,TEMP-3,https://issues.apache.org/jira/browse
137,9da81a3194e1d6ba4f400a77b811cb8af92435a6,382b73bd6943da92dd4980a5f88b49df67bedd14,TEMP-4,https://issues.apache.org/jira/browse
138,d0efd674591c58d260fc9a09ecdb774235b40ffe,a3d5efa17283b183346ea20123955efb5ae2674c,TEMP-2,https://issues.apache.org/jira/browse
139,9cd053a692dc393dbe8bf203efe57678b5b43454,006a05c21afd29bc22e35b31e5287301d03b4d28,TEMP-1,https://issues.apache.org/jira/browse
140,889dc41829b42fdb6bd8fccec095f2ded7a31663,af56c622f54eecb4120eef5922e81d7d2fe2fa0d,TEMP-2,https://issues.apache.org/jira/browse
141,72c06ef3bd85d780bb20988545d908841db61ba8,1b67db5ee3109f6556cce34abd0d8ac2825639bb,TEMP-21,https://issues.apache.org/jira/browse
142,d3b7517b2a28f5b1affdc753ea482621f9da641f,4d584387b40fd1ace4dd772c9cf8c2166c4baea8,TEMP-13,https://issues.apache.org/jira/browse
143,142a4f4053d1d4a71ce2e02de78987d23c45f118,9231e5dfe3857155e6615cdc2d3823ed66a729e8,TEMP-32,https://issues.apache.org/jira/browse
144,c659a6007b258f3e2afc57cf2b4c4c5eb03fce74,142a4f4053d1d4a71ce2e02de78987d23c45f118,TEMP-2,https://issues.apache.org/jira/browse
145,309502b95f2dbaf2035a53781ee4a3eaf48fdfca,8e5f554d22ef69e6d5fa42dde685665fb828fdb9,TEMP-1,https://issues.apache.org/jira/browse
146,8813e6a69fe334be2ffe0d625a55ea971ceaf7ad,4b8d7c8f98334552b36d936d65f2262b2dd275d0,TEMP-1,https://issues.apache.org/jira/browse
147,25bc8d413219fc98ef2dda679b3ea4c09c173d7f,14a4f55f944950799f0b876afb6e5e83c304e355,TEMP-1,https://issues.apache.org/jira/browse
148,29932775a23be9b2562b3343064a2e3da77e1ed9,19afb7cd9fafe849701449420b30510a1602d058,TEMP-1,https://issues.apache.org/jira/browse
149,82397bd0dde70e90406f5c612766a2c7ad736d74,29932775a23be9b2562b3343064a2e3da77e1ed9,TEMP-1,https://issues.apache.org/jira/browse
150,6c1075157df19baecbb7cc902da1c2c0e9838d5b,c2c15f67e351a56e3b25f96cf24b0c381880a25c,TEMP-1,https://issues.apache.org/jira/browse
151,988dfaf213a3924f45f1076405bde7c46882c198,bb2ed1ca126aa4e791b7c7b93654a66b1b855243,TEMP-1,https://issues.apache.org/jira/browse
