bug.id,revision.id.buggy,revision.id.fixed,report.id,report.url
1,7002bf2892c2f3c4108cac50671e2e98725adc12,dbf0cdf07a9e1db846c74133a1b7d1663cd8cf40,TEMP-764,https://issues.apache.org/jira/browse
2,a3f3f075253b0f3cbe714f3f4e4e78520d4d8e0d,7002bf2892c2f3c4108cac50671e2e98725adc12,TEMP-764,https://issues.apache.org/jira/browse
3,05d531ab18a349fce2cc3c93356912e96b3f04ac,6926849b1dcfa31d1e4c521c8554d66cca31d4ae,TEMP-343,https://issues.apache.org/jira/browse
4,c7cb67f5862b3b419c362285e9298955d328e965,9400501cfc581471017d65b0e6ca77299db9f5ba,TEMP-697,https://issues.apache.org/jira/browse
5,0a006a7b01a066165bd183b9a9126a32fe0591da,6a2c2c23f98a45e73fbc47f5c5a9fd432bc9ae34,TEMP-334,https://issues.apache.org/jira/browse
6,bcd5c9ba0cd1607b286ef0c116f119983e3f8a15,eb8b4fd88b246a363824880768e7ba5b194dfa76,TEMP-323,https://issues.apache.org/jira/browse
7,baf44e5d09fdc461ebd9701abae115cd28059319,bcd5c9ba0cd1607b286ef0c116f119983e3f8a15,TEMP-321,https://issues.apache.org/jira/browse
8,4810d9c57276b584942cf93ae297f10a12ab128c,b6a22186d8246d973c6dc9b7fd2aaa84f34cccbf,TEMP-484,https://issues.apache.org/jira/browse
9,750ec08f68fb45000d4f9c2592f43352bbb2e5f2,4810d9c57276b584942cf93ae297f10a12ab128c,TEMP-319,https://issues.apache.org/jira/browse
10,a6b9c68cd7f16d2bd4ec991436c9b31c6b17cf8c,31af606444524c8e16ed625490119bafa5f50962,TEMP-448,https://issues.apache.org/jira/browse
11,e5cf469caa6a77b5755576be12424c48dd6c7d83,975ccfcfb5b09450218dba2b08c8d150af11c202,TEMP-751,https://issues.apache.org/jira/browse
12,7ce5d730ce302eb88344e0996960e74009669b7b,e5cf469caa6a77b5755576be12424c48dd6c7d83,TEMP-751,https://issues.apache.org/jira/browse
13,1e9bea8536e5a62b7647f90a39492e90a40bdfbc,7ce5d730ce302eb88344e0996960e74009669b7b,TEMP-751,https://issues.apache.org/jira/browse
14,67e91dab54700ea9e6a149e0a4058b8d17a4e8d6,1e9bea8536e5a62b7647f90a39492e90a40bdfbc,TEMP-751,https://issues.apache.org/jira/browse
15,4d81c42e8cd0ee752a9695889d01e04fcd04c378,67e91dab54700ea9e6a149e0a4058b8d17a4e8d6,TEMP-751,https://issues.apache.org/jira/browse
16,62925e3084c9e72ae4659c00364a490252368326,4d81c42e8cd0ee752a9695889d01e04fcd04c378,TEMP-751,https://issues.apache.org/jira/browse
17,884e5ecee572856804a2303e0bb53ab15f1a7543,62925e3084c9e72ae4659c00364a490252368326,TEMP-751,https://issues.apache.org/jira/browse
18,a44315ca04288248df8f9392ab29df7811760b2d,4c7a0d16f336fb76e83c85a726fc80a5a8b1db2b,TEMP-751,https://issues.apache.org/jira/browse
19,40cf7ce7dcac85d73115862590291bd99dac35a7,a44315ca04288248df8f9392ab29df7811760b2d,TEMP-751,https://issues.apache.org/jira/browse
20,719a3edb60513ba91049f0239d0180e72f424438,ec8e71073d3b80c54ff3ad06af16d1e4b6a9a4f9,TEMP-714,https://issues.apache.org/jira/browse
21,e3cac4756acac4a961955f0312ad545ccd569e63,46779065d258bc6429d330843267f1ca3d0ce99d,TEMP-10,https://issues.apache.org/jira/browse
22,5f22162d13b5d4972181491e6bd943b334e09cf7,c7817acf1e125d459af7f3a4aa161fac8454bced,TEMP-638,https://issues.apache.org/jira/browse
23,ff6fd46bf45e6592420c095e506168a9366c16f0,5f22162d13b5d4972181491e6bd943b334e09cf7,TEMP-716,https://issues.apache.org/jira/browse
24,73c3f9878622204982962cfb492a74c563e8903c,d32685729a31874319aa6cb59c7636b8c7ddae52,TEMP-717,https://issues.apache.org/jira/browse
25,f191b33d7275f1094d8d82184b44de674c3b849f,cf231634b510ad9f1faebc26adadd182ffdd316e,TEMP-750,https://issues.apache.org/jira/browse
26,c8ac9f66c0afc43dd912a173ebd82d9e37988666,7e3d46d21d6dea98ed34e97e6f40a085a75d0451,TEMP-276,https://issues.apache.org/jira/browse
27,2ff9462f0c74d6ea2c4574e5c43f659213989d27,c5dbd227697de296b2d9963a15328cf111dbe1d7,TEMP-3,https://issues.apache.org/jira/browse
28,28103ed74bedf5ba971b54e25d599a2ff6b2b94f,2ff9462f0c74d6ea2c4574e5c43f659213989d27,TEMP-3,https://issues.apache.org/jira/browse
29,940cc1632242810d3aeafa534da43e50188cec27,220a42bf62089c1cd2c9ed3d8d3652529d432f61,TEMP-273,https://issues.apache.org/jira/browse
30,ac7a751ad4bfc056371a867590c2c33bc6ef9af2,218b5e7b7d76654004f4122c674308f78c87954e,TEMP-32,https://issues.apache.org/jira/browse
31,302c9d1ae9d44c677fc9f35cd9b3bfe2fe77bf08,31cc89e03b20ebb066e581f0491b87e80259805f,TEMP-748,https://issues.apache.org/jira/browse
32,3d1980bc6dce0fd80ccceb9cef807ac36d799de4,e7b0b9231cd815ef4907f65c43e676fd83ed38d5,TEMP-17,https://issues.apache.org/jira/browse
33,a873e46f90891bc7963133be8eac94107e5cfbb6,d42b9286eb7a534f1b2b6243858ff7ef6fcac14c,TEMP-727,https://issues.apache.org/jira/browse
34,1e01f7eb64a57cfd56dd9183ddca63a34b6925af,a1fd31d3350350b54dcf4b6e35bcd19c0b2527d7,TEMP-269,https://issues.apache.org/jira/browse
35,947b0743568a3973cf05f25ecb3a1ec53406e102,41dc1a22d6964cb7d6c04c833930b39555bdde6b,TEMP-744,https://issues.apache.org/jira/browse
36,9f68c1f22ed9f9b7abb5f70349154d4557298404,cf139a3d1eae1ce5eb72222e530f4f18108c7eb0,TEMP-744,https://issues.apache.org/jira/browse
37,96e3df8a44d2c6baa0de90560cfef5aafba6b176,89675b658065bb3460993e6995a3d1b88f08f545,TEMP-744,https://issues.apache.org/jira/browse
38,38b7b491d9403fa70e851253b30f9e9af27fe77f,95248e3798a4fa4091f735cee9e540770e057cd7,TEMP-5,https://issues.apache.org/jira/browse
39,9268f576df22c596d1b5082cbd3abfb78eef78b5,3ff59a713a300675c19173f37f45ede331ab48f8,TEMP-5,https://issues.apache.org/jira/browse
40,b785d75506cf29863a1b333a99aa914ca4d6af4b,5abe7b15f8ad26c5eed2123a8716e55cf5d81d72,TEMP-5,https://issues.apache.org/jira/browse
41,a2a8172f383da63a8681689ed165699ea88dc5e2,b785d75506cf29863a1b333a99aa914ca4d6af4b,TEMP-5,https://issues.apache.org/jira/browse
42,407032ceefc5c90d851d14a8c5fd0548b1f57ab5,5a0096d9b8f25b271a6abe717f57693235272d7b,TEMP-741,https://issues.apache.org/jira/browse
43,807b46a1360255283cc3370a8c1d2751936ad1ed,d6ca8197ce8a3c7b5947ca4ac50a474995d66d76,TEMP-2,https://issues.apache.org/jira/browse
44,b8690c086d18f38d86a06080422674d317e33f71,5c1a230684e583d8058807caf9265c5cfa821080,TEMP-724,https://issues.apache.org/jira/browse
45,414e597e01e02ef1714fc0f8524eea8c836f315f,498cd03984bd0cd191a38ecfc03c46520df83f6b,TEMP-243,https://issues.apache.org/jira/browse
46,c21b875569fb7f696df17803d062dd4602e5287d,47f2593789aa72701afce199c60b70eec58c4a91,TEMP-585,https://issues.apache.org/jira/browse
47,a41080e1284ecc2ebb967852c5cd13be5660be7b,91bd06a73ce3b404b58948e011b3fcff342b8ca3,TEMP-733,https://issues.apache.org/jira/browse
48,3f989cca0632d5c4091d5ff8a29646ce811a8f4a,7e0d317ac61427e6004372622df4014c1e602487,TEMP-429,https://issues.apache.org/jira/browse
49,4b7cc53f1e806d2bd232482a6b060e685509f53f,8a681ea4bc91b3f58e44042d4e6eb23d996e0d76,TEMP-227,https://issues.apache.org/jira/browse
50,f5de47f2fda3bb8a3fd2daf06b431282f40e3fa8,fe7543eee5cd4b2f9e78aa44c31031b68eba204d,TEMP-556,https://issues.apache.org/jira/browse
51,65868e5d7674e7a0a5769c8aed1d26a6e98a7ed1,ea7ccc5ce9a089b75d512c7c511473bd27be2a79,TEMP-718,https://issues.apache.org/jira/browse
52,7a7b1418528a05e4633955205d4fffca451b8c4a,9f0074839bac413e75c943b2619d9a07b45bad1a,TEMP-201,https://issues.apache.org/jira/browse
53,8a3915b9464db71b0dffbae15e2d619e65cf31af,98e23e025b39debe065646531d557152b006ba6f,TEMP-568,https://issues.apache.org/jira/browse
54,f7b886324d4d49396d322673bfbc4eba959a3161,b4d80a81558da0dc75cc2a93e629686b88c738cb,TEMP-705,https://issues.apache.org/jira/browse
55,02a3abae93b67aba82156976ab9ac99b83e5a5dd,9009ede38b2d30be7b9cebdaca47649a1ead5528,TEMP-190,https://issues.apache.org/jira/browse
56,536fdf0d32d541f4257f429b98bc769aa76d4263,5f9239e0452a1b5803e584419732661848ddc469,TEMP-690,https://issues.apache.org/jira/browse
57,b1a84b203fd73b591e4431ea7854caf592d2bd74,9eaab5c0a07e33cfe475fe6cbd1b5bbf77cca44d,TEMP-702,https://issues.apache.org/jira/browse
58,2c33998f0a56d04656506e80f959e3c1a7cf4ee0,b1a84b203fd73b591e4431ea7854caf592d2bd74,TEMP-702,https://issues.apache.org/jira/browse
59,b0b891c75f83dd011f4ac872933c635422bf0b54,8588c9c162c12ce6ac2654f80d3bd3bdae8ae351,TEMP-701,https://issues.apache.org/jira/browse
60,843b057bdc9b72150b3b61cd67833adacbffd32e,b0b891c75f83dd011f4ac872933c635422bf0b54,TEMP-701,https://issues.apache.org/jira/browse
61,186e999374f0ff249b37d75100f05b7c7acb14b7,843b057bdc9b72150b3b61cd67833adacbffd32e,TEMP-701,https://issues.apache.org/jira/browse
62,580a7b5d395c315e4b7172f5563d3fe7461f92a6,186e999374f0ff249b37d75100f05b7c7acb14b7,TEMP-701,https://issues.apache.org/jira/browse
63,5cff72ac2749348e20ebbb4bceecdc1c5418bb89,580a7b5d395c315e4b7172f5563d3fe7461f92a6,TEMP-701,https://issues.apache.org/jira/browse
64,2564b7006523813a051cdfb1eef1b8871d7f2e39,2d37ab6a0d53fce60095b352d36dddd9d26f5ab0,TEMP-700,https://issues.apache.org/jira/browse
65,37ae51dfc16e24480923443e01d27c76f9fe3672,1d4d1873430c3737991841f43ea065b66199b732,TEMP-688,https://issues.apache.org/jira/browse
66,09bda53aed9728ccb235fa7622e981e47cd943a0,0cee29aa4c1818963ed1a55058219282e89d7488,TEMP-699,https://issues.apache.org/jira/browse
67,2c1418d701fa74b60eb824ab4d48384d9d9cddfb,9e8d03a2ef565d32d09c795e1e29642ba48bd1c7,TEMP-174,https://issues.apache.org/jira/browse
68,8c6f4f81549498ec91920727caa326143a0d7c74,558e930612120d8594fa3cdbca15788da19c184c,TEMP-600,https://issues.apache.org/jira/browse
69,6ad5a5e4ea9b1d0281bc1732c63aea076e995dac,a0dc657e9a068650a675c1b894a84022dbb8ca06,TEMP-694,https://issues.apache.org/jira/browse
70,29b35b498264d29dbacb17349b30ea8ece3dbfac,6ad5a5e4ea9b1d0281bc1732c63aea076e995dac,TEMP-694,https://issues.apache.org/jira/browse
71,2bc7e31f1dee0cb6ff4f3c57a63ac09cd4c2d1aa,167effda26f5fabfef36a9878f0a0ce395855d10,TEMP-692,https://issues.apache.org/jira/browse
72,bf47606dccc78acf42754c1d58544e9ec0c1705d,2bc7e31f1dee0cb6ff4f3c57a63ac09cd4c2d1aa,TEMP-2,https://issues.apache.org/jira/browse
73,1dc7834e639b2245ada901bc011f651a09a98aaf,8ae947bcc796d73b0eab7d94f10a002f66896af3,TEMP-2,https://issues.apache.org/jira/browse
74,42ed368a27a0d049a7dd021c7f77ccd7d31a7a1c,4a514d3306b55b3667d1449ebd4cbe5f19dd7af0,TEMP-597,https://issues.apache.org/jira/browse
75,4d3a6bb54f7d0867cd6f279ce3778719688eb1ec,75b79c7203699abb83e5ed2ed398af65139ef064,TEMP-163,https://issues.apache.org/jira/browse
76,8f4ccfc0819152b18490960b698ab3fc2573d824,e1a5fdde3937f47a8f78d14dff4f2c91337c2ad0,TEMP-689,https://issues.apache.org/jira/browse
77,466231aebb59f15b57ffd23c84d290e27fe6f77c,8f4ccfc0819152b18490960b698ab3fc2573d824,TEMP-689,https://issues.apache.org/jira/browse
78,e65b52b253b2157351ec8b287e7573fa54aceffc,c0f4623c95d9e5290c1aa8b16d63eadda6aa7828,TEMP-1,https://issues.apache.org/jira/browse
79,567ef2645505c08ae079770a3ed060070c5f3d72,e26387a5322eb4f68963573ae4febd76c975def0,TEMP-117,https://issues.apache.org/jira/browse
80,891a55da3148388f7dc3d1238ff926c118bd4d9c,bef89cfd40e04118fbb7384dc474b73b3b0c4742,TEMP-2,https://issues.apache.org/jira/browse
81,a6af21186677821755f443fa69d9c46f8ff32029,8fe59e41e8f092b33923bcb9a281fbc228a2bf8f,TEMP-684,https://issues.apache.org/jira/browse
82,6820ef522d26fe82fc8abb537cfb14cd1cfd5b45,d7fa1f624ec0ba09cd3cbfba9913d51afc8f59c3,TEMP-1,https://issues.apache.org/jira/browse
83,f382ada1a767b9198fb9adf8cd2260a68cd6b8cd,5cbb4c7c46be1e5b31a42745d84343e14b1f57db,TEMP-2,https://issues.apache.org/jira/browse
84,aefc8f42b027b33eb7b7d3346daef46e21384535,291a35ef8be015be252664e2cbde0af741cd82f1,TEMP-672,https://issues.apache.org/jira/browse
85,e3bee443fae7f4c74985a96db1fb8a7014186fa5,9741fb8508c422668e6975304e41e5a13e0e704c,TEMP-2,https://issues.apache.org/jira/browse
86,e6a96aa94b5d9607c65659e0137687ab3f99dcba,d4e09c7b4ba4a1433feb7e5d4895cd1071e51bb1,TEMP-2,https://issues.apache.org/jira/browse
87,19319eada154fa9fdb41a72cc88be2aecf549355,52f3de5ed66574742d4eb34ead1b330c7b10e6c1,TEMP-2,https://issues.apache.org/jira/browse
88,97ae01c95837f50a2e9be34c370b271c4d8fc88b,0de91c048fb575b9e7906e966a4428574fd03695,TEMP-1,https://issues.apache.org/jira/browse
89,7371285a6c108a66f624651973bc255b26f8a909,97ae01c95837f50a2e9be34c370b271c4d8fc88b,TEMP-1,https://issues.apache.org/jira/browse
90,101f3c285dda978dd6f0ea34a6d46d8f54c66154,39e3ea7fc0bb8d28b57c0213973ef4971fdeb265,TEMP-91,https://issues.apache.org/jira/browse
91,f77de5caba5d0465fc0f821f6ab583078e84caac,b739ce7ccdaac07a7aa7bd7bbecf90baf3e340d5,TEMP-110,https://issues.apache.org/jira/browse
92,6a78ef8903ef7c2c785b8d0cc08a150d1e2ba818,2c13fc8148128d1a1f19f28b71acad262f24d4a3,TEMP-665,https://issues.apache.org/jira/browse
93,ca3c82313fa50dcd13740726ec60967fa6036c07,b3960d9773d20cf5069f31de94efe480b49d255e,TEMP-109,https://issues.apache.org/jira/browse
94,495ce8b61ad3282a1728cceb714f7633b61ab0e5,4d02b112100d7dfcd21b2ad6d0ed8947fd7ffe95,TEMP-100,https://issues.apache.org/jira/browse
95,63fec37fe55f917bd72899808dd0dea5f3e81f62,e46146c67026956d3f48d44be5c4df0fb78d5a42,TEMP-1,https://issues.apache.org/jira/browse
96,d463fa0120fc1041729b7a564b2b5f96de9d6ab6,11020bc315edd3d7549482382445b8031b5743de,TEMP-96,https://issues.apache.org/jira/browse
97,58324c1cfb9814b390a8750b0ba97dc5367817a8,d463fa0120fc1041729b7a564b2b5f96de9d6ab6,TEMP-625,https://issues.apache.org/jira/browse
98,c126bdd5161a103cdd4718552d92e2b9153df70b,58324c1cfb9814b390a8750b0ba97dc5367817a8,TEMP-93,https://issues.apache.org/jira/browse
99,c0521477eb99133098495dce53b85574fe9b3a9c,c126bdd5161a103cdd4718552d92e2b9153df70b,TEMP-90,https://issues.apache.org/jira/browse
100,556a45593593870d65373a2fa682b605bdd5dc1a,d15f480dd81b373f6815340c15b7a80490e8272d,TEMP-83,https://issues.apache.org/jira/browse
101,5796c0ca265c4556f386a18e7c5118bca1a8eae7,3816c572bc1dea6d2661a4c86082a4953526c059,TEMP-84,https://issues.apache.org/jira/browse
102,27fbd9e3a383ea3899714e743c34742607b0b73a,1de4a966ce72393f86b409725371da074697ab8a,TEMP-13,https://issues.apache.org/jira/browse
103,e921bc6a8c63dc6b33e8e220aa28084bb2434222,95c310904e83b70e534719249ff017cf6ac1a29e,TEMP-578,https://issues.apache.org/jira/browse
104,b5990be69139f0b04919bc097144a105051aafcc,30f81c47f7ea0e9f743e08e73f48c0cfcfb746ff,TEMP-5,https://issues.apache.org/jira/browse
105,1f925d7ad6d9da7ec75ba29e8668dd3267f104c1,16c983693a235bdc45c6286a1e7b01d8ef58907e,TEMP-589,https://issues.apache.org/jira/browse
106,078af456fd74c3726438bfe853492286d7006c06,7b813b674adc6c94a6c9a19524913c07b7d8bc9c,TEMP-582,https://issues.apache.org/jira/browse
107,4597f38c3608cfe8ef872144ed4bfe393a05dc84,c6b8a383de96cd0a8e94037a04510f162e4bbc68,TEMP-554,https://issues.apache.org/jira/browse
108,7791a851c4a303f47743b156007fb19c6ed8ed81,2736b6fe0b3fa22ec8e2b4184897ecadb021fc78,TEMP-559,https://issues.apache.org/jira/browse
109,e9eb2d8b5a858bb6810c941ee7891c3adcf9949d,a4705cc3c310ffb422336b319891f63eef021f1c,TEMP-535,https://issues.apache.org/jira/browse
110,9e405ca54138b63a4daff58d14d0527fef1e8e66,a653a4487774f57a7aff2c9dc1fe40b9b221cb6b,TEMP-8,https://issues.apache.org/jira/browse
111,cfb682e9da63f308d26e547bb7d0b350ef3eda42,27fb1044f1f244a9f8841f059392bd7e595797a3,TEMP-567,https://issues.apache.org/jira/browse
112,459cebc515b11fef06464b711b3b33cbc1dd8c26,947c01f6d8000122a174da3d668208eec877a799,TEMP-567,https://issues.apache.org/jira/browse
113,459cebc515b11fef06464b711b3b33cbc1dd8c26,72d00532aa8f0fb96371f01688ace8b9d53b17b8,TEMP-567,https://issues.apache.org/jira/browse
114,ed15b09985a073d0b17769bb9a28d3e41419a43b,459cebc515b11fef06464b711b3b33cbc1dd8c26,TEMP-557,https://issues.apache.org/jira/browse
115,d19259a7774e23ebdaac4af5ee4def8602fe2969,ed15b09985a073d0b17769bb9a28d3e41419a43b,TEMP-557,https://issues.apache.org/jira/browse
116,d3fc1a2877c165a57949414f5737ef00ffcd867d,d19259a7774e23ebdaac4af5ee4def8602fe2969,TEMP-557,https://issues.apache.org/jira/browse
117,5e223a403e65992d2d18b1b8cab5da2c6c1aa37d,c898e483939740e706157b63b32cbe6f08a931a5,TEMP-9,https://issues.apache.org/jira/browse
118,958657f3c7cdf1f1d81a139b312c032020d582f0,c40faa90f9cc73045995133714111bb6cb344ec2,TEMP-8,https://issues.apache.org/jira/browse
119,92a07f9aa109f0f55af963f86e466c80718f9466,5899f1eb7239ea26291b9e38490f5922b86158d8,TEMP-547,https://issues.apache.org/jira/browse
120,9990c66690467cf6c08be921947532729b7ee91c,92a07f9aa109f0f55af963f86e466c80718f9466,TEMP-41,https://issues.apache.org/jira/browse
121,156653ea56fe215b97a263a770ea7094ff6adb84,3378280035f388157e007a06f7fcb74698b91e3e,TEMP-35,https://issues.apache.org/jira/browse
122,872c744692dc2cd485e28790a1f532ca85ece2de,156653ea56fe215b97a263a770ea7094ff6adb84,TEMP-442,https://issues.apache.org/jira/browse
123,5411db017b093f0995a9b7807a6a4dabb0f1e0ea,31e141019010d27dfb3c1a1fb712433268b520f0,TEMP-534,https://issues.apache.org/jira/browse
124,f5c46b9fc80754c601205e6ef13c5b7e9a5003e2,722a5af4f1786599f22e91a34af459883c7a6a8b,TEMP-21,https://issues.apache.org/jira/browse
125,4b5fa7d8d2d398a6eed0725ff4b2a8177da56896,45fbfb82fd1f5168a7183e78ece89da7a60e21fe,TEMP-528,https://issues.apache.org/jira/browse
126,54631643211e2dc29beaecc30e4eedf2928738d7,8b9fe1b01ce21003f6a6ff8391ad2a64f4d21030,TEMP-30,https://issues.apache.org/jira/browse
127,31c0d3a8e94b1016843596acea17a63bed9d4558,e95134229b9066aa2f1d312a53f5a670d271dbfa,TEMP-28,https://issues.apache.org/jira/browse
128,8fce0fa77cddae14af022b6aacc32eb861fde99b,933796e9330ed5043ad8e76d9fa2cb8b1d3a8e3a,TEMP-15,https://issues.apache.org/jira/browse
129,9e2b2c09732ca596331f7ca34ba4e0f03d70093d,a7bd568249f9ec20b69b2a700da6a0648e93a842,TEMP-483,https://issues.apache.org/jira/browse
130,d6beaa363bca8324c7a699ce797a89698d49ba54,65e1c9c38becbee2f84d822cd65fd7dbce42b903,TEMP-512,https://issues.apache.org/jira/browse
131,cf402c948b2144ea83c40edb00163b74505335d1,5e3359388b0732fd1b3d055036187525eea76521,TEMP-511,https://issues.apache.org/jira/browse
132,6c3a1bb78c3e92fded50c1c1e9f4c3e2e6e9dd4c,6aa7ba1d927cc57769d4ed589326053849b235ea,TEMP-502,https://issues.apache.org/jira/browse
133,d9406824aeba0e977c0692971a6dbb2e62823886,6c3a1bb78c3e92fded50c1c1e9f4c3e2e6e9dd4c,TEMP-502,https://issues.apache.org/jira/browse
134,e1c5de1bbe2bf93ea9e5212c0f71fb7255dbdcff,d9406824aeba0e977c0692971a6dbb2e62823886,TEMP-502,https://issues.apache.org/jira/browse
135,b2da444800d4c5d472da58a6b776891621d11718,2e72f7494ae59cb11b11a43f87839315390beaf4,TEMP-494,https://issues.apache.org/jira/browse
136,3775e6d352985cac43e3b00572f8dcc9fe826ac5,54eeaee27c4d73a5b3b6ee84e53ee9046919a18b,TEMP-492,https://issues.apache.org/jira/browse
137,c3a83486048dba356a8f6638c5cbd1eb12a93bd3,e23402c1dc133842c1acef0a2d7cd1f386647de7,TEMP-16,https://issues.apache.org/jira/browse
138,f98bb0b2b13b21ee7d7152628cd570a0fddff2f3,5d072ef89fbc2532f621a5a0b4d6791cb926a997,TEMP-484,https://issues.apache.org/jira/browse
139,afe78a030b57e3f74825e134d6615ef4878778cc,76e45d6a50da6228c44b04a565dca96432c4b197,TEMP-484,https://issues.apache.org/jira/browse
140,35ea189f533c703906d9f770dff684c4557b18a7,afe78a030b57e3f74825e134d6615ef4878778cc,TEMP-484,https://issues.apache.org/jira/browse
141,7c58d8a9919c5c9dbc1485a21d56bb3f37444060,8700816250e849d9f8d0fc402b090aec6ba7ab60,TEMP-481,https://issues.apache.org/jira/browse
142,56708e632e69a889eec8bf926bb3551ad53ded86,539869352a5f4183028a3e6b33b4e002c5053ba4,TEMP-428,https://issues.apache.org/jira/browse
143,49f8c2a817f811bdc9fc3e7f550a8e0b13503e7f,67325cf97946f053da51dd358a9ffca0a9676c03,TEMP-466,https://issues.apache.org/jira/browse
144,ed1723428847e2e7c24e9a8c3e379fda0c0f7496,49f8c2a817f811bdc9fc3e7f550a8e0b13503e7f,TEMP-469,https://issues.apache.org/jira/browse
145,d4e1ad171208fc1a63de63b4a7e4c08e43edc41a,ed1723428847e2e7c24e9a8c3e379fda0c0f7496,TEMP-469,https://issues.apache.org/jira/browse
146,11580a9ab6fd81cf832f52e2713fc0273dd70a13,a4594450b64b104553edb9f8c8c3f3f82b0cfb07,TEMP-8,https://issues.apache.org/jira/browse
147,071dbe7c211380bd4bed252c9b7a767279d112bc,11580a9ab6fd81cf832f52e2713fc0273dd70a13,TEMP-8,https://issues.apache.org/jira/browse
148,fe336de8ab46a26dffc47396f3ebaa5bec349ef3,27c4c88da63eeedf546d6a4df5f8cddd43069537,TEMP-462,https://issues.apache.org/jira/browse
149,d7d274c6f5bd058dbfd903efb1746092892c7eff,baba8cc875f5b197c08123b2d9add4cec3772300,TEMP-453,https://issues.apache.org/jira/browse
150,e337e7b64e03763bdc2c22ee44b0f3840afabdd6,c4a7e644a5fc43210fa0a563e9087347e3eef67d,TEMP-436,https://issues.apache.org/jira/browse
151,2d11919cb66ef7ba3a6179b36dfb1703f8a89c71,279f0c652ae48942b37dc87529ee2a40a68a4cc9,TEMP-424,https://issues.apache.org/jira/browse
152,bf545e4dd3a0414879b5707c8750613c24db8730,4da8e8ad1d29f542306e3766511fe0c6e1e3eacb,TEMP-424,https://issues.apache.org/jira/browse
153,fd63ffd6af5fe72cbcb1f05888c7b3aa672013cc,bf545e4dd3a0414879b5707c8750613c24db8730,TEMP-424,https://issues.apache.org/jira/browse
154,7663775d978c535e35287ebb333dba0f169100d4,9e151155a15598494079b08e0385aebbd050b999,TEMP-395,https://issues.apache.org/jira/browse
155,7ae7af989df7c0754f92b54c5f6470bf2d234c9c,70e051946c4f3700cce3a0e1906a5371e24f7d84,TEMP-389,https://issues.apache.org/jira/browse
156,48e331a1e81946a5b26542b3821109a148b9e1d6,7ae7af989df7c0754f92b54c5f6470bf2d234c9c,TEMP-390,https://issues.apache.org/jira/browse
157,30c441215596f5683aa60d60faab027040cea9b3,7f15b0e5cdb5c92eab77b33da0eaae6e546910f7,TEMP-383,https://issues.apache.org/jira/browse
158,9a3040cefb70a20e34b05a675d8a485fc2534dfe,6d8ef99f2ed43b9f71005561af57e50c3b24f7d0,TEMP-354,https://issues.apache.org/jira/browse
159,0d3290e74ffdd8be397d14fececadca5516202dd,9a3040cefb70a20e34b05a675d8a485fc2534dfe,TEMP-8,https://issues.apache.org/jira/browse
160,9afc2969a3b491476525e100a8a542027576952e,7705470ba1ca2bf95f6442f06f68f007f33a4aeb,TEMP-279,https://issues.apache.org/jira/browse
161,4271d0f15e0b675a83f20343eaa38fe642b09e65,cbc5a146154ada255d491d6509497d0d57bad336,TEMP-356,https://issues.apache.org/jira/browse
162,b2dbfb9bbec197bf57cca03f47253d9551769bf8,a1f4d43253ac11abe8cf3ed53876dabc885d7b30,TEMP-379,https://issues.apache.org/jira/browse
163,9c38fde99627d7d8cd7ffe3c7bd704824bab0960,b2dbfb9bbec197bf57cca03f47253d9551769bf8,TEMP-299,https://issues.apache.org/jira/browse
164,5d3269b1c5d2bfed8720814b439830a00f64b36a,e84d32281523bba86c06b457a78cf092902ab2b4,TEMP-328,https://issues.apache.org/jira/browse
165,a39385a500fc0e8993d967a8025b931d3337ea04,750d338864a92521f4daec993af7ef0aba9d609b,TEMP-356,https://issues.apache.org/jira/browse
166,047c2346766d8ac087dc6573b9bd2b26cc26ab51,a39385a500fc0e8993d967a8025b931d3337ea04,TEMP-356,https://issues.apache.org/jira/browse
167,db23207891d4c88a828cacff06f799c39dd29c2c,7233bf46d9008b026e822053d793d38c0f6d92c4,TEMP-343,https://issues.apache.org/jira/browse
168,939844833ab5546c9273b5c55277e93d9e9fd247,db23207891d4c88a828cacff06f799c39dd29c2c,TEMP-343,https://issues.apache.org/jira/browse
169,8d0e9d6cdb87188005ebc9fe839e0159031b832e,f9e08f8eed413e17c5d7655c686e7f4019779950,TEMP-368,https://issues.apache.org/jira/browse
170,8d52f694da0484cb2783a8b35dad845322af0c07,f89670bd02bc20cb858ac6b05d6fe6332245e47d,TEMP-1,https://issues.apache.org/jira/browse
171,b614ab5cfac7fbc5d022e4200aea94c607fa74a3,8d52f694da0484cb2783a8b35dad845322af0c07,TEMP-354,https://issues.apache.org/jira/browse
172,9da82a80ffab419c16e9676cb1ae48824e5d7368,02c9bc67445bb77814ff7aae7872c24f1ab5b072,TEMP-372,https://issues.apache.org/jira/browse
173,38aff305510134dbb494654a2e2d4cfe3a8388c1,6f9e2bbbe326f4860d75b3bea19d6cbbda13365c,TEMP-323,https://issues.apache.org/jira/browse
174,13367815a956ea794c8edfcb332073734e5ab801,30a51de13c6f80dbf9e64574f4ee89f5e05a7a36,TEMP-372,https://issues.apache.org/jira/browse
175,aef6e9d956a0e397256e56e54f9699f66b894418,8d0d2d84e983f3263b9a5bd7f373ac375ef80613,TEMP-374,https://issues.apache.org/jira/browse
176,7052050b1d423e15063e4c98792a6418d564f987,248e53e1f02ca2b1f83cc6f8dd7306f1091a5b2e,TEMP-3,https://issues.apache.org/jira/browse
177,587571dde227323b50a1c43dddfeda38f18c3adf,0cee0fe1d42f73933d8fdfedfe91bff8013f0bb3,TEMP-362,https://issues.apache.org/jira/browse
178,ef58d2035c9a23548fc2fa22a0464c74453d9d9d,587571dde227323b50a1c43dddfeda38f18c3adf,TEMP-361,https://issues.apache.org/jira/browse
179,c7ae31daafdb5f19920619a5e4ba7b4c15d6d135,88776758f4df1ab57d342594fef650da022461bd,TEMP-356,https://issues.apache.org/jira/browse
180,4740a19f6c6b3c2a96d08879abe6773885086758,3ebe52e2a37ff49ffa2811533023dab3d3fbba69,TEMP-356,https://issues.apache.org/jira/browse
181,58cc48071ef14da7489cc4b04cc9f9a239419eba,4740a19f6c6b3c2a96d08879abe6773885086758,TEMP-356,https://issues.apache.org/jira/browse
182,2a07afd1124bc9f3274acaf6ea66548e5e60558b,6bca441fd2acc7ee8f548009e6dbaa977f03b681,TEMP-355,https://issues.apache.org/jira/browse
183,03027d8ff28929e3e5a618a31e9bcab0c90d0c0b,2a07afd1124bc9f3274acaf6ea66548e5e60558b,TEMP-355,https://issues.apache.org/jira/browse
184,3d12a7b2d9396c4f643984c05686986d735e31c9,965f66687351e0abd445925d0497f96e5656ff13,TEMP-2,https://issues.apache.org/jira/browse
185,ead06971b3734b3004598097da833ed12b8ce47c,8575fc5a20851896abb48f51bde5f2a0308b7a4c,TEMP-343,https://issues.apache.org/jira/browse
186,2ac377670df3cfa4dfd0ba893492fd9c5fefec4f,8e0d0702ed72e97e3367cd1fc02ca34f563f28d5,TEMP-1,https://issues.apache.org/jira/browse
187,ace26ff3602d547c8e67de329f1e77e5ae6f893f,9445933a5ab9e9c7430e22770bae4f4fb47bc3ff,TEMP-32,https://issues.apache.org/jira/browse
188,6a811a9712db7698503c6e5cbab4d007e581d2e3,1d4a1324efbb812ef246f5f84375d635b8b3e6e1,TEMP-32,https://issues.apache.org/jira/browse
189,d9268becee9bf53705e74839d9e1eb5f7e11c99a,6a811a9712db7698503c6e5cbab4d007e581d2e3,TEMP-4,https://issues.apache.org/jira/browse
190,fd4e128f5e2f10da63337b1c7bdf03ebc5deb935,d9268becee9bf53705e74839d9e1eb5f7e11c99a,TEMP-4,https://issues.apache.org/jira/browse
191,5a8099ef4749a671c34b249807500e78b66fe7fa,364c2bf7f42e7679d910548d931be24332eaf6ad,TEMP-32,https://issues.apache.org/jira/browse
192,bda593df0bed555aaf3a42bb60aab5f987981da0,06763772ac6b9e4a8efa692933d3a1512d9cb6b7,TEMP-336,https://issues.apache.org/jira/browse
193,199dd8dfd1cef867ad8712c7565f090f81be0e7f,c395904915ca330d8944d74f9502c0f4bcf65907,TEMP-269,https://issues.apache.org/jira/browse
194,d829a225f4c3a7d6ea8a36316691d1c2e2c0a767,199dd8dfd1cef867ad8712c7565f090f81be0e7f,TEMP-279,https://issues.apache.org/jira/browse
195,5e62d0ee12f21aa65f97f8d5b7f5bdeb938ef93f,41dfac731ef973b03f70d8f9c01afc67bc5f311d,TEMP-335,https://issues.apache.org/jira/browse
196,a4d187760b94ab4930421148e8433d8a6bafd1c3,5e62d0ee12f21aa65f97f8d5b7f5bdeb938ef93f,TEMP-334,https://issues.apache.org/jira/browse
197,2151d04cb8d05c5104caa52398119630ebf7fe30,bcba0cd22998d550aabf806d2ad58407d9b91759,TEMP-329,https://issues.apache.org/jira/browse
198,0a331a177f6926f1e68fc4a3a52e6142a9bbcbe6,67bcaa51f426a4f8b508d867d3f17ab5f0dafcae,TEMP-329,https://issues.apache.org/jira/browse
199,45650b6cbf5f869d834866fcbb30fa9530cc640b,26dba5e845451a1b9c420b929157bc2faf2c2b16,TEMP-319,https://issues.apache.org/jira/browse
200,0458e66da1408078ea123c2764e86ea4e2074f73,04824b0a805fdd9d899f6dbc98c06a111f39a11c,TEMP-319,https://issues.apache.org/jira/browse
201,7664bffb3878a4a13c9c8344343bfa082e379585,0458e66da1408078ea123c2764e86ea4e2074f73,TEMP-319,https://issues.apache.org/jira/browse
202,be4470e4d63613ed3e3435e263fca1d3c1a24de6,dd7d8085b2e0889064f5fea9a3e1cf09e59fcd84,TEMP-2,https://issues.apache.org/jira/browse
203,a3bfb6a86c113a1a8a6fac075141bba63d825e25,c9bceeb3b4674be6097ca707de6e448efcc88c98,TEMP-319,https://issues.apache.org/jira/browse
204,aff2e10d345d46dda7debae5b54728b2f97f5981,b9261d8a0448c5212ca3c855403da30d16e6b277,TEMP-321,https://issues.apache.org/jira/browse
205,c17f15b76bcfb18da8fb2f69c2226247a6d40ba8,2cdbaada49cdce94ca84d125fd32be7784dbf5d8,TEMP-4,https://issues.apache.org/jira/browse
206,62dd09687a08f660efbab7adc9f82ae501fd840f,1833fb0792fa0dd3e4a3a0d1b5eec39db5da7848,TEMP-2,https://issues.apache.org/jira/browse
207,9282a0c816daa49b1d2d9ebc02a540021cb491ab,f584ed909815d3020e718c8dd9c1f335c7a1543d,TEMP-311,https://issues.apache.org/jira/browse
208,cf5c462807a137b823a3155dfe9800b3cbf2303d,5c8a6f44016a12aee9e485d94fc295fcd27375a6,TEMP-312,https://issues.apache.org/jira/browse
209,03ad89f678077b04b9b28d0c4a5f6d5892a3f9b5,1daa7cb1c8d2abe9caaa4c6f568e00217ce18da5,TEMP-1,https://issues.apache.org/jira/browse
210,18a393565b1525118da8a1bcbd394b053ecb04d3,2413cf3c607371a7b7aa9d37a9e5d916814a4799,TEMP-2,https://issues.apache.org/jira/browse
211,bf5571fe564f7bdf2dcedadbea60f97f48a17ff1,e3646441205b9271fe2bad0e93088304a8db5a44,TEMP-1,https://issues.apache.org/jira/browse
212,55c1430fc712e4b64fd4ba08660c0c8b4931486b,d58ac89621aae78f7afcf3720f6b2ec1396beef1,TEMP-300,https://issues.apache.org/jira/browse
213,caa0578b7235fbe330022d4746562c0f94cd109a,55c1430fc712e4b64fd4ba08660c0c8b4931486b,TEMP-307,https://issues.apache.org/jira/browse
214,6b5f608599ef6d0647e877245ae50b544c082ea6,33368e1a9d1fa6f960490ceace5c90d9dda80924,TEMP-2,https://issues.apache.org/jira/browse
215,0c7f310735275b001264f62e54accb8c78ef2144,c4251acef1beb1f164413b94ba526f399b8838d6,TEMP-306,https://issues.apache.org/jira/browse
216,d8a496f47192236d35e156193c55d52beefe4030,e3daec3bb2ff25c8eb5be128f102d7acccea2cfc,TEMP-2,https://issues.apache.org/jira/browse
217,b1dede03147ca84376b4c3a26010229b2b20c105,4cef5296135cf1a056f44158b00977239e4fc3ae,TEMP-276,https://issues.apache.org/jira/browse
218,50a7fdcaf8fb9a684a96568ceeb8643b4941c475,b1dede03147ca84376b4c3a26010229b2b20c105,TEMP-273,https://issues.apache.org/jira/browse
219,025f2766f7c3db20e508f07bd0f17c4cb0702bdf,05f4b42cc0b32a5273fd518c8efe7fb041e9baf6,TEMP-298,https://issues.apache.org/jira/browse
220,a3c8c6f443cd89bb132da992a791cbb84419e00e,025f2766f7c3db20e508f07bd0f17c4cb0702bdf,TEMP-304,https://issues.apache.org/jira/browse
221,3f8cc6d5f6565608b0146f87137ed34316bc4eb3,47e16e5bcff38e7cde014b3c78f3f0b4be69739f,TEMP-302,https://issues.apache.org/jira/browse
222,eea40304671560cc0ad8d516ce6e334c54920da8,3f8cc6d5f6565608b0146f87137ed34316bc4eb3,TEMP-302,https://issues.apache.org/jira/browse
223,7af4ac7cc462cc6d0a5b371b63fb8d557a9e6a2b,56c87a17189ea320ff5799f7d10789ca8d9ce958,TEMP-303,https://issues.apache.org/jira/browse
224,96c5e875c2227622d445b095e7123e89caf8e2c2,aad6359c39d59176c51e0d4e5ee31def1bc10077,TEMP-303,https://issues.apache.org/jira/browse
225,492e9b29c6a9e8cb826bf7c0709950a704e754e7,f0fdfa63b9e1e479a990f2d50b8878512ae6a980,TEMP-2,https://issues.apache.org/jira/browse
226,d7545fe76f8e67c6f0512fc2b90de1420ed4d7a2,2533e48bad897c52e0431fa63b9610d596611eea,TEMP-5,https://issues.apache.org/jira/browse
227,6ada74347e26f1d94e391bb41e3873b8739cc99a,2e11ed7e7e2d3532b51ae22421d2f78017f5b50f,TEMP-277,https://issues.apache.org/jira/browse
228,15e1850de92b7625174cd95568332feacb2fc415,e9814310ee45df69b8ec51581c811e2d584f172e,TEMP-280,https://issues.apache.org/jira/browse
229,2ed769a7ef84a50d6f01894b0291639a0b2e294c,027c13d4d6a214b310271eb4db88496f84b207c3,TEMP-277,https://issues.apache.org/jira/browse
230,02dc8c7e77db316553699f0e371f3e7803d3efbd,2ed769a7ef84a50d6f01894b0291639a0b2e294c,TEMP-277,https://issues.apache.org/jira/browse
231,328b693dce1d280ca149f7efa67c24c2d31f6f71,02dc8c7e77db316553699f0e371f3e7803d3efbd,TEMP-274,https://issues.apache.org/jira/browse
232,1d006b0bbdb6891df18361fddf2bdea29e3b7ef2,328b693dce1d280ca149f7efa67c24c2d31f6f71,TEMP-274,https://issues.apache.org/jira/browse
233,c6f1249b3698a7151be813de1b33ca99837324ef,0e035427fb7efb8892e15594810687a3d327a651,TEMP-266,https://issues.apache.org/jira/browse
234,3e8f98cced56c53c41a0bd1dcb2418bb2a440444,cea203aefcd63400f4ab8239a6def11d592922de,TEMP-263,https://issues.apache.org/jira/browse
235,689338a2a1f3d5797171fa99b96c4984a2729826,3e8f98cced56c53c41a0bd1dcb2418bb2a440444,TEMP-269,https://issues.apache.org/jira/browse
236,476ccd8898ca8c491047a993e2310fe94affe086,8ff60c3e444c84396c54eb5621c829067954f66d,TEMP-260,https://issues.apache.org/jira/browse
237,c7a7418920656c7fc1e42cdd4fb8760ccb1ce5f7,476ccd8898ca8c491047a993e2310fe94affe086,TEMP-264,https://issues.apache.org/jira/browse
238,6322084e97e79ddbc810123960216227c3283cb1,97191772383bc267d16497c884a1c8b90033911b,TEMP-258,https://issues.apache.org/jira/browse
239,58c093f5d823641031e6a4d6655e8dac0a477ede,dccf793eb78ddc93de1f745f39fb58251fc81ad0,TEMP-257,https://issues.apache.org/jira/browse
240,9e5ee12e1aac345affebd0ac7313bf04000fd9ad,5abb5e227907a855e34fd22719836871d370956f,TEMP-6,https://issues.apache.org/jira/browse
241,ab3f42c7e5d084d0b7a05c747678bebbc2de676d,99c5008d71b61f84a114038b064d58c837ee7ed6,TEMP-253,https://issues.apache.org/jira/browse
242,4b2a01082422bba069543dd468e0322e21fca9fa,ab3f42c7e5d084d0b7a05c747678bebbc2de676d,TEMP-253,https://issues.apache.org/jira/browse
243,9ec6f62abcf0283ec4d64c85f35e25c7252c0e23,e07acbbff9fa0706298401441a123a01da112cc7,TEMP-252,https://issues.apache.org/jira/browse
244,709de522737d7d97118560416aad2d4f69a8720d,9ec6f62abcf0283ec4d64c85f35e25c7252c0e23,TEMP-5,https://issues.apache.org/jira/browse
245,c681da4a8412669e8ce1d8793b8b1443df1d4d61,53615435dbb357c140a5eb6a15f7a1c10a434458,TEMP-161,https://issues.apache.org/jira/browse
246,cef880c4c87d15e223dbf09f6dadd95305cf83d4,c681da4a8412669e8ce1d8793b8b1443df1d4d61,TEMP-161,https://issues.apache.org/jira/browse
247,aba6c1bc1684e9e837c72584084dace6ca5865d1,624ad8570111e173dcad14505f3539741394c506,TEMP-196,https://issues.apache.org/jira/browse
248,011e77539e7f0821c11ecac37d237a228f4aefa6,25362de1c6f5f8680707826067414d29604b9add,TEMP-196,https://issues.apache.org/jira/browse
249,3f124c68426718bd5870a85930fd075c151ccb33,f11021dca612e6bc4e9963248c0927225299a857,TEMP-196,https://issues.apache.org/jira/browse
250,a9729401eb69e3e3a30a552974ef4a1c4d9c7cd2,3f124c68426718bd5870a85930fd075c151ccb33,TEMP-161,https://issues.apache.org/jira/browse
251,621a3b44fe7971f2362dc8ae48387c48b94fa131,4b7b166727ea45b2c6edaf77bdc056d3da6350a2,TEMP-16,https://issues.apache.org/jira/browse
252,79c97ab6a11d8c67914982bf2efdc82009de977b,94d8c10b757a5f85012916255bb43d49f854a3c8,TEMP-201,https://issues.apache.org/jira/browse
253,4c17f2bcb464dc60c1937ee9ba5c5bbe2a84c2e8,7fd0d3d22f83789ad0203394158320bd8ff4066e,TEMP-2,https://issues.apache.org/jira/browse
254,45e7ddd803f4cd9949dcb3db947de2f27a634448,724d798408a98141d537976a6c924ed8f5501fce,TEMP-2,https://issues.apache.org/jira/browse
255,a32a395a621098ce652ee8158e6320fa422f9fa3,cc70c4c1647072de7b97af67b6e8351c2d360624,TEMP-161,https://issues.apache.org/jira/browse
256,317841f44a515e57356fe50d7eb1be15030dfb5b,a360f974003c5c60c16d019e873314c09d965107,TEMP-209,https://issues.apache.org/jira/browse
257,83e8dfb7d02b830db0dff8d50312167067bef93b,f34187ec9f43d416d4059bb3414476f960be87f2,TEMP-196,https://issues.apache.org/jira/browse
258,f113fe9d2f6ad04047bde353994e4e475f83b409,a8d59e345210ca6fd3fc426ab7fb7b3c2563cb04,TEMP-209,https://issues.apache.org/jira/browse
259,709699a220fd036759ce28623a5389624ac81be0,9e612272b0f2ae0f3fb0e2163fdcc918bc6731a4,TEMP-248,https://issues.apache.org/jira/browse
260,a8e9eef627d00022fe6a6bbda64a9478c6b89dab,e295faec880b136d5c19d4164c17d768d7037af7,TEMP-190,https://issues.apache.org/jira/browse
261,55a86c21c2960a53118edfb23d1654fbfcf6b994,a8e9eef627d00022fe6a6bbda64a9478c6b89dab,TEMP-185,https://issues.apache.org/jira/browse
262,0e7c3a88a727f307e2d38701f8117ae59e019e93,55a86c21c2960a53118edfb23d1654fbfcf6b994,TEMP-214,https://issues.apache.org/jira/browse
263,d062bd01f7e9e9194ae0fd9dc01683e7c934c315,ab42367cc639fa3b18786d13afdc17a3394f229f,TEMP-185,https://issues.apache.org/jira/browse
264,ed01f165f9bbb7ccbd48dde7dd3106eb044dd859,d062bd01f7e9e9194ae0fd9dc01683e7c934c315,TEMP-246,https://issues.apache.org/jira/browse
265,58db1d1a55827a211865f0bc73a529e1b1d0ffdc,ed01f165f9bbb7ccbd48dde7dd3106eb044dd859,TEMP-166,https://issues.apache.org/jira/browse
266,4353d481a16f046a19be7995e99bbc6edc18ddad,4286199ac5ad636d11f4428d1827b78d94217e06,TEMP-217,https://issues.apache.org/jira/browse
267,6e2f0e8bc89bbaabe8fa9734e246c285af232fd7,4353d481a16f046a19be7995e99bbc6edc18ddad,TEMP-168,https://issues.apache.org/jira/browse
268,869d23be2e2fd509731da6f1ba58bd2fa9fcbfa4,27738832b3163724842379503ae3016e51131998,TEMP-216,https://issues.apache.org/jira/browse
269,2969197cc539b484d048a9c24ea65ece7f271d27,3ca6e3770eb1192d3471bbf5ca49db9f61557d72,TEMP-216,https://issues.apache.org/jira/browse
270,f6273c54219710924c1db46fae16824bf99053d7,2969197cc539b484d048a9c24ea65ece7f271d27,TEMP-215,https://issues.apache.org/jira/browse
271,86e4b30ba700cb8bcf4d7488e0d60e07a75d6315,f6273c54219710924c1db46fae16824bf99053d7,TEMP-215,https://issues.apache.org/jira/browse
272,8f2e98882296a917c500e35aaded0d6bec08d7ce,86e4b30ba700cb8bcf4d7488e0d60e07a75d6315,TEMP-243,https://issues.apache.org/jira/browse
273,cdd0750b19a44dfe5fe0a2e74fbea2768e2292b3,bf0850a0e2dff6acf0041de4fde2828082c9195c,TEMP-235,https://issues.apache.org/jira/browse
274,ae6f41b4c16bc0e036415d7a808f737cd442009c,4dcf99ae012fe5d15656967832dc0fb0bec35b10,TEMP-240,https://issues.apache.org/jira/browse
275,bf30068bae7f930170030e705a5bdb4f4abce384,9f4951abf0154d24cea4ab14e6df3afeced8b1e1,TEMP-235,https://issues.apache.org/jira/browse
276,0205634bb1417e6af223469a0cd4fc0c59cf1865,bf30068bae7f930170030e705a5bdb4f4abce384,TEMP-220,https://issues.apache.org/jira/browse
277,b0c65975278d1d6f5297f3fa2470dbc8a563e16b,d577693e0a85d59d7d0ac9458bf84eb1678efde1,TEMP-187,https://issues.apache.org/jira/browse
278,5526f2ed85647269b94d91353d72469822925b4e,65ba81b2035fa7d22d67b652a435b57f53eb4b6a,TEMP-205,https://issues.apache.org/jira/browse
279,e697954454b3b3c5f44ca0dbdafd55612b705dbc,5526f2ed85647269b94d91353d72469822925b4e,TEMP-207,https://issues.apache.org/jira/browse
280,168faab974a90e242031d39f9e3114dfd55dcddd,d7b629b0288bfeaf7d9fbe93d608ebe8ffe6ee0b,TEMP-231,https://issues.apache.org/jira/browse
281,82cdf79231b6be062055bfaf62cbefdaae16e8dc,b5787a6d57af928d86a348907173f6907c76f104,TEMP-223,https://issues.apache.org/jira/browse
282,3ce24e5883f282e5b6dcdea3eaa5b8992ab1f86e,d0ccc55dacccf84bf81845366a947a707381939e,TEMP-212,https://issues.apache.org/jira/browse
283,fe4ff5cb6f913bc48cca642f3236bbf0aa578c97,16f2923131b65748c5b6cf5a560f712383b003de,TEMP-206,https://issues.apache.org/jira/browse
284,151b81612e06770e6c1fc4b7dd27fc8c047d1a08,fe4ff5cb6f913bc48cca642f3236bbf0aa578c97,TEMP-202,https://issues.apache.org/jira/browse
285,ee8a7df94a2b9f928c4a50e55291e427e363f76d,63213c888b3a47036105bfa9caddf63f73cd695d,TEMP-175,https://issues.apache.org/jira/browse
286,3e8e057385f3fe803bff6efcb074602a3443f3cc,328a7efc17e8c77853fea42a84808dd1d26c8d5a,TEMP-161,https://issues.apache.org/jira/browse
287,0b86b74abdfdc8165eec057be2c579be40aea038,d55dd62cc0b07e1124369d74dd0095cc2b491dfe,TEMP-179,https://issues.apache.org/jira/browse
288,85efecf8ae376f604a3474e04f1b24822924adcd,0b86b74abdfdc8165eec057be2c579be40aea038,TEMP-180,https://issues.apache.org/jira/browse
289,7bfef476d8a9e08223ec4bff31054ff23655da4c,f28c4933e6c92fed61431c7a4024b26c4f06a5e9,TEMP-168,https://issues.apache.org/jira/browse
290,7949b2eaec4b498baedf6068612d426e55ad0197,7bfef476d8a9e08223ec4bff31054ff23655da4c,TEMP-168,https://issues.apache.org/jira/browse
291,d71a8b3bcd1e28ed4cff1ab497aaabae1c102408,5c13fa7579650c2cbcab61c6b18e509951f640aa,TEMP-167,https://issues.apache.org/jira/browse
292,91509112bb42d52eb4cef40f2dee16a3633b446f,ce90015bdc3614f88fbe55a697731a2f5b052ca3,TEMP-167,https://issues.apache.org/jira/browse
293,c3b706ab8852c57446064031067dcbb92380502d,e87486f1a35090a754fdf95f3cd1178bcfd7e2ba,TEMP-163,https://issues.apache.org/jira/browse
294,6512f64a02c7d7c6b7c247a0f538e135132c9aae,c3b706ab8852c57446064031067dcbb92380502d,TEMP-160,https://issues.apache.org/jira/browse
295,bcc797b528654e42e5ee2f7d385a78f5ef0613ff,6512f64a02c7d7c6b7c247a0f538e135132c9aae,TEMP-160,https://issues.apache.org/jira/browse
296,651332ef291809e8271cec74fdd6691cfb725f9f,a7628b03ac47459a47f2c340bb474afe50ea0a31,TEMP-1,https://issues.apache.org/jira/browse
297,14978fec52d916b2e371044c714191013d3bb02c,fe6ec030da1ab53b5e5dc481572c9f072be3b965,TEMP-4,https://issues.apache.org/jira/browse
298,518d735394c82d67288de50e9a557e1c4b5afee3,e1dc23052f4005c59cec7fe5cee31daa19d00a7d,TEMP-1,https://issues.apache.org/jira/browse
299,28757199c60f09e6dafcbdc788d3ee3c8595bac5,2f8d0922c8c7d1be2c12fba6264f08acdbae47d1,TEMP-141,https://issues.apache.org/jira/browse
300,33ab3ce04a4a7e358d33a178631ae467cbf55f17,50f9c9370c1286039fb6750e08e0fcbc20c6adc0,TEMP-147,https://issues.apache.org/jira/browse
301,f6e765472ee65bf856ebc53a6c5c03762d4e5cf2,4576857e33fc0aa9682ba77a6e464213ec15b829,TEMP-136,https://issues.apache.org/jira/browse
302,fe3554cc2c0ab534e90742d03d5663c30a173973,5ef9722809594f9e087a5be77c098057ef42969a,TEMP-128,https://issues.apache.org/jira/browse
303,ea3781d3e141599cb3a36f8a236366927a9d10fe,4a02524aef7f78af52cc7c7beedfa1eb83f8ccb5,TEMP-128,https://issues.apache.org/jira/browse
304,c6b82c0d77466f62370b6b31d58f7bb1eb6a5285,186225b7d611ab2252024d4a38d8fb1091b7ebab,TEMP-1,https://issues.apache.org/jira/browse
305,663372845b665ea4895be4b09ccd896c2616cfdd,6bc05de06fffc5a2f2a67e4e8526bc6d7d0939b4,TEMP-117,https://issues.apache.org/jira/browse
306,38e660547221710d0afdefc41ce859e00e640d1f,aa1ba1e649a6b9afa5393b0a1599db0fe1df3a57,TEMP-1,https://issues.apache.org/jira/browse
307,403949d8075f3aca227825b69de2de21342071e9,82912208ea8e27cbb8265e1622e74ee3f655c918,TEMP-113,https://issues.apache.org/jira/browse
308,d981b95df458230c30beffa819f3110274bbf7fe,403949d8075f3aca227825b69de2de21342071e9,TEMP-112,https://issues.apache.org/jira/browse
309,c658828d7b66e6638968506236a3a761815c8984,3e300278eca4c60bc35f9784e20e1bdb0bc8f0e7,TEMP-6,https://issues.apache.org/jira/browse
310,e590959d94f63ec375f6fbdd4ea145846025c6ed,d577e3d97166c4ffa12d67c33532a76cec9aa5d0,TEMP-101,https://issues.apache.org/jira/browse
311,a6ddf9c05634fb7dc93ebf4b424a74033c978abb,808b5eb9c2139b828e513efd0fa4c86f6ae1666f,TEMP-2,https://issues.apache.org/jira/browse
312,9d45063b605e3a2a4fa89d82834d9d5a3a3c5111,a6ddf9c05634fb7dc93ebf4b424a74033c978abb,TEMP-5,https://issues.apache.org/jira/browse
313,a354d0a5ebbb00a9758f93e72d51078177576918,740afb04f70a27cee28eb8ade5d1b819be71c502,TEMP-101,https://issues.apache.org/jira/browse
314,6ca31cd68b732df0ffe5b7734252a71f9f7e7ab0,a354d0a5ebbb00a9758f93e72d51078177576918,TEMP-102,https://issues.apache.org/jira/browse
315,f732c9a50cbaf0675e8b1846c8d3480c06f297a2,9c18390762527fe8d1bf7af8ded586566cdbb59c,TEMP-99,https://issues.apache.org/jira/browse
316,bf78bafa9586d847996d6d8e426d765026641645,f732c9a50cbaf0675e8b1846c8d3480c06f297a2,TEMP-100,https://issues.apache.org/jira/browse
317,1d0c2d0ba1ddc78070e415d05b2bd26cb288cecb,bf78bafa9586d847996d6d8e426d765026641645,TEMP-100,https://issues.apache.org/jira/browse
318,e7ca7823f0c4ab695b915d960833a265a383f064,1d0c2d0ba1ddc78070e415d05b2bd26cb288cecb,TEMP-84,https://issues.apache.org/jira/browse
319,a56cc14c2dd316cf6439e94444530b3ab4894949,5284ceacdf2b198f17788c967a8f6862a5c1b325,TEMP-89,https://issues.apache.org/jira/browse
320,1815c8b4ce117826c614023e5d8897a590174362,a9d448fbed45bed36941cb06dce0fc6139c1e525,TEMP-84,https://issues.apache.org/jira/browse
321,4147a50bae4e937d0bd41c397b13009b56a8cf2a,7df4f8c850e512ec7de15ecbf5df78d7f9d44449,TEMP-82,https://issues.apache.org/jira/browse
322,46c56e67b6c10b1e5f4813f372f19bf1da7ffd38,4147a50bae4e937d0bd41c397b13009b56a8cf2a,TEMP-84,https://issues.apache.org/jira/browse
323,464ebe809781e60e7bd56017bcbd3c0aaa2ecd1f,45a0b1fdfa0dec0ba60dc941e768a4898b8f070a,TEMP-96,https://issues.apache.org/jira/browse
324,d25ed53a78193ec031635f71f29b1f9217c793ef,e03d721bb4dfd2e4ba7719f76ce17e860890dd2e,TEMP-84,https://issues.apache.org/jira/browse
325,f63be2b6e74a8e8e6e7f721bd563850ec292aad3,1cd7e93ab1fbd610a3b552d8295d8e565adeecb2,TEMP-84,https://issues.apache.org/jira/browse
326,b4b470096a39bfa51d33782f442505383ecc5e79,83af1cb1fe4a4a8f6af79fe8c44258d95e061e31,TEMP-84,https://issues.apache.org/jira/browse
327,a12dd6e3f27c3be0bb02f618dc3ae132bf6e92c9,b4b470096a39bfa51d33782f442505383ecc5e79,TEMP-93,https://issues.apache.org/jira/browse
328,93910e80b41dfbecca566bda13da7601262f3730,01caaa9ac072f932a83ff894e63dade9df97c465,TEMP-91,https://issues.apache.org/jira/browse
329,eaa8e0c698f694b7e5fdded5dbb9024c8cf15c4e,0a03609ddc6380dd7c9053eb8cb04072baa476a1,TEMP-90,https://issues.apache.org/jira/browse
330,8847edc67390b817f611b22f9c211c423983d3d4,eaa8e0c698f694b7e5fdded5dbb9024c8cf15c4e,TEMP-83,https://issues.apache.org/jira/browse
331,9286d357ac99a3a3cd0171bed3c32f8967ad5aa5,b3e812386927743ad9b68486a7270fb3d677d6e8,TEMP-1,https://issues.apache.org/jira/browse
332,1ffd2e0a0de6b82e3c68e2ceeb6b69e091628401,f38ef9b7478354cbecaa57fa9282e968e7ab8aee,TEMP-2,https://issues.apache.org/jira/browse
333,9004f534a046b5b8a6f87edf2426f24a291fd2ab,756d64a9eef6dc604db947597040c0b24965c52b,TEMP-1,https://issues.apache.org/jira/browse
334,b074ab14045dcf4b4288cc9bd561364c7018f619,990ea5d016b6ebc1961be059ba9aab0f5079683b,TEMP-1,https://issues.apache.org/jira/browse
335,b31de97f620c9c16d54c6b1e145f155744536eeb,f0bd3788ad59aaf70fb170a2cb753afea15bf382,TEMP-3,https://issues.apache.org/jira/browse
336,f4aa2efc1c4e4f307b9f96d3364751caffa611e0,2e2da038149e9c50bd92aae86378e4e5a10ca0a8,TEMP-2,https://issues.apache.org/jira/browse
337,ba12705d8732a9485f35db4200416dd2663b97dc,b13ad1c26d5473dd0559bb78a3424a562cec92b1,TEMP-3,https://issues.apache.org/jira/browse
