bug.id,revision.id.buggy,revision.id.fixed,report.id,report.url
1,5e9b391ce2581603a19ca8fb63a9bf96471e8b31,528699431c0f8dd53d72da31e15ff26a451f83c3,TEMP-5,https://issues.apache.org/jira/browse
2,4ae79d210fab15cc5fe1cae427f6e32f56d3f0fc,e85e26e7bb433d38d7e383361f6f42c1a8d6aa50,TEMP-307,https://issues.apache.org/jira/browse
3,9df6f64b7ea729fff5d11fce6407cba249baafaa,43e23dd6584ba81ef1e57554248441f35bee0195,TEMP-802,https://issues.apache.org/jira/browse
4,dfafc5d723a381838695fe39e2b605880856144e,cbc5db55408dae5d8744307a5eb379df36d55427,TEMP-799,https://issues.apache.org/jira/browse
5,14291172fec33040c4200428916b9cbb5fe7f37d,ffd2a02d8559428e6f80a54a77b3b8d76b7762fb,TEMP-796,https://issues.apache.org/jira/browse
6,87a028621f8c20704cdb50bff8f03bd17f9e2917,1cba0bcef28b3be54362648bea1dfe0721f12a2e,TEMP-256,https://issues.apache.org/jira/browse
7,6c35a010ecebeec30275df1e0727dd4b29778370,e52e38bdbb8d6a6a37ddaecebee7e498f55dda12,TEMP-769,https://issues.apache.org/jira/browse
8,f9f99ccfd684d1fd79747586e4c7b77606963774,5d71ff3d29d63e677dfdaf53e08ecdf086cca665,TEMP-126,https://issues.apache.org/jira/browse
9,bd8e77d6079ce760f157b9368302a5cc0df1136c,a53127e3a58bdc2d730afa1dd918e47a4c19a0c8,TEMP-12,https://issues.apache.org/jira/browse
10,0c39fbd170b29753af28807415ac5e3644603352,8eebabd48114ff33b37c6edf51bd9d8d4fab8b5f,TEMP-759,https://issues.apache.org/jira/browse
11,4d4caa6a92797835ed46d4f8aff361ecf0ad1a18,e22691f8108abd2a7a45f6ac3fd61b3e2d0affc3,TEMP-9,https://issues.apache.org/jira/browse
12,b2b52ef972b14e6cf340d3dc3c55a0612151a377,7eb78290c8d7d1fa379536700de0bd4a81320bb0,TEMP-117,https://issues.apache.org/jira/browse
13,a6d53a7649dcc82c44738a517b44422b61696b1d,5819a966c7709b111d2c0947d266e5ef50414502,TEMP-118,https://issues.apache.org/jira/browse
14,a699c8b9ba8e3bdb8bb669f844a3e5b3a150e8b1,d6eeceb01880d970517f31dec9a81e0a3846360e,TEMP-2,https://issues.apache.org/jira/browse
15,9831773447456466ae93b07e59ea76c8cce31787,c18cd7b86ef088d0591b395b71fc1d521148b5c2,TEMP-1,https://issues.apache.org/jira/browse
16,ad04fff90d0107ca4182eccbaeeebe55d90a68b5,e08f0be55b9e17d9e03e6f311b76044cb786cd7a,TEMP-1,https://issues.apache.org/jira/browse
17,9bc4d0bc614734c50f20267824b4ec13042899a4,3aa817726b845666460f7f3ce342aa0c273ffbc5,TEMP-4,https://issues.apache.org/jira/browse
18,9fd080442c35d58d5aa6b5aeed387c304a6b1d06,7d06bd77e9ebda68c79eac20075560d488a28364,TEMP-747,https://issues.apache.org/jira/browse
19,fde8c8618ad6fa603dd836438fe2d099021d669f,469c04b14c393a9725cb10e9d22429870bb508a3,TEMP-83,https://issues.apache.org/jira/browse
20,45b6865b59d344910dd8cf09b54e6ea91347752d,45080bed9948079bdff761da4617973aa79f2de4,TEMP-125,https://issues.apache.org/jira/browse
21,f08623354efe4d801e4c1e29c0eb970b166b2c8c,45b6865b59d344910dd8cf09b54e6ea91347752d,TEMP-734,https://issues.apache.org/jira/browse
22,98293b24bde29f0cf76f1f52d30b9519c11f5686,f08623354efe4d801e4c1e29c0eb970b166b2c8c,TEMP-119,https://issues.apache.org/jira/browse
23,4551c3df10788775da91edabc843a0e1fdb0f48d,92ec85a129c80bcecf2c8dbe33e0c72fff279441,TEMP-116,https://issues.apache.org/jira/browse
24,588b5f9abe870d30330df89a6f5a57891c21c628,fbe9566e128a039c7d857576127a6b4702f37c77,TEMP-102,https://issues.apache.org/jira/browse
25,b78b81bc46222d70040d2a27ef2799f3f47a4af6,81adcf9238a33b1a9337f0970fc388b68d24bd82,TEMP-106,https://issues.apache.org/jira/browse
26,b398b82c7f5cef6f54a34dbf67d7f48cc8126b1f,b78b81bc46222d70040d2a27ef2799f3f47a4af6,TEMP-103,https://issues.apache.org/jira/browse
27,7b7512c4dea3c5b2f9aa3ac0103c6cbb30efcee2,6b2407207443aa3679a417535b173b697ce9ab54,TEMP-107,https://issues.apache.org/jira/browse
28,37c770f29e5f5c90b2f00629847dae2891701354,954c29f969beb1953343337130da4286bd92402e,TEMP-108,https://issues.apache.org/jira/browse
29,68bac4bde05f5569bf8b48abcbf1d4e44fab66d2,210e3f907612c2e4c9566b7a9d14789c394217cf,TEMP-105,https://issues.apache.org/jira/browse
30,c6f4b84c7d0a7669370a07fb4a7ec72de9cbaed2,869993da9790cc56c0597fd18012498f07ad292a,TEMP-104,https://issues.apache.org/jira/browse
31,ccb5e1a6023a86f4f0dc8d9a0bdf503f43448638,455ebc0aecda79b86784ee0a0966b56cd7615e15,TEMP-100,https://issues.apache.org/jira/browse
32,97b02e64df80404795fd11920ba11948fbf14fc4,448c99e35e438ef0b38e544b293b59d3174d185f,TEMP-98,https://issues.apache.org/jira/browse
33,3d7f5ba67e39d9d97a88c14ec555a4f6d743270d,c4de02ddfcf5280ecdfe35cef74d680ae2b4d9c3,TEMP-97,https://issues.apache.org/jira/browse
34,8f3cde34a916d7e95fa186f54df02611b16da630,543e8416f7553bd5ef842f3bb945d47f3b887c70,TEMP-96,https://issues.apache.org/jira/browse
35,a6b35a4970a1473382ac847b42fa8ea5080fa217,5db17ee055dfba5674c67f58e5c95abd05e3d4c8,TEMP-95,https://issues.apache.org/jira/browse
36,d29377dbfb817aff5bb6749cb0687d4d6a07c9b8,82cfa665a054310fe1389195896a35a01cd536ba,TEMP-94,https://issues.apache.org/jira/browse
37,3bb76c2da1524c41132715c50c4f2a3647a4fae4,66cc90ff1d3e346c8771b8f8e520f97de15405e5,TEMP-93,https://issues.apache.org/jira/browse
38,6e1443e3b11712ea9c7298b34a02747567ded6c1,3bb76c2da1524c41132715c50c4f2a3647a4fae4,TEMP-92,https://issues.apache.org/jira/browse
39,bbedeea78256e746e75dfb211391879f30360a87,32f2d4a832b7aac92e470991dddafff6608f0179,TEMP-88,https://issues.apache.org/jira/browse
40,ea548e01726b5d321bd987b0b71ac28442be5b39,bbedeea78256e746e75dfb211391879f30360a87,TEMP-87,https://issues.apache.org/jira/browse
41,3fa9e323af135b489f9f15ea161ee065d8a71897,c86c01a2e278c7977be3acffb88cd14c38005aee,TEMP-86,https://issues.apache.org/jira/browse
42,8f39771cb53207fd447e34571ab653caa2e5b762,f72f1ae330ea61e0cbca0832e4e32cee024775ac,TEMP-679,https://issues.apache.org/jira/browse
43,1118a1ccddca5b8f982c4268e70a7412a3269cff,b3499dab794234449d52c7a402582849b9387e63,TEMP-727,https://issues.apache.org/jira/browse
44,77c4cee3435220c26873227326dab9b70edc7812,b1511c79aa749a245b48f5bf18c22e9c203882f0,TEMP-81,https://issues.apache.org/jira/browse
45,8cbb4fd865a81b4d856cd87ebf099a91dc6fe2e8,07b82f6a698dac3f2e6c9f6407776566763be11e,TEMP-77,https://issues.apache.org/jira/browse
46,2b967b82fc85b57418f938555f17651eedafb965,dea6dfa6fa27acd4a8e6ba5ae3103f27ae891885,TEMP-48,https://issues.apache.org/jira/browse
47,ea9b4b51b0811114c006e18c841f0493ee826014,cb57e04fd6648ebdedb10b80c36fcf51a38f1b29,TEMP-716,https://issues.apache.org/jira/browse
48,f4cc9984c3ea0cb85db6c30c3bba6e6dfdc0b677,b150dc8860a7c44ce027f4f808ccfbc544d481f3,TEMP-72,https://issues.apache.org/jira/browse
49,ca6851e3ecff84f5a5148e26caed6e113f444198,bd76c282598967655d12697b6b1aba90b1da735b,TEMP-70,https://issues.apache.org/jira/browse
50,c46666c5ddbc14bfdb910949de49ac353676f03f,342b03d1dd60209b4fe17df492cf9a4e9c3242bd,TEMP-1,https://issues.apache.org/jira/browse
51,036bbf34d2742af78ff2c44f4223e1b268e1c12c,c46666c5ddbc14bfdb910949de49ac353676f03f,TEMP-710,https://issues.apache.org/jira/browse
52,b97da105fbccac149223327e49d29ac9024913fb,036bbf34d2742af78ff2c44f4223e1b268e1c12c,TEMP-710,https://issues.apache.org/jira/browse
53,b4ac43e113dfe723856fe0186ef46923ca5ba573,b97da105fbccac149223327e49d29ac9024913fb,TEMP-710,https://issues.apache.org/jira/browse
54,dc828f8b16a4e34d474b2470041eb0d757853a09,1979a6e31067a18c9ede59ad4518f738512eba82,TEMP-701,https://issues.apache.org/jira/browse
55,a424d2ff172aa3be9eb5155e732e6f61915d7b5e,2ec7843b940424bdb7e0cf0093062dff67946d5d,TEMP-58,https://issues.apache.org/jira/browse
56,d8fd53176635bf531184bbb16701d779e096b490,a424d2ff172aa3be9eb5155e732e6f61915d7b5e,TEMP-701,https://issues.apache.org/jira/browse
57,43b7fe30ec97dea4956887ea23dd3598d1772f71,6b9e6419fc944d3b5eac58187a6cd56e97328c2d,TEMP-11,https://issues.apache.org/jira/browse
58,d6800c606c502bb7c1de180dc9ac9686070aad37,74ad2114700446837ed451f36107a056301a65fc,TEMP-697,https://issues.apache.org/jira/browse
59,ad442e3c7368034c44616c96690c4525876dd6cd,23747116069c150e26e0dd42d61331b1108e1e01,TEMP-51,https://issues.apache.org/jira/browse
60,4bcd8c12ed2cd539b84b5f2bacf00a502949d19c,b1c45ac691d46a8c609f2534d2adfa59c0599527,TEMP-49,https://issues.apache.org/jira/browse
61,80238cd1c04af009b04b4eddf54660dffa9b2405,c4f4528b35aa3639c1e47a6ff357399b5a530f10,TEMP-47,https://issues.apache.org/jira/browse
62,a528bcb1ebafb1eeae14fd3e305f3636d6c04717,c4190304baa18d3a376c3c2232f45f63c479a5b8,TEMP-120,https://issues.apache.org/jira/browse
63,d86509b09672b874de2f933a511a1f74af6814f7,525d1fd7ca383b3426341c58ba9e2d2e886a59ac,TEMP-5,https://issues.apache.org/jira/browse
64,11eca16f4a8b2e22c7271cae1fe9f23608bfb98e,51186c1def4ac732f7d8ac6efa553e676fb7b8cd,TEMP-3,https://issues.apache.org/jira/browse
65,c232564c61976a68b4077f12c7c7b3f8ee7c823b,3ec21db2659d454de0f5ec1b76b5ed72112fd0cd,TEMP-11,https://issues.apache.org/jira/browse
66,775886ba0cb54d700268f236796c86603037951d,c232564c61976a68b4077f12c7c7b3f8ee7c823b,TEMP-11,https://issues.apache.org/jira/browse
67,8f9e66fbf060b219ca810e7b8d1153699e410237,775886ba0cb54d700268f236796c86603037951d,TEMP-43,https://issues.apache.org/jira/browse
68,274c9c1d37a47ae9bc1cdec1b0b0e4189dd44845,b88b065aa955d7a7d8f74c427b05d2243eda0779,TEMP-673,https://issues.apache.org/jira/browse
69,6dbc3b396f25640581d12c2a5e5f5a340e52437a,bbf65339023bf627a1843073cab699ca1831aa96,TEMP-39,https://issues.apache.org/jira/browse
70,8354ffffce024a97ef5e05b7cef4a82c263fc07f,0ca8f9b9feb2d74c6373d1762b1eb4a6b1f7f4b8,TEMP-5,https://issues.apache.org/jira/browse
71,8da9a65b6398931af18febe082299c5c4b932924,8354ffffce024a97ef5e05b7cef4a82c263fc07f,TEMP-36,https://issues.apache.org/jira/browse
72,1e6435ec103c1d52b119602a3aa48bfa5775d01d,4a9bcd0f5211c91c4c2f47313c8f8013d0dfe03e,TEMP-599,https://issues.apache.org/jira/browse
73,641aa1c663ebead0189bf001a06ee56463070ddb,b9522976f462687b0693b7229ba5c7faee0cb74b,TEMP-32,https://issues.apache.org/jira/browse
74,b5eb4fcc8d325810297f10c595961d4eee528ae0,eed8a7adb3de7441751e846f4a75d110dd205f23,TEMP-661,https://issues.apache.org/jira/browse
75,1d21a49c27d9eab8d02785a783fcfba387a3e8e1,8713af90d540e7bb01f8ba1fd99f6c04e41a7433,TEMP-29,https://issues.apache.org/jira/browse
76,1cdad51a01ed767259016b5f6e34f873943e3c62,9d4f2ba886b003980f2c37a4de7a3e6c3c701820,TEMP-660,https://issues.apache.org/jira/browse
77,9f0d58985f4588981eefaca0408e767eff1bef73,8f346f9f1263b2fd5923abc0956134df15fd9325,TEMP-602,https://issues.apache.org/jira/browse
78,a26fcf58e4404186c8af82920894a8b98af377bf,9f0d58985f4588981eefaca0408e767eff1bef73,TEMP-603,https://issues.apache.org/jira/browse
79,117d7e80dcc139723190744e323c654af28853cd,a26fcf58e4404186c8af82920894a8b98af377bf,TEMP-16,https://issues.apache.org/jira/browse
80,edf3867212b2075696ee2dcf7cc8c7c4733d4d31,3c1867e231093319b1bbbe5b0362d4063517cf24,TEMP-597,https://issues.apache.org/jira/browse
81,796114ea4a9cc57ab17170536e1caa5933520c47,a270ff62852e62b5ac0f943a7e57292a72b77271,TEMP-586,https://issues.apache.org/jira/browse
82,6920d4697fc83d6b65006f8c03c2491eb064bae2,64aa0558791501126ecd1bce65924874c5297f8a,TEMP-1,https://issues.apache.org/jira/browse
83,e85e91a1c6dc7bbb3c9e741681a6488cfc9f2938,dd3ac288b6143ce6c3ca9cbf1f3bb93bd1e6e782,TEMP-4,https://issues.apache.org/jira/browse
84,ccda2db1619658077a07d577b7892d88f70c2d43,b2b8f4adc557e4ef1ee2fe5e0ab46866c06ec55b,TEMP-580,https://issues.apache.org/jira/browse
85,3eee44cf63b1ebb0da6925e98b3dcc6ef1e4d610,78d47d4d098ab814a7a00a0b1c81646b27f050cf,TEMP-580,https://issues.apache.org/jira/browse
86,7a72b1983c03f7b33e397cdfc5e8f0636bcd924e,3eee44cf63b1ebb0da6925e98b3dcc6ef1e4d610,TEMP-580,https://issues.apache.org/jira/browse
87,e585cd0433ae4cfbc56e58572b9869bd0c86b611,da1a5fe00d79e1840b7e52317933e9eb56e88246,TEMP-580,https://issues.apache.org/jira/browse
88,3b691712fd2dc7251907912124de0954f0652f6c,e585cd0433ae4cfbc56e58572b9869bd0c86b611,TEMP-580,https://issues.apache.org/jira/browse
89,f8bd75d37ca12c5d49c1b628c33c0b45e2d082eb,3b691712fd2dc7251907912124de0954f0652f6c,TEMP-577,https://issues.apache.org/jira/browse
90,3a9c4718ee0fd2eeef8b3ce151ee829fadbef5ae,f8bd75d37ca12c5d49c1b628c33c0b45e2d082eb,TEMP-576,https://issues.apache.org/jira/browse
91,0acb702f3e6a6a3900d75f2b1df2aca76e853f11,68bbd2cf4a5c0eff498d46dddd527cb06274f852,TEMP-570,https://issues.apache.org/jira/browse
92,7c99c6234c7b403449420b2688fff3d516662591,73d69dfe8677210e44049bc1a2a7d1ff85bc1ca7,TEMP-566,https://issues.apache.org/jira/browse
93,d684f950c4a29d10097590cbe4346ad6e82e5e25,d4fbeefc52919ce6a50a95e80eca04492d1734a8,TEMP-4,https://issues.apache.org/jira/browse
94,159b36e66e6bc64039294c7c04bd147a9888fdd6,4c818fb356563d9bb0cc01cfde94825aeef33ffa,TEMP-518,https://issues.apache.org/jira/browse
95,0f4a98cfe1940e3f7b341ef6d6dc87fd951e6e58,df22e0c5d2752a6d4540b4bcf82c1eade03ac6f7,TEMP-543,https://issues.apache.org/jira/browse
96,ae97a498d192a1fdc167b6b768961188eede17f9,640670bd862d008990c442d2d7cc26d7fb3b6e86,TEMP-558,https://issues.apache.org/jira/browse
97,39513f9142cb82b84181a11905b3866a49d5a3c0,583d96b0895beafad326793c0cd0d273013ff137,TEMP-555,https://issues.apache.org/jira/browse
98,a3b3b74ec6325cd19169fdbaea26f27a96a72fea,2db7aa771a4ee5cd0cae28fe54d7d89fa62da81f,TEMP-427,https://issues.apache.org/jira/browse
99,1ca637930fccd475b3966db8ec76c3c5ff4b7287,a3b3b74ec6325cd19169fdbaea26f27a96a72fea,TEMP-426,https://issues.apache.org/jira/browse
100,943e710f7c65cc6edb58e054bb418595129b64de,5d42c95c33cd0504b44fc28be817f278630ee703,TEMP-545,https://issues.apache.org/jira/browse
101,32155107dd982360e813d10d0c76f6f7cc2cc7bd,30e5023265aa76e6c32d3ba43952aac964112ebc,TEMP-543,https://issues.apache.org/jira/browse
102,9e64a3cb81d66793e0147d1b6f4b39a6caa24f62,6975b0567df3eb618ba30e245bc988f5c22d5bac,TEMP-512,https://issues.apache.org/jira/browse
103,f59e419683d69e83bdf58139ed47fb0eeb74563d,9e64a3cb81d66793e0147d1b6f4b39a6caa24f62,TEMP-544,https://issues.apache.org/jira/browse
104,6180e44ff32c32092c0f4bff6b81236c099ff113,161aa07d8b2312d9143c7156fa529a4a1e1e9909,TEMP-512,https://issues.apache.org/jira/browse
105,9acc3e824e2efa2e496df8458d207b5fb5722e6d,9dbf8388c5bfa0c7beb15e835b3a5e6fc74ecbf8,TEMP-525,https://issues.apache.org/jira/browse
106,45a0337e1d9d23126dcaeff9c0ad96c5b4011957,e6c2735e952c4972095afcd9f286d5c5c6f933a7,TEMP-537,https://issues.apache.org/jira/browse
107,b9284992ea3c8c484893517ee9df3b2274296959,939527bcc5b80a1788d876d7e47fb45d71d21424,TEMP-518,https://issues.apache.org/jira/browse
108,a3503a1b569977dc6f8f136dcdcdabe49b8249c1,b9284992ea3c8c484893517ee9df3b2274296959,TEMP-536,https://issues.apache.org/jira/browse
109,ab82b11ddeba2161018a4ed2be3ce28c06408ff6,ad28a3cb5c5edae55fb7b0f4642ccbf14f3065c1,TEMP-534,https://issues.apache.org/jira/browse
110,0a114bbdb01548a69c7a8c155bbdef7785ecb389,bb0a4b6b038bf912873d10fc0f124ac3238d3e32,TEMP-531,https://issues.apache.org/jira/browse
111,527213decc04c4b45393cd0f67e96cb7a67a8f66,d3d48f834749a31459a3201fa33b89d72eb42fe5,TEMP-516,https://issues.apache.org/jira/browse
112,320c0acf89acb5950a10816ca7dd083842ff739c,527213decc04c4b45393cd0f67e96cb7a67a8f66,TEMP-524,https://issues.apache.org/jira/browse
113,a85fe84ce63f873b760e311f27ec42e05f1b3f42,320c0acf89acb5950a10816ca7dd083842ff739c,TEMP-521,https://issues.apache.org/jira/browse
114,23c6db1db65eab139c13d2c3f889cf15687597e6,62e56cd3884d224e42cc8b449ef631a0909a19a3,TEMP-512,https://issues.apache.org/jira/browse
115,c48007f44b05a445122e7c425e869b7ac479aa85,d61e967badf734499ccde4750729662b20d6545c,TEMP-519,https://issues.apache.org/jira/browse
116,0721f49bf0d8b954c8a4b8d75e5375de43af981e,c48007f44b05a445122e7c425e869b7ac479aa85,TEMP-519,https://issues.apache.org/jira/browse
117,a431ff8881eb8ac70af70af6483b03e3579574ca,bc85bab7a53a1569b4740c5b142b4dae062062de,TEMP-512,https://issues.apache.org/jira/browse
118,649f160522326ae0163f1d4755867372337108ab,b68202aa29dcb89eba268d4b156fe6b12facbd00,TEMP-4,https://issues.apache.org/jira/browse
119,d172c62418267d2331d2916da98b9fcf18b50aa1,2ddd54a7ddfead528f2b1de92dc8dd16be7f5f89,TEMP-507,https://issues.apache.org/jira/browse
120,3a1d8e7db0e13a69fd1bd272396fdb48a31fbbfc,e1527d3cb90c6afc1cda58143c69016aef8124bb,TEMP-506,https://issues.apache.org/jira/browse
121,c00465cc99e5704a0da2d210512b220f4ba105f1,db058c359ece2c7b7e158840d88cdc458062b06e,TEMP-1,https://issues.apache.org/jira/browse
122,4f296da76cb2faeafebac39435a14b5a64aa258b,15ad7824efda1e1632d24f4c273796863841c537,TEMP-501,https://issues.apache.org/jira/browse
123,04af9bc8eec8397c0a5c3502145db66eb0c87ecb,4f296da76cb2faeafebac39435a14b5a64aa258b,TEMP-500,https://issues.apache.org/jira/browse
124,8cc80dd1a449f98924ca9e74970b35f940d43800,04af9bc8eec8397c0a5c3502145db66eb0c87ecb,TEMP-6,https://issues.apache.org/jira/browse
125,b34856498ed290a4883b077db0d4df2991ba190f,d73ff41fa177ac154aa01c67ee80411c68696790,TEMP-1,https://issues.apache.org/jira/browse
126,72784c46f6a7d7644398db5c7ac8bd3822c523d4,539be680cd2b1a8f6833b28ee0cca22a88161466,TEMP-496,https://issues.apache.org/jira/browse
127,15ee56bd0f91ef807a3e729ab3410a834ef3fcef,72784c46f6a7d7644398db5c7ac8bd3822c523d4,TEMP-495,https://issues.apache.org/jira/browse
128,d639a9b43723053d63756fd4a63b50316a8a0e05,4951344fb2ce246e0cc5a2dff90d24cea6eb3a75,TEMP-475,https://issues.apache.org/jira/browse
129,7df57879c92a467cd71860e6cfe14a04a49fd031,fe63f95fbff43495e57ebc37350798dee024cf9a,TEMP-474,https://issues.apache.org/jira/browse
130,62e69cf4f2fcb3ad8bdc44f75f8a9e3e20ca7337,7df57879c92a467cd71860e6cfe14a04a49fd031,TEMP-474,https://issues.apache.org/jira/browse
131,74818aa847bb27980df7887a296a5737e5925ace,62e69cf4f2fcb3ad8bdc44f75f8a9e3e20ca7337,TEMP-474,https://issues.apache.org/jira/browse
132,3361a74940a991e924073d882bc72f4d307422f3,4f00c553897cc3342089c4b40f7bed5f36e924de,TEMP-455,https://issues.apache.org/jira/browse
133,74d39c4c4fcec53f91ef0a9c213b2909af440260,0cba84e103773cf86b8691593e9d8a0d8afec1fb,TEMP-473,https://issues.apache.org/jira/browse
134,b1162d812eebc9298b7fd62eac1dac119ae5f271,125c820e8d43df150ac09c9da5b38dcc1ea6e03e,TEMP-1,https://issues.apache.org/jira/browse
135,cbfea0420024e7dadac57603989ff954ec0ca35d,b1162d812eebc9298b7fd62eac1dac119ae5f271,TEMP-459,https://issues.apache.org/jira/browse
136,1c8fbeaec2ee80d45b78742d63aeec0c9d0c4e9a,7725a72c7322d3e3628ced092082d1b76baeeff4,TEMP-468,https://issues.apache.org/jira/browse
137,20619b096cbb250518fd99eed15a4ae81345ce9f,68c0a80d17688d6d56644deaaaec5d3575042587,TEMP-459,https://issues.apache.org/jira/browse
138,f9930aa9f3827267cc23e4123135710950237963,20619b096cbb250518fd99eed15a4ae81345ce9f,TEMP-455,https://issues.apache.org/jira/browse
139,8e34831a654ae57e29dba7a99211a36549e53377,ed085d064c0f80b0bcf382550d10fe6b6fc9f283,TEMP-470,https://issues.apache.org/jira/browse
140,8f5e319af8b310df2da9ed30bcd133cbcd6f00d3,edd64cfd822ae2ca2faa8dc1c73edc38a6e19f0f,TEMP-472,https://issues.apache.org/jira/browse
141,3b57c46c76d5d655ec56869404539d56ef74e69b,2e36e5e9088a5e95956ed24709b4245f95b0f80c,TEMP-461,https://issues.apache.org/jira/browse
142,fbb81a37f80fab1d1e21435782e034eade76114d,278eed3e1f7cfef2d39a25aba53f4478c3ad8c58,TEMP-2,https://issues.apache.org/jira/browse
143,8283d966f47280f682a1407d499346a383d1b1a5,5878adfaf37ce37e6988956e4cd5c833c6ec61be,TEMP-453,https://issues.apache.org/jira/browse
144,afcbced8ef5cd36ed74180af1ec333f13a158291,8283d966f47280f682a1407d499346a383d1b1a5,TEMP-453,https://issues.apache.org/jira/browse
145,05f3b74fd581ea5f8946c64edcb293747b4d9a71,43e4df85bda71ca1500112912a83d3ed19868c4c,TEMP-453,https://issues.apache.org/jira/browse
146,10a5e1c6985cbe167798130f787e999f11aaa556,05f3b74fd581ea5f8946c64edcb293747b4d9a71,TEMP-453,https://issues.apache.org/jira/browse
147,44dc835e0a40b57fbb505c30b3ffa6adb8663493,40ad5dc2dbac4a1e76befb2f77ea5044321c4cc9,TEMP-458,https://issues.apache.org/jira/browse
148,f86c69659a514119012fd7c14ce3fac06f39d157,c1be92fbfb6c0492edaeccbbdac2639363cb362e,TEMP-3,https://issues.apache.org/jira/browse
149,e7ae9283baaef264903865e8538dbfd8f98cdb1b,feb7b2fe0cb315bc6f0d38dcb3fcf30462055347,TEMP-1,https://issues.apache.org/jira/browse
150,ce86f3f8aa7ecaa12f2c62737a801a73f6e386ab,9ea429c9778fb0dd32d605d41317feb6b2dbeccc,TEMP-454,https://issues.apache.org/jira/browse
151,1377fa84d78751f3271a9ef51170ce810f2fe112,696c7687162c70ba9de930af0327639b03680995,TEMP-4,https://issues.apache.org/jira/browse
152,4b9c68b55a6f82942d32c5149fa0363b8b6b39fc,803a9c6c17efbc98bc9513e6bf7e6900d4dbae2c,TEMP-310,https://issues.apache.org/jira/browse
153,50bd9f108b59f69d73eb8ca4d4c8a917895743a8,c9e1e5c8f51ec51e2927561fdcca2cc40d6893f6,TEMP-237,https://issues.apache.org/jira/browse
154,a48cafa52e5744638d6a8cfc37ece9c8f71430e3,5e01d361f02d8e0d21edcaf8587eff133d5681b3,TEMP-445,https://issues.apache.org/jira/browse
155,9036c09662238064160d6f38950c8feab7b756ba,f7a557a38ad44c819fb139203f99c188c0e92604,TEMP-444,https://issues.apache.org/jira/browse
156,fb7bae91d7fbde40767195dc8ea8166abd1bcb56,0f0b8710e24160576f29504ef3e3bcbe34f22770,TEMP-424,https://issues.apache.org/jira/browse
157,83371b380d27b7073cc8b244568c7132ec0f534e,2bafac38a7f8f2fdf6379740135899460f67821a,TEMP-445,https://issues.apache.org/jira/browse
158,88ca4cdf883e2a4d19b352c5faa7cdd02ba09aed,d5d29b625fef0a6b6c69fca9c03330d85de585de,TEMP-445,https://issues.apache.org/jira/browse
159,0ba8b8194e91302e9203ca6d3dd8646b0aa9946a,cdfd6b7a6784246360fe77fe3789696b8b93d877,TEMP-372,https://issues.apache.org/jira/browse
160,41f5524e9260bdb8771d450c51ee91764ee30ffc,e15f419b0c86047b1c689e6bb64b7beba180e4e0,TEMP-1,https://issues.apache.org/jira/browse
161,89ebfe8f921be807d40b3cecc504b05d56c0d898,b88692f83a938e31fd5f703c99db2a5720cd9f3e,TEMP-447,https://issues.apache.org/jira/browse
162,74a09f9cae185be5939dc4a378a9968590e11501,090f04d180211a52e073811bd26067621956dd23,TEMP-3,https://issues.apache.org/jira/browse
163,89d8791f05f0d28199820e87c683696f96d42f40,bb9952dbedc77f25fffda32d96e6494e2246bab3,TEMP-444,https://issues.apache.org/jira/browse
164,3712f1a147a1e72c577f371d4a71853a5d068ebc,6b5042cb52cea6b28c1e626bfb3625db61c637b2,TEMP-1,https://issues.apache.org/jira/browse
165,99b53bcce882a486f18fc7b6acc00d0bd0cac0f5,1b9d8b4b3e48f41b6e448a8b55c6d84cb13df44d,TEMP-120,https://issues.apache.org/jira/browse
166,e79d3ffa4ba57a26375dec2c7644f2340122d960,745dd6673f3f40ae080d9c27501cf1452213d96f,TEMP-5,https://issues.apache.org/jira/browse
167,38bb9b4ac534abc95a83c75faf5e87cfe25319d4,b10fa43d3e29af6c6e79577c305fad99df01dff0,TEMP-426,https://issues.apache.org/jira/browse
168,dec0641e2f189c89e931b4ab59a06384582316b1,8338b9a252c0c4965ec2f63daaffe2edf055dbed,TEMP-427,https://issues.apache.org/jira/browse
169,1f09f103a847b176ab427dbe9081cb56d8a15f6a,dba4df56e4eb2ac4f6a0ca7c736d770382184439,TEMP-1,https://issues.apache.org/jira/browse
170,4303c163b15bd43cb34626c0cd2c7984e5644297,88b7b4b3a07390db01c9fe2ae15581ace220032b,TEMP-379,https://issues.apache.org/jira/browse
171,bc715edab37df7003cd6387f93715ec797fd4d49,4303c163b15bd43cb34626c0cd2c7984e5644297,TEMP-3,https://issues.apache.org/jira/browse
172,bb72bc51ce46c102124d09ac862860f44d169cb4,459f14b33c02509a4b9cc5360f3ff2f4edba9284,TEMP-239,https://issues.apache.org/jira/browse
173,09c256dbb3c3a3f39234651635cc814ec57cba8d,b7327a42da0a48e223dd7ce014439a36f1850929,TEMP-239,https://issues.apache.org/jira/browse
174,ff79ffc8262b796be4e52d37e6da1a64dc7abdfc,ab7f253ce528d3898211cbac9597e7095b355613,TEMP-425,https://issues.apache.org/jira/browse
175,3c233e4caf44aabc28784d90db1fc3f3f1e84c50,eb1e54d9910f8b15779177e9bd1d6cd77da9bb60,TEMP-5,https://issues.apache.org/jira/browse
176,f8ea63dfdfcadc3a5f7b5beae51f78a296281709,203a81890dab734f6f58c536f3b25dd82aeb736c,TEMP-5,https://issues.apache.org/jira/browse
177,37ace6950e0c63b4bfe3bb602be1fac9176ab1ba,20fdf174fee023f6d816771300e034d5f13947f6,TEMP-421,https://issues.apache.org/jira/browse
178,87d923f0d72c5e81105e6a1f8958e7800b79ef07,7c55e29e3ddfbebde9e57695274c3091b203b01c,TEMP-414,https://issues.apache.org/jira/browse
179,6db6aa496f268b7f7dd846ba7e01b69402794172,87d923f0d72c5e81105e6a1f8958e7800b79ef07,TEMP-414,https://issues.apache.org/jira/browse
180,cae889f3c01cd6e022d98530e867eb48abc03427,6db6aa496f268b7f7dd846ba7e01b69402794172,TEMP-413,https://issues.apache.org/jira/browse
181,13c8e44e6a57f7abd0699ebc9ee4245b37abd918,cae889f3c01cd6e022d98530e867eb48abc03427,TEMP-412,https://issues.apache.org/jira/browse
182,ff9488b31ec4a6056f55c32ad3629de31e987ab7,a753ba0a0340dfab360d3932ea1e45de93689586,TEMP-410,https://issues.apache.org/jira/browse
183,f3e93a52db74730aeb06ed4e8445d12c61d9f193,bd2f3bcced1643373ee910dace2320674d2cc09d,TEMP-409,https://issues.apache.org/jira/browse
184,19de811cafeb55fb519965cd89427416798e3040,f3e93a52db74730aeb06ed4e8445d12c61d9f193,TEMP-408,https://issues.apache.org/jira/browse
185,c531834764c31d56332b0918d404c3dbbf02ccac,19de811cafeb55fb519965cd89427416798e3040,TEMP-407,https://issues.apache.org/jira/browse
186,eb88ae9669fc36a4030b5f6cf27c2ea8b8bb15f8,c531834764c31d56332b0918d404c3dbbf02ccac,TEMP-406,https://issues.apache.org/jira/browse
187,0b83241a1ac009cd6f95d57209fadc05b6b4d268,970921c2196d804d7c2d8203881cd340a4d0df3e,TEMP-380,https://issues.apache.org/jira/browse
188,b9b6f31089fedd0e3288b5ad80771a71ee1a65ca,0b83241a1ac009cd6f95d57209fadc05b6b4d268,TEMP-391,https://issues.apache.org/jira/browse
189,68673c6c52ffca3a87e4ec6a8f2c11849d6d458c,b9b6f31089fedd0e3288b5ad80771a71ee1a65ca,TEMP-400,https://issues.apache.org/jira/browse
190,f806874001b00b04d91192bcca7b5d4093f3cee0,68673c6c52ffca3a87e4ec6a8f2c11849d6d458c,TEMP-389,https://issues.apache.org/jira/browse
191,e441f8ee08e6eb081d1e7692f1cacd4844af82f4,f806874001b00b04d91192bcca7b5d4093f3cee0,TEMP-388,https://issues.apache.org/jira/browse
192,f47898012324ba183221713ae20324e2a72930bb,d51a9262f2a11ef3a555adf36a9eb8bd0415289e,TEMP-384,https://issues.apache.org/jira/browse
193,e4ba77b3b117b17efbbfd8f67ef31a5b76ded65a,cb19f2d73fb6ff6cbad5fa568534d1d05a5d47ff,TEMP-323,https://issues.apache.org/jira/browse
194,13270785019dfc2866403df4c376c5621827771f,e4ba77b3b117b17efbbfd8f67ef31a5b76ded65a,TEMP-331,https://issues.apache.org/jira/browse
195,76cca602d5bbbfb4b1d1e2d6ece32cdb4495c065,13270785019dfc2866403df4c376c5621827771f,TEMP-332,https://issues.apache.org/jira/browse
196,0145c16a6ff8dced5e3cdb899a250dcd49ef780f,76cca602d5bbbfb4b1d1e2d6ece32cdb4495c065,TEMP-334,https://issues.apache.org/jira/browse
197,152588c28661b0dee5d9456baf8b8d0035c3739d,0145c16a6ff8dced5e3cdb899a250dcd49ef780f,TEMP-360,https://issues.apache.org/jira/browse
198,a6d51b8d2f124b71d420e2b1c5f901c503da65cd,ed3d9ab90be17fcf527b79ba140d5b5dae5c4310,TEMP-330,https://issues.apache.org/jira/browse
199,9b3bfe2fb931bd862046137492bea6c3f1e2a268,a6d51b8d2f124b71d420e2b1c5f901c503da65cd,TEMP-330,https://issues.apache.org/jira/browse
200,b5e8745a419f27eff18a906bf3acceca6d6eb792,7d1c0ab0904c43eef9c20ff38fb56f7215e5743b,TEMP-363,https://issues.apache.org/jira/browse
201,6f7691f90be63491d1d368e9d9dbed3dabd18d9d,8fc1425e8457726e2c1477700f08d330f658d55f,TEMP-4,https://issues.apache.org/jira/browse
202,8f9fe40f7c9456b67bfdb5fed4529135fd7385f2,d4c9c2c7bf40044db837f1bdf55d87d27c047221,TEMP-364,https://issues.apache.org/jira/browse
203,9976cbe48dc4e3fb5c9cb6b158c070ba8bfdb8f3,6cfa5daebc99c4b6c9a025675ea6b94cf2024b1e,TEMP-363,https://issues.apache.org/jira/browse
204,ca34318ae2fed482b75f0b4cd1a082bb17d4b9c9,a11dc6aa1d91106577c75a5986b691b41b493947,TEMP-359,https://issues.apache.org/jira/browse
205,eebcb74fb5e80592aab80f6bbb756026c7812f19,4e6e6a8e07f3c2b595daef083d6f50ea99fef4a4,TEMP-350,https://issues.apache.org/jira/browse
206,4016c8eec992ab62747a55dcfb4be1878ecc232c,eebcb74fb5e80592aab80f6bbb756026c7812f19,TEMP-343,https://issues.apache.org/jira/browse
207,aa0e7d0a9285f272a811990e0cc9cd83d240adfa,4016c8eec992ab62747a55dcfb4be1878ecc232c,TEMP-255,https://issues.apache.org/jira/browse
208,ac4f8bf346d344326a986aa16000db69b2fb4ffc,2e29ad2a8fd33955b488c1edd0b312a6837b7cb9,TEMP-340,https://issues.apache.org/jira/browse
209,4086f8bdd0ebe8fab5319e2aa5583c7e4b71be79,40a3bb822169a9d80cb9bde4bf087a34dd1e5be8,TEMP-5,https://issues.apache.org/jira/browse
210,646488dc7e05c19a36398a0386df99d60375319b,4086f8bdd0ebe8fab5319e2aa5583c7e4b71be79,TEMP-5,https://issues.apache.org/jira/browse
211,8bff63974981e2e68068d2ba577b72b14662c46d,646488dc7e05c19a36398a0386df99d60375319b,TEMP-1,https://issues.apache.org/jira/browse
212,fa2ac96916b525220b65724f54045a4a7ac19d98,8bff63974981e2e68068d2ba577b72b14662c46d,TEMP-13,https://issues.apache.org/jira/browse
213,5497aca53a82d40f5084637fe2ca45898c1b52a7,fa2ac96916b525220b65724f54045a4a7ac19d98,TEMP-13,https://issues.apache.org/jira/browse
214,1cece986b54391c48c737adaf90259168eea1562,5497aca53a82d40f5084637fe2ca45898c1b52a7,TEMP-11,https://issues.apache.org/jira/browse
215,d6175c00076792f4c415f959f203a6df1b1ea60a,1cece986b54391c48c737adaf90259168eea1562,TEMP-28,https://issues.apache.org/jira/browse
216,68ca4c2cb8edb1083bede992848977f90b636100,d6175c00076792f4c415f959f203a6df1b1ea60a,TEMP-10,https://issues.apache.org/jira/browse
217,3d40d443d8b76fd0daa327a202f24b8b54bba46e,68ca4c2cb8edb1083bede992848977f90b636100,TEMP-11,https://issues.apache.org/jira/browse
218,9153c914d1bd97cb779d501a89970ec1227939ae,3d40d443d8b76fd0daa327a202f24b8b54bba46e,TEMP-5,https://issues.apache.org/jira/browse
219,e3984b95bd6d70ecca4dbf675c9dd71d55aec356,9153c914d1bd97cb779d501a89970ec1227939ae,TEMP-11,https://issues.apache.org/jira/browse
220,4fa5c89910ff50cda9b88e12f1edd447aa46db16,e3984b95bd6d70ecca4dbf675c9dd71d55aec356,TEMP-1,https://issues.apache.org/jira/browse
221,352f016239039fd8a6647cd14c5d24a60caa8193,4fa5c89910ff50cda9b88e12f1edd447aa46db16,TEMP-11,https://issues.apache.org/jira/browse
222,ed32276f0deba39ba9a33eba4b31114dbd541445,352f016239039fd8a6647cd14c5d24a60caa8193,TEMP-1,https://issues.apache.org/jira/browse
223,403f770bf12a98dabf11842d36e42008e39121b2,ed32276f0deba39ba9a33eba4b31114dbd541445,TEMP-11,https://issues.apache.org/jira/browse
224,eaa246e46c3424e3c456fbfc9aecccf6133f203c,403f770bf12a98dabf11842d36e42008e39121b2,TEMP-11,https://issues.apache.org/jira/browse
225,1e7b7fc64c68111899f035228fdda98357b502ee,eaa246e46c3424e3c456fbfc9aecccf6133f203c,TEMP-11,https://issues.apache.org/jira/browse
226,9e8badc3be3a80d91596a4b817341799e60a72cf,1e7b7fc64c68111899f035228fdda98357b502ee,TEMP-11,https://issues.apache.org/jira/browse
227,7ffce465db78cc7cbf86d666687534988c6c0842,9e8badc3be3a80d91596a4b817341799e60a72cf,TEMP-11,https://issues.apache.org/jira/browse
228,a5422f9b401355039ab224f4ce8325adfcb41aa1,7ffce465db78cc7cbf86d666687534988c6c0842,TEMP-11,https://issues.apache.org/jira/browse
229,6f76f2b2054c480a43b4465fa06b4d8790d462d0,a5422f9b401355039ab224f4ce8325adfcb41aa1,TEMP-11,https://issues.apache.org/jira/browse
230,68b58062583a7bace4b4ed7f76dee6cb48ac4ad8,6f76f2b2054c480a43b4465fa06b4d8790d462d0,TEMP-1,https://issues.apache.org/jira/browse
231,47abb18690ce10639f45f3e63830bc48ffd184de,68b58062583a7bace4b4ed7f76dee6cb48ac4ad8,TEMP-1,https://issues.apache.org/jira/browse
232,78bb9be97786c161654ca57c8406d72b767cbc2f,47abb18690ce10639f45f3e63830bc48ffd184de,TEMP-1,https://issues.apache.org/jira/browse
233,7035d2262465172d8cfcebeaae800aebe9e1273d,78bb9be97786c161654ca57c8406d72b767cbc2f,TEMP-10,https://issues.apache.org/jira/browse
234,71dbf4de18bb1d532f4e788fada4bf36667aa78a,7035d2262465172d8cfcebeaae800aebe9e1273d,TEMP-1,https://issues.apache.org/jira/browse
235,cb130f80563ad8e46eee238a9cb2bec70d943e74,71dbf4de18bb1d532f4e788fada4bf36667aa78a,TEMP-1,https://issues.apache.org/jira/browse
236,039cffde35c919479f1ca914c0f29283321b991b,cb130f80563ad8e46eee238a9cb2bec70d943e74,TEMP-1,https://issues.apache.org/jira/browse
237,8ab1957756f394596d64ec9553ba38dcf46bc969,039cffde35c919479f1ca914c0f29283321b991b,TEMP-1,https://issues.apache.org/jira/browse
238,59de6795f74271f526c9124820a52e94702d22b3,8ab1957756f394596d64ec9553ba38dcf46bc969,TEMP-1,https://issues.apache.org/jira/browse
239,7777f1c6ee582864f3093d36022c65c663f45025,59de6795f74271f526c9124820a52e94702d22b3,TEMP-30,https://issues.apache.org/jira/browse
240,5e234b76ad6057fbffa7a28bfd3f467dd77cd15a,7777f1c6ee582864f3093d36022c65c663f45025,TEMP-1,https://issues.apache.org/jira/browse
241,628bcc433a22037a88b4b994105ddeb259d61f42,5e234b76ad6057fbffa7a28bfd3f467dd77cd15a,TEMP-1,https://issues.apache.org/jira/browse
242,7b65bf844ee8a98755da63de8dce5d2ff31bc3e4,628bcc433a22037a88b4b994105ddeb259d61f42,TEMP-10,https://issues.apache.org/jira/browse
243,90e210c1c0ebe5f394340e668f30d9a6da7266fe,7b65bf844ee8a98755da63de8dce5d2ff31bc3e4,TEMP-11,https://issues.apache.org/jira/browse
244,a037b479d680054b1d2ead4cf5da49d309a1e25a,90e210c1c0ebe5f394340e668f30d9a6da7266fe,TEMP-18,https://issues.apache.org/jira/browse
245,6b383d07ffdf8da6c9055e04f41944d2a4f3890d,a037b479d680054b1d2ead4cf5da49d309a1e25a,TEMP-11,https://issues.apache.org/jira/browse
246,2282bf731f8fdadd5cd8b54451e5424d559a436d,6b383d07ffdf8da6c9055e04f41944d2a4f3890d,TEMP-1,https://issues.apache.org/jira/browse
247,23653563933d8cfe49332ba44c2961952d1f00af,2282bf731f8fdadd5cd8b54451e5424d559a436d,TEMP-1,https://issues.apache.org/jira/browse
248,284c7bd060c92f4fe0a1bb8db0f6b6f1c11fb37e,23653563933d8cfe49332ba44c2961952d1f00af,TEMP-26,https://issues.apache.org/jira/browse
249,0156cc7f5c86a0b1ee3833d56d1613e9bc0b9a76,284c7bd060c92f4fe0a1bb8db0f6b6f1c11fb37e,TEMP-1,https://issues.apache.org/jira/browse
250,f283478c81d4de3e3b9e0d10e180d59150fc2048,0156cc7f5c86a0b1ee3833d56d1613e9bc0b9a76,TEMP-1,https://issues.apache.org/jira/browse
251,f0ef1c8d0e63738b13df11cb4e3ac0bced206509,f283478c81d4de3e3b9e0d10e180d59150fc2048,TEMP-11,https://issues.apache.org/jira/browse
252,116ed1136aff669b5e0f7b219bbfd2d6d1f6b443,f0ef1c8d0e63738b13df11cb4e3ac0bced206509,TEMP-1,https://issues.apache.org/jira/browse
253,a9657224d749f6a3d18b6970fda6c747bc48a861,116ed1136aff669b5e0f7b219bbfd2d6d1f6b443,TEMP-11,https://issues.apache.org/jira/browse
254,e0b80a4d9be708a4c06c3333ba218b9f564a1b4c,a9657224d749f6a3d18b6970fda6c747bc48a861,TEMP-11,https://issues.apache.org/jira/browse
255,5b9591ae0eef7c7b548ca25d8be86da7dfe87ad5,e0b80a4d9be708a4c06c3333ba218b9f564a1b4c,TEMP-18,https://issues.apache.org/jira/browse
256,43f9c6f97f6d3ece6c847643a74319ff1eb7c8d5,5b9591ae0eef7c7b548ca25d8be86da7dfe87ad5,TEMP-11,https://issues.apache.org/jira/browse
257,9a80db63ccf0df340a5cb92a0641a11844d44ac8,43f9c6f97f6d3ece6c847643a74319ff1eb7c8d5,TEMP-5,https://issues.apache.org/jira/browse
258,2a90a1d77264b8581b8e6a064c06c4906c62a2d1,9a80db63ccf0df340a5cb92a0641a11844d44ac8,TEMP-11,https://issues.apache.org/jira/browse
259,be26bc6f09b66e3aeb09fc0485a24b7e73c588f6,2a90a1d77264b8581b8e6a064c06c4906c62a2d1,TEMP-13,https://issues.apache.org/jira/browse
260,ede856f90cd99a96b195e9421f429d6feb3ad26b,be26bc6f09b66e3aeb09fc0485a24b7e73c588f6,TEMP-13,https://issues.apache.org/jira/browse
261,bdfea5682bf3331a8102a8f6b44b311a6a6ef023,ede856f90cd99a96b195e9421f429d6feb3ad26b,TEMP-11,https://issues.apache.org/jira/browse
262,e5cc68b926fd076d7b08a3bcff2241e45b0d82fc,bdfea5682bf3331a8102a8f6b44b311a6a6ef023,TEMP-13,https://issues.apache.org/jira/browse
263,c33b575cfca19782da1dcf6e3d587e8f2f7bcf87,e5cc68b926fd076d7b08a3bcff2241e45b0d82fc,TEMP-13,https://issues.apache.org/jira/browse
264,60425a423fe4cc430c13b10687dd34a2fb12b14c,c33b575cfca19782da1dcf6e3d587e8f2f7bcf87,TEMP-13,https://issues.apache.org/jira/browse
265,3c1072a711dbcae3eff59a99d7412b3c4487af4e,60425a423fe4cc430c13b10687dd34a2fb12b14c,TEMP-13,https://issues.apache.org/jira/browse
266,51ed546f9c880b8e3a5088626e0ba892564c36bf,3c1072a711dbcae3eff59a99d7412b3c4487af4e,TEMP-1,https://issues.apache.org/jira/browse
267,8c9bf23bf6ab4481ee350c0d897352d837499eb6,51ed546f9c880b8e3a5088626e0ba892564c36bf,TEMP-11,https://issues.apache.org/jira/browse
268,1f5561a76651c9e33070fc92db405a52d25b22d9,8c9bf23bf6ab4481ee350c0d897352d837499eb6,TEMP-11,https://issues.apache.org/jira/browse
269,80eb808cc1a2c5250bbc46cdca2eee5aa994f8bf,1f5561a76651c9e33070fc92db405a52d25b22d9,TEMP-1,https://issues.apache.org/jira/browse
270,c4306bc80df304af28caab135d13a74f9f76dc6c,80eb808cc1a2c5250bbc46cdca2eee5aa994f8bf,TEMP-1,https://issues.apache.org/jira/browse
271,f39a8763ea1f5cd85a63bb5b9315376caf132a31,c4306bc80df304af28caab135d13a74f9f76dc6c,TEMP-11,https://issues.apache.org/jira/browse
272,1849be9c791b6fc23ca2a4a0906f4ae047eeb078,f39a8763ea1f5cd85a63bb5b9315376caf132a31,TEMP-1,https://issues.apache.org/jira/browse
273,8749df8fa8b60492a9bd185e0f3718af6230293d,1849be9c791b6fc23ca2a4a0906f4ae047eeb078,TEMP-1,https://issues.apache.org/jira/browse
274,80eb00cfc5a34c33736309d051770f568320f017,8749df8fa8b60492a9bd185e0f3718af6230293d,TEMP-1,https://issues.apache.org/jira/browse
275,cb26da928cbd3b499f0a56b31a70d513ee085246,80eb00cfc5a34c33736309d051770f568320f017,TEMP-10,https://issues.apache.org/jira/browse
276,51a2b9eae0ebc9bdd22f7483ff8bbb59c29df4af,cb26da928cbd3b499f0a56b31a70d513ee085246,TEMP-11,https://issues.apache.org/jira/browse
277,ce592ac8173af1e768be6faf7444010b454cfd8e,51a2b9eae0ebc9bdd22f7483ff8bbb59c29df4af,TEMP-11,https://issues.apache.org/jira/browse
278,4a1e68e1b8ceb367523a8492000d05f6772803b2,ce592ac8173af1e768be6faf7444010b454cfd8e,TEMP-11,https://issues.apache.org/jira/browse
279,480b6ed7b7bb1e6a0823d37cf89a9f11fabe516a,4a1e68e1b8ceb367523a8492000d05f6772803b2,TEMP-1,https://issues.apache.org/jira/browse
280,8d92a78bb64c9e36e5ab92377081d6a7a6072e1d,480b6ed7b7bb1e6a0823d37cf89a9f11fabe516a,TEMP-11,https://issues.apache.org/jira/browse
281,fd3dc7c7dd10eb3358d12b250fd4018b3b17b77b,8d92a78bb64c9e36e5ab92377081d6a7a6072e1d,TEMP-1,https://issues.apache.org/jira/browse
282,484bfbe25535134e011d72dcdc3ea7cf1154ec6e,fd3dc7c7dd10eb3358d12b250fd4018b3b17b77b,TEMP-11,https://issues.apache.org/jira/browse
283,f4847129e4aec0165184a1dbed14c8042fb4a268,484bfbe25535134e011d72dcdc3ea7cf1154ec6e,TEMP-11,https://issues.apache.org/jira/browse
284,77013660403480fc70ab9218c9191fe157b6bae2,f4847129e4aec0165184a1dbed14c8042fb4a268,TEMP-1,https://issues.apache.org/jira/browse
285,027b776f7ed02ee144f52275615310885366d941,77013660403480fc70ab9218c9191fe157b6bae2,TEMP-30,https://issues.apache.org/jira/browse
286,ff9ab0abd69f98fc67739c7e8f365006ac0cff25,027b776f7ed02ee144f52275615310885366d941,TEMP-1,https://issues.apache.org/jira/browse
287,da436314a90182dafc50962d408c9111c03a235d,ff9ab0abd69f98fc67739c7e8f365006ac0cff25,TEMP-1,https://issues.apache.org/jira/browse
288,2fd0de757b1fdb02bbc3d9ac7250553e4cf0d10e,da436314a90182dafc50962d408c9111c03a235d,TEMP-1,https://issues.apache.org/jira/browse
289,a9447a7c7213f40318a0f3f0ca78da9d56654d69,2fd0de757b1fdb02bbc3d9ac7250553e4cf0d10e,TEMP-1,https://issues.apache.org/jira/browse
290,e61486f5dc02ac96af52166f0ecf17e58ee1eddc,a9447a7c7213f40318a0f3f0ca78da9d56654d69,TEMP-1,https://issues.apache.org/jira/browse
291,fdb0ea56f950e31d2187c47a4010c67446aeba0c,e61486f5dc02ac96af52166f0ecf17e58ee1eddc,TEMP-11,https://issues.apache.org/jira/browse
292,a2811d7b9029423f84204b234ab9802f971e4044,fdb0ea56f950e31d2187c47a4010c67446aeba0c,TEMP-1,https://issues.apache.org/jira/browse
293,97850dae192aa9542547808a3304c8b1bcaf4a95,a2811d7b9029423f84204b234ab9802f971e4044,TEMP-1,https://issues.apache.org/jira/browse
294,9c4574b68df5eea6d0b1d099d21b546b85b45604,97850dae192aa9542547808a3304c8b1bcaf4a95,TEMP-13,https://issues.apache.org/jira/browse
295,1dbcde91cb0dc16af92db6f483e6cd7e10a84493,9c4574b68df5eea6d0b1d099d21b546b85b45604,TEMP-11,https://issues.apache.org/jira/browse
296,6f353fd6958f9c8aa7dd46cbaa790d2a8ef40027,1dbcde91cb0dc16af92db6f483e6cd7e10a84493,TEMP-13,https://issues.apache.org/jira/browse
297,2b9145c38e2022ca4f2c7409e585dbebae5d0a69,6f353fd6958f9c8aa7dd46cbaa790d2a8ef40027,TEMP-13,https://issues.apache.org/jira/browse
298,23c5be297b5bd2df14a73a35c9bf559510c125a1,2b9145c38e2022ca4f2c7409e585dbebae5d0a69,TEMP-11,https://issues.apache.org/jira/browse
299,936ba654ac3f91d11fea7b309dd2c4068e404815,23c5be297b5bd2df14a73a35c9bf559510c125a1,TEMP-11,https://issues.apache.org/jira/browse
300,eed98b46eec3c4e3e98a0f2c2760e5ae70bb3707,936ba654ac3f91d11fea7b309dd2c4068e404815,TEMP-11,https://issues.apache.org/jira/browse
301,c301ea06f5f32d76b65bfeb920ce0eadc13cd702,eed98b46eec3c4e3e98a0f2c2760e5ae70bb3707,TEMP-11,https://issues.apache.org/jira/browse
302,ee525f8000f7127095d29b0a5eefd774658885bb,c301ea06f5f32d76b65bfeb920ce0eadc13cd702,TEMP-13,https://issues.apache.org/jira/browse
303,47518afaad9774ff8891141fae6d52abb5b265a4,ee525f8000f7127095d29b0a5eefd774658885bb,TEMP-1,https://issues.apache.org/jira/browse
304,0dc3d1c283576a8678467f5768244316853dac18,47518afaad9774ff8891141fae6d52abb5b265a4,TEMP-13,https://issues.apache.org/jira/browse
305,8c6e10da8c4a6c89c4bd80fcd7a0f4ad58fae9b0,0dc3d1c283576a8678467f5768244316853dac18,TEMP-1,https://issues.apache.org/jira/browse
306,8aff2c25f4d7ef3ab2b1c63c7c5a345d03b352ae,8c6e10da8c4a6c89c4bd80fcd7a0f4ad58fae9b0,TEMP-1,https://issues.apache.org/jira/browse
307,a9de01c772b26086b5bcb17fce67c54adbca6f73,8aff2c25f4d7ef3ab2b1c63c7c5a345d03b352ae,TEMP-1,https://issues.apache.org/jira/browse
308,ccfec5967db1a041ec7899ccb95c21a0ea32235e,a9de01c772b26086b5bcb17fce67c54adbca6f73,TEMP-11,https://issues.apache.org/jira/browse
309,8fe2b4eed010b2ef1134c63cfd8a0eea0b2b75fc,ccfec5967db1a041ec7899ccb95c21a0ea32235e,TEMP-1,https://issues.apache.org/jira/browse
310,79efcdac2a39ebd854810a65b2ed6f5735706461,8fe2b4eed010b2ef1134c63cfd8a0eea0b2b75fc,TEMP-26,https://issues.apache.org/jira/browse
311,454ecf2fabb074e460ec5b43da5d1326435d02f8,79efcdac2a39ebd854810a65b2ed6f5735706461,TEMP-26,https://issues.apache.org/jira/browse
312,11f0510299f61d2d707baeff210ed1dce8d52ed9,454ecf2fabb074e460ec5b43da5d1326435d02f8,TEMP-5,https://issues.apache.org/jira/browse
313,b9db60ade4ca7d02bbd9b530e12221e5f44e227e,11f0510299f61d2d707baeff210ed1dce8d52ed9,TEMP-28,https://issues.apache.org/jira/browse
314,e47b5cf5409d61daebdab77d308128c06ec7ec2e,b9db60ade4ca7d02bbd9b530e12221e5f44e227e,TEMP-26,https://issues.apache.org/jira/browse
315,5362395fe9da9badbc7d63d208f9ee70bf8cf715,e47b5cf5409d61daebdab77d308128c06ec7ec2e,TEMP-1,https://issues.apache.org/jira/browse
316,4d867468ee83696991edd0b8d5608a1f74fbb6cb,5362395fe9da9badbc7d63d208f9ee70bf8cf715,TEMP-5,https://issues.apache.org/jira/browse
317,bdc35b5beebbd3c8f4249a97a60e2ffafe31ad3b,4d867468ee83696991edd0b8d5608a1f74fbb6cb,TEMP-26,https://issues.apache.org/jira/browse
318,b3884fc241038ee6c76692c19558db117984ac6b,bdc35b5beebbd3c8f4249a97a60e2ffafe31ad3b,TEMP-30,https://issues.apache.org/jira/browse
319,5dcb6c91bd5b7b9c579d104f16d47863a0615cca,b3884fc241038ee6c76692c19558db117984ac6b,TEMP-14,https://issues.apache.org/jira/browse
320,914f0907aa52acb325886426b2f5cd674c8d532a,5dcb6c91bd5b7b9c579d104f16d47863a0615cca,TEMP-11,https://issues.apache.org/jira/browse
321,d0072e5872215dce1b58316230165a05205b681c,914f0907aa52acb325886426b2f5cd674c8d532a,TEMP-11,https://issues.apache.org/jira/browse
322,c5ad6f0e0807f07768c6d22da4ea5c717e719743,d0072e5872215dce1b58316230165a05205b681c,TEMP-11,https://issues.apache.org/jira/browse
323,e82b822e1d6a5172e6d948c35860be3787a34037,c5ad6f0e0807f07768c6d22da4ea5c717e719743,TEMP-13,https://issues.apache.org/jira/browse
324,c0aa4fdd160aea3a60b51fc78b4cbabdf2675b32,e82b822e1d6a5172e6d948c35860be3787a34037,TEMP-11,https://issues.apache.org/jira/browse
325,4e301976076d2512cf31011cedcf551296e3d80a,c0aa4fdd160aea3a60b51fc78b4cbabdf2675b32,TEMP-11,https://issues.apache.org/jira/browse
326,10af29350dc0b3f79ce6f05fb062827d7eaef415,4e301976076d2512cf31011cedcf551296e3d80a,TEMP-11,https://issues.apache.org/jira/browse
327,8fb4813c012c1ebbc0c04f7b7b0439c1083ad201,10af29350dc0b3f79ce6f05fb062827d7eaef415,TEMP-13,https://issues.apache.org/jira/browse
328,45240293533636c8603532a3ac8b05ecc7df03e6,8fb4813c012c1ebbc0c04f7b7b0439c1083ad201,TEMP-5,https://issues.apache.org/jira/browse
329,23c8ad066a4938711aeb9c192911c6a5d8029560,45240293533636c8603532a3ac8b05ecc7df03e6,TEMP-11,https://issues.apache.org/jira/browse
330,0cfaaf89e545f27fd66bc0b113485f349dc26361,23c8ad066a4938711aeb9c192911c6a5d8029560,TEMP-11,https://issues.apache.org/jira/browse
331,18b81f0c317de53a0539ad1dbd191f36b64f6cc7,0cfaaf89e545f27fd66bc0b113485f349dc26361,TEMP-11,https://issues.apache.org/jira/browse
332,c02d4dfcbc346207d1db0c91f532fada020fea6c,18b81f0c317de53a0539ad1dbd191f36b64f6cc7,TEMP-13,https://issues.apache.org/jira/browse
333,94fa451d9523564bb5523bc06661ddfedaa25a87,c02d4dfcbc346207d1db0c91f532fada020fea6c,TEMP-11,https://issues.apache.org/jira/browse
334,59526a13499cf79e827119d0e1ebbbac89016c61,94fa451d9523564bb5523bc06661ddfedaa25a87,TEMP-11,https://issues.apache.org/jira/browse
335,ab847308ebef61c638dd53815068da542de6a746,59526a13499cf79e827119d0e1ebbbac89016c61,TEMP-11,https://issues.apache.org/jira/browse
336,fd10e94049444f29c626633608272321f89210c5,ab847308ebef61c638dd53815068da542de6a746,TEMP-1,https://issues.apache.org/jira/browse
337,87bd27bed1319fad083aef0c6bed37703e4739d6,fd10e94049444f29c626633608272321f89210c5,TEMP-1,https://issues.apache.org/jira/browse
338,c1c3b44d084f0e35caabc54d7d1cdd2df42a0b19,87bd27bed1319fad083aef0c6bed37703e4739d6,TEMP-11,https://issues.apache.org/jira/browse
339,2854004d91d5c1d19945b97a40d904227bc91e47,c1c3b44d084f0e35caabc54d7d1cdd2df42a0b19,TEMP-11,https://issues.apache.org/jira/browse
340,8bdb5613124bd42c4e0d2baece3cca5afc8bb8ef,2854004d91d5c1d19945b97a40d904227bc91e47,TEMP-10,https://issues.apache.org/jira/browse
341,7941b5f452eabbd1f1e2c5988c605104f7af07f3,8bdb5613124bd42c4e0d2baece3cca5afc8bb8ef,TEMP-11,https://issues.apache.org/jira/browse
342,3b29dde3b5f8eca019d3bdd3e7304986f113982e,7941b5f452eabbd1f1e2c5988c605104f7af07f3,TEMP-13,https://issues.apache.org/jira/browse
343,8416671c320e7f62228ba4c8f794ca5bcf75df46,3b29dde3b5f8eca019d3bdd3e7304986f113982e,TEMP-13,https://issues.apache.org/jira/browse
344,6fa2bab941a4e0b919615182bd8a3a84441c7ad9,8416671c320e7f62228ba4c8f794ca5bcf75df46,TEMP-13,https://issues.apache.org/jira/browse
345,8d2b27c1d5a5804250de9ed59afd67437f8c6be6,6fa2bab941a4e0b919615182bd8a3a84441c7ad9,TEMP-11,https://issues.apache.org/jira/browse
346,bf0713069513c012795f62de8edd535c2f6d5d0d,8d2b27c1d5a5804250de9ed59afd67437f8c6be6,TEMP-13,https://issues.apache.org/jira/browse
347,ae565ed8bcc93389b30e2ae5fe2f934aab50baf3,bf0713069513c012795f62de8edd535c2f6d5d0d,TEMP-13,https://issues.apache.org/jira/browse
348,4b28267c17729f68f875426697d89425ff1e2adf,ae565ed8bcc93389b30e2ae5fe2f934aab50baf3,TEMP-13,https://issues.apache.org/jira/browse
349,cd935e5ce42c3978a02aaeaca0da4d08d40611cd,4b28267c17729f68f875426697d89425ff1e2adf,TEMP-13,https://issues.apache.org/jira/browse
350,1258f14c7acba0afd9ef7d978263c31339e29df0,cd935e5ce42c3978a02aaeaca0da4d08d40611cd,TEMP-13,https://issues.apache.org/jira/browse
351,d82e7ce3920ceb1d79a9dbbfbc10323f17bf53b7,1258f14c7acba0afd9ef7d978263c31339e29df0,TEMP-13,https://issues.apache.org/jira/browse
352,3c5c5def0e1c34e3705d5d9fcc1a6bd67dd4c41d,ed205c04fc8f9c95bc498d51e6fec3a6a052ca11,TEMP-15,https://issues.apache.org/jira/browse
353,e5e367a2b28823db9e2e31522bd6e67cc42dd7af,117fdf1a6e53c715f228e51cead16861fa9ae5f9,TEMP-330,https://issues.apache.org/jira/browse
354,2d728c3f228ccffe795b69ef37dd59d3bc5c8e38,e5e367a2b28823db9e2e31522bd6e67cc42dd7af,TEMP-3,https://issues.apache.org/jira/browse
355,f7a7f8145d15d1225945f376072837d1679f3279,46f3c54c56742ad3333efd964d31720b2df88869,TEMP-317,https://issues.apache.org/jira/browse
356,b8a191f6b756bc038bc1cdfc34986515e6703953,f7a7f8145d15d1225945f376072837d1679f3279,TEMP-1,https://issues.apache.org/jira/browse
357,24921ebe3e93a1d77f2cc4725d1eee66f68a856a,b8a191f6b756bc038bc1cdfc34986515e6703953,TEMP-320,https://issues.apache.org/jira/browse
358,ab6e5256d88ba65160635fd813d9af63100774f6,24921ebe3e93a1d77f2cc4725d1eee66f68a856a,TEMP-318,https://issues.apache.org/jira/browse
359,65eb026acf37ddd40baa50eab331a699f29b9a7b,ab6e5256d88ba65160635fd813d9af63100774f6,TEMP-319,https://issues.apache.org/jira/browse
360,243e27cf065ec44bae10fb682597472a66d72559,653b3779ddbbe9b77f127f5cd31935437ac1e7e8,TEMP-294,https://issues.apache.org/jira/browse
361,0122245f02ba7b22dd40f38c98aa2f08984707bd,3290bbc85420176f53bad1968611bf53798b2770,TEMP-307,https://issues.apache.org/jira/browse
362,0725e476d4cc66e6331bdceb4e29a54a9ce7f462,0122245f02ba7b22dd40f38c98aa2f08984707bd,TEMP-304,https://issues.apache.org/jira/browse
363,f3eaf2ceae5d49c329ce8675d06b3003eb1ba389,0725e476d4cc66e6331bdceb4e29a54a9ce7f462,TEMP-294,https://issues.apache.org/jira/browse
364,79ff10494b90ba99c339aadb87f6281c97aea966,f3eaf2ceae5d49c329ce8675d06b3003eb1ba389,TEMP-299,https://issues.apache.org/jira/browse
365,441ed780ad999caf09ef5522983764977c8be45d,79ff10494b90ba99c339aadb87f6281c97aea966,TEMP-271,https://issues.apache.org/jira/browse
366,7873bd62ee22efd0c32cddd94e388a80faab81b2,d887c5913fddcecad8483ec9a0cbf407ed08c157,TEMP-266,https://issues.apache.org/jira/browse
367,c1351569a7184caee4ed7eacdf948f6a79db160f,e6d4f465446e5645f1a68f3d90964a6ade82f59e,TEMP-240,https://issues.apache.org/jira/browse
368,4ac9d2bf8c81629646dc19f4d840293754e5cb57,6965d41836b7c55c708a885a6cdf94106047c070,TEMP-221,https://issues.apache.org/jira/browse
369,ad76d4face0ce5a5ee4addad8c21043ccabb623f,d72bf81d8bac03ee15c5b6a4a3e0aa289674fcf1,TEMP-294,https://issues.apache.org/jira/browse
370,34bc1b54db9d78b983e9d48a0f1a5a1156393a95,4ee715790b94b02a6f4c22e13ae4938d420a18c5,TEMP-1,https://issues.apache.org/jira/browse
371,975baeba6172fd711f2a13db791464e6b272a120,34bc1b54db9d78b983e9d48a0f1a5a1156393a95,TEMP-3,https://issues.apache.org/jira/browse
372,5a3a0041a059031eaeea2558172cf01f19714c6e,975baeba6172fd711f2a13db791464e6b272a120,TEMP-265,https://issues.apache.org/jira/browse
373,a202e9ca191f5d5b5c7720a634247266d59dc8ce,3ff264983398dbd55f78ba2078231c2c0672e208,TEMP-288,https://issues.apache.org/jira/browse
374,7cf943172b154019d7c6a66f4290272b2144e29a,8a5d3acab88bb2ef7416f3141d63f10b79d318cf,TEMP-271,https://issues.apache.org/jira/browse
375,b147d16e647c9fa54b4ad14a76fd532906cec558,7cf943172b154019d7c6a66f4290272b2144e29a,TEMP-220,https://issues.apache.org/jira/browse
376,142a6dd5eedf83e9bd5f077d64977969cc4be40c,01086ef5b312d7aa5ad231277950618cb93664ee,TEMP-278,https://issues.apache.org/jira/browse
377,c493bb9126ae25bd9f1f20bf94931cfb671482f7,ad4e89087883b009b366b773fe7813d3f77818a7,TEMP-262,https://issues.apache.org/jira/browse
378,8357f61e3d872976034dc7710799fe53aeee6cb8,3d70b9cc190765f3c8edc85d47cb44f50d668c30,TEMP-255,https://issues.apache.org/jira/browse
379,d0df8e55b0d1a8e4a838fa522286963383f0b0a7,3af55cd334f9a279aabc5924583a769f9301448b,TEMP-256,https://issues.apache.org/jira/browse
380,7c260a6e48a23792b87e7eb65b4b6a4e0dd913e2,d0df8e55b0d1a8e4a838fa522286963383f0b0a7,TEMP-264,https://issues.apache.org/jira/browse
381,95a3fecee0f7a87624e490f0026b391188f9aceb,1d5610521f5846c1d6f7d0a65f93c384dbf33e8d,TEMP-261,https://issues.apache.org/jira/browse
382,d0128142ff08d9a9dc5c1ca483594abb21f90353,f43e0a53c1f4d3335e720131973dfc8e1103f5f9,TEMP-249,https://issues.apache.org/jira/browse
383,139636b502dd144b7f6070a8f30b46913ef6965a,5e313d14b2a10ce0aea529ac4db50e183f0b1e49,TEMP-228,https://issues.apache.org/jira/browse
384,3f09772b742d7886c5a18427c9838fb267cc335b,66c4b99ddc7daea806c1318a40736d0f5c8fa7bd,TEMP-219,https://issues.apache.org/jira/browse
385,f8aa3e033c1fde4a434864f666315b433498d32c,3f09772b742d7886c5a18427c9838fb267cc335b,TEMP-214,https://issues.apache.org/jira/browse
386,b1cd358495cae3df8e0e32147ef433cce83390c8,f8aa3e033c1fde4a434864f666315b433498d32c,TEMP-217,https://issues.apache.org/jira/browse
387,64687984620297f2aae3b9da2a3205c561557a40,5c54256a5acd4886698d2aaf5a43979d4c088a9b,TEMP-2,https://issues.apache.org/jira/browse
388,6185b726ea69761196e2da4bf147bc505331ac36,b64ab87b5c0128fc4f5016ded7ee044cdf0451d8,TEMP-2,https://issues.apache.org/jira/browse
389,9d46da6c8c8283f6e8dba892a7ff08dfc433d0b0,6185b726ea69761196e2da4bf147bc505331ac36,TEMP-2,https://issues.apache.org/jira/browse
390,2724728c2c875c22e093503b893c873eb1e5c1a6,6c9fa119f5488b12020c9c64455efdd56d9c89e1,TEMP-3,https://issues.apache.org/jira/browse
391,93724da6350115a28045ed9ff5b01f99a22641b3,f836ff09ee26537dc66be22532c9baf21beb0cbf,TEMP-3,https://issues.apache.org/jira/browse
392,2923c2de86cc179c978cd9d6eff4096ebca0fc72,557c0cccf47f680fbb75cba3c93061cf927693f7,TEMP-2,https://issues.apache.org/jira/browse
393,f1f92df311836e66336b4b648600a567f5067fb1,0fdd5982c32528e4b5d6913e0cd4ce62c0c68bdb,TEMP-5,https://issues.apache.org/jira/browse
394,74f2c73b6de16f3476fbc2f935132e0c5e7a1891,e7860db9af3f8c2fdc0f7703c2ee229a8b59251d,TEMP-1,https://issues.apache.org/jira/browse
395,ac06284e5a7c43b27aa5a5346f9e31590e0b82b3,27bc1f9d456f001730efff6a613df430eb8918c0,TEMP-5,https://issues.apache.org/jira/browse
396,7cef0e520b4f15e67f018f83d6d01e88950afbec,90154dba4b967aa5c71282ec5850b49b823a24e9,TEMP-1,https://issues.apache.org/jira/browse
397,491e48297b8c50572e97f2441d63d7e68687d35b,14e6c1795c85eb32547669cd99d503f4dbffe683,TEMP-5,https://issues.apache.org/jira/browse
398,47f1e810f56bfb6fb301e0d76a014f10a7270512,3ecf858e1a503e288446d0719d15ec1b547251e3,TEMP-2,https://issues.apache.org/jira/browse
399,8696db2a2a8c9bf5496ab47304acef8ca8a0a809,f571f8b1cdf85e0a0a03b63c89d4f4c386082906,TEMP-2,https://issues.apache.org/jira/browse
400,ee97a10604dd59598549b6040b4511ff9d3da7d9,8696db2a2a8c9bf5496ab47304acef8ca8a0a809,TEMP-2,https://issues.apache.org/jira/browse
401,746ba6748d9e937ee441067e058296afddb60d22,c9ac0e22a3098de9e11de753b0a8f30b5226a7cd,TEMP-2,https://issues.apache.org/jira/browse
402,c9fc511b34bfbea760fa6feb9311b1a2009ca615,9e9b4858b12e4c960e3c92feba42d2b417ddac9b,TEMP-4,https://issues.apache.org/jira/browse
403,3441c43924c2321c48a0a1302d2cb1fd9cd0fae0,7b2c75144d728e24cbe544f0c1fd5b461369b45e,TEMP-1,https://issues.apache.org/jira/browse
404,39f52a2f79d2558efad83964344546b1bd7fa9cf,5f31d8200674e2f782b671f1e2deca4ed6f7d481,TEMP-2,https://issues.apache.org/jira/browse
405,332652dea3e5f500bb0fc70ffc1f73362b45e229,91559cc1c99041933514c475c6eefce3d8731d53,TEMP-2,https://issues.apache.org/jira/browse
