bug.id,revision.id.buggy,revision.id.fixed,report.id,report.url
1,af157c49d5adf5b48e7816bf5e9e6820e2c3fd52,f813045283ffde51c8b01c76cb8300a6c55d8a1e,TEMP-4,https://issues.apache.org/jira/browse
2,127869e88f248da9bea3ba20beb620c7f2479abb,eff43864b34ab2be2eae4e9ac0e780d34fab57b3,TEMP-1680,https://issues.apache.org/jira/browse
3,a2ed219fb8ae0c5c453a069863359b4ba69ff230,127869e88f248da9bea3ba20beb620c7f2479abb,TEMP-1680,https://issues.apache.org/jira/browse
4,d5f43dce283ca12f6d66e9eb2c049bf18ab18c7b,ba08d40bebcf5c05f800e14138364ac118f20e97,TEMP-882,https://issues.apache.org/jira/browse
5,e6dadcb49a5e89c3f5ce6b2012c6d1e7a84bed97,b58fb5bdc16415d57de7178d5259ba9a8fbcdd49,TEMP-876,https://issues.apache.org/jira/browse
6,f714c84f9564ba96d24700f9937ee5dfd01abc89,454255f0bb55f845f0585858496b0ec3ba7f722c,TEMP-1655,https://issues.apache.org/jira/browse
7,a9f9ba4fba7f009f0714331e3f7ddc47fc99254d,0486d069b51ab19faee3402c5bb806a769f88694,TEMP-17,https://issues.apache.org/jira/browse
8,f518bb6c6f5a6b87ad7fe04205b8ba611f711ff4,30c9be6f6d302fe82348a27fb18c1e4b4fc0fe23,TEMP-8,https://issues.apache.org/jira/browse
9,9dd85849635461835d629e3301b7808d4dfe35d6,f518bb6c6f5a6b87ad7fe04205b8ba611f711ff4,TEMP-8,https://issues.apache.org/jira/browse
10,5648bc42e2f618bd230e815eb36964d2fd62d303,9dd85849635461835d629e3301b7808d4dfe35d6,TEMP-8,https://issues.apache.org/jira/browse
11,89bcc5f80ebf0a6c85843f5fdb5d94a3a803267b,5648bc42e2f618bd230e815eb36964d2fd62d303,TEMP-8,https://issues.apache.org/jira/browse
12,cb6676b1bbafbb46b68b864eb9d6cfbc5d5dac99,89bcc5f80ebf0a6c85843f5fdb5d94a3a803267b,TEMP-8,https://issues.apache.org/jira/browse
13,4a5ef835ccb3cf8f765ee1e95962bf0863af8ce8,cb6676b1bbafbb46b68b864eb9d6cfbc5d5dac99,TEMP-8,https://issues.apache.org/jira/browse
14,18bd97356423c6a9dcc8d963a46ec2010a4c21fd,c82d9a4809a94280adb25cd46151bdf139518f1d,TEMP-1462,https://issues.apache.org/jira/browse
15,cd29ff77783bb870dae96c2e2880a7bbbc9e61d5,ccc12ff185f3cdd92c65c90e1cf573f5f3fecaf0,TEMP-1668,https://issues.apache.org/jira/browse
16,abb5a409f71d8f920bb178ea3f839d42c551dd69,35fb9fca83af4ffbaf6f1163a927d8751938fda3,TEMP-1172,https://issues.apache.org/jira/browse
17,cd10cfd51fdc80606b296a0cd71e6e9daf946438,2777d6784ef5ccd1764e36a64575d2590b2d59d8,TEMP-18,https://issues.apache.org/jira/browse
18,5d8876279b3d673096b03365c1ea4cca003d05ec,16d587d73c51c772495d95f9aa3aa14782eff355,TEMP-64,https://issues.apache.org/jira/browse
19,d672dafa2ee86c82c25d362e8aae54b8ff558dde,4369537d8b1387b94a1126a36a4fc400a35d35cc,TEMP-4,https://issues.apache.org/jira/browse
20,d917f84bf57b8049308178e212f121ab8125006f,3b85fd9d79eb2da40346d8c8531ca7e30c06af06,TEMP-2,https://issues.apache.org/jira/browse
21,8c42549396f33cf836c6bd475fc5cf12a3bd4d48,ca4e62f7ba61340bd89f15ef041affce0b194fb3,TEMP-734,https://issues.apache.org/jira/browse
22,b8b76fcd11fc10ce5c25e44d38fd51faef585515,3942fad3c25f5f56109c7db6f8edbb6a6a20e09a,TEMP-1664,https://issues.apache.org/jira/browse
23,da036809e9339d5c0a6a04469a95f54ed4de0948,6da891529bb17ece3bb572d5ab6fef5a233c1b5c,TEMP-813,https://issues.apache.org/jira/browse
24,d9d0018685e99f220f5361a2d1095b4a4da8757b,ad37cca1caef01cb3d54e479b42d44346f93ac2b,TEMP-815,https://issues.apache.org/jira/browse
25,a026da0a989e77e686adfbde445a770710b9fece,9501ae42b2352b453243b0c915420c19446d7037,TEMP-755,https://issues.apache.org/jira/browse
26,8407c6212cf791e36cda7e47ff79c94d08bc6268,d094dd624e44041eeba5354e2c3d0253bca61cd8,TEMP-800,https://issues.apache.org/jira/browse
27,ff1209f00f4e3c0f2d55dc24ccf20da625ca4e61,9e6383cb217bb0d8e615eaea4b3d46446e8cc536,TEMP-16,https://issues.apache.org/jira/browse
28,5afd54ce6754de7963563ce755ff3cbeb5d5aed3,0a73261eefd00b3431466f26e5600a0f3e80b18a,TEMP-792,https://issues.apache.org/jira/browse
29,be5ff9f9c1dad2067cd6971931d7361f928cd23e,6da824d53fa0bf715e955f3d451b3e781a013603,TEMP-1663,https://issues.apache.org/jira/browse
30,a6df7f74564b9432bf38fe33c4adc0bc529bf7c9,03edee74511bfb4f61cec5d15de48ce1c48ff3e8,TEMP-1669,https://issues.apache.org/jira/browse
31,69c9593cc1da760bb4dbcf32f4ae755c54376b77,b4e95a473604df15df7e2a121fba45ad617ef40f,TEMP-2,https://issues.apache.org/jira/browse
32,0cfc31b98778767cb2f8db93bc2f488abe058e2e,a2b2b35ac3b969686c647e57f5ca3bacc63f2c56,TEMP-1646,https://issues.apache.org/jira/browse
33,615410d3fd90f91f422f0f0037b7d64df2cac36c,dde6790a88d8a2ec438568a4513d7d359d3602cc,TEMP-1645,https://issues.apache.org/jira/browse
34,e27c7a4842200fca78a03ab24e93f4551f482194,b57f292cdf14fef72e68d60c580cb80d794be7e0,TEMP-16,https://issues.apache.org/jira/browse
35,6d2e78b58e952d4c7bfec5ff9c9ee50751f8e5d3,e73816cb69ee7379b1db317ed9cec02df1b6128b,TEMP-3,https://issues.apache.org/jira/browse
36,2a8356cd433ccbe3338c823ad7c61b6f895cccf2,63f644daa847e193d9f70791ef2337816f6409a6,TEMP-1637,https://issues.apache.org/jira/browse
37,7f8897fabaabde9d2d3281df8b6bdba79bb24de9,3ba01073f647da53e4ee662a491be88728cb8b6c,TEMP-120,https://issues.apache.org/jira/browse
38,a36b59c6f8ecc83ed2d931e59d871ecd4d9ff2b5,876543f6ccfaade38887908acf0bdb4a7c070473,TEMP-17,https://issues.apache.org/jira/browse
39,f5c86f6d4e8d9023f9e023fb1cd09ef47c8fd1cf,733768a6d9d0d8f7b419575fa53b431d2e5d35b6,TEMP-10,https://issues.apache.org/jira/browse
40,45bec219d2e039e85e71711e01d4543a85c1756b,9fa1d734f66f1ad236cafea54bfcc94a1ba8fd1a,TEMP-1631,https://issues.apache.org/jira/browse
41,f22dbf039994cba8248698ae1c2a9d8111ebf717,fb6a7e7788b976dc53f6b2ff1e0bdb9f467d4987,TEMP-1544,https://issues.apache.org/jira/browse
42,b4456352bcbe3672afba526ea143fca7a53f7843,0a4505fa97ef0ff67d3b932b7e6a015a630275ac,TEMP-679,https://issues.apache.org/jira/browse
43,d704c0dc70a2f861c043785822854b4a0605ac6b,1f2003041b37834ac9fbf78659c19372650ab355,TEMP-1629,https://issues.apache.org/jira/browse
44,55570e8ef7fe5eedc91d0eaa81f306401fafd5c3,123606371b04a45868f38601d0c31316e0419303,TEMP-1628,https://issues.apache.org/jira/browse
45,bd8dbbe0be26cc687d67a7aafe54936ef6285da3,c6f577555b2e789791fbf3c0aec9e59a2666b2e8,TEMP-1610,https://issues.apache.org/jira/browse
46,61e82e832e31037810cec0c526ecd83fbeb62227,2adf71bf239e7af87f5e4434264e6f5d9d32e741,TEMP-638,https://issues.apache.org/jira/browse
47,08d1f6623678e8cd0b37a9d2d721b95545bcc151,2ccc58e34472cbc0c4b9163bbd7f6b22dfda0089,TEMP-1615,https://issues.apache.org/jira/browse
48,3bda8be03638b5248df2252832388775601692ff,08d1f6623678e8cd0b37a9d2d721b95545bcc151,TEMP-1612,https://issues.apache.org/jira/browse
49,e123bab1989576ce29a5503e6f3e95e8c06fdb3c,35799d095886243ad32f46c81a77f85743d5fb05,TEMP-1420,https://issues.apache.org/jira/browse
50,4cf3dc8c8f4ab9c353de64e79c4de113eec93473,0e2ebd347c4a4afd6c4cf539678d2a23d3df9570,TEMP-1541,https://issues.apache.org/jira/browse
51,09c662429ba43ccadb1f16cfae82b23458ec5c1d,4cf3dc8c8f4ab9c353de64e79c4de113eec93473,TEMP-1613,https://issues.apache.org/jira/browse
52,05cb6139b9888dbe1784128aa7c07a31c6ca71fd,34a3096eb4570179414b92d238138596f3cc807e,TEMP-631,https://issues.apache.org/jira/browse
53,6d7a3e6eebfe9c06567b3fc7903ae2ea9718c33a,75b4058ac4b57661f06a20b44bc0359e639484e7,TEMP-634,https://issues.apache.org/jira/browse
54,110b4c021e4901efab91499fedcdfb43c564ebdf,6d7a3e6eebfe9c06567b3fc7903ae2ea9718c33a,TEMP-634,https://issues.apache.org/jira/browse
55,bcdff98f02c3ef011187f2dbf7934a3ea3a48db5,7995aad79fab336a4534a5290fdd760df7f55dde,TEMP-15,https://issues.apache.org/jira/browse
56,a3e5a0134e06911b9ea35b1bcdeefd10a523743f,b2e7374bfb91b54d49dfb4d327de639ff1f4b127,TEMP-3,https://issues.apache.org/jira/browse
57,0054e51500f1f39135bd691a7d80a76f32a9f3fb,38a9209456be83a4ec65e7c69993ddb8748145be,TEMP-1606,https://issues.apache.org/jira/browse
58,81efeaacadbdb541715edf13751df791c3892fb5,ddac01fc9a00d8b70b7a679c0abd89dc861573d6,TEMP-581,https://issues.apache.org/jira/browse
59,47f96a3c95fa24c42ad842f49768f6c9529430fe,772f97c4378613d241ecacc2076fdda20d59e982,TEMP-1600,https://issues.apache.org/jira/browse
60,600f0c8a1d9f4b1884cafb7cf6f0e43da1742fe9,6996806101b69a87ffcfc4fa9237c075105d722f,TEMP-1596,https://issues.apache.org/jira/browse
61,4e9460413a01846265831129eae856cb75ba9edb,ba7505d9a91be02088e1309f172f3dc55823c9c0,TEMP-1592,https://issues.apache.org/jira/browse
62,da0f6a8051cc60d1bebe703b4e390ce3035497db,954338a1522aa32b869966be63ef833d10cdd79e,TEMP-2,https://issues.apache.org/jira/browse
63,5e71a4add54e626975a3bd797b0a618ae51a084d,f89a85b051c6e81bb4dafe12414f105ea69ef413,TEMP-1543,https://issues.apache.org/jira/browse
64,062bc6fe7d48d4eb4cdf3abec09e7547a0a9aed7,4063df71c300b399fac4b2dced18ec0beb4556f7,TEMP-1543,https://issues.apache.org/jira/browse
65,c10c62ed737b57abaec72acca4c830492e2595c7,05803b0d5826891c03927b2b1a49de8a77799f72,TEMP-16,https://issues.apache.org/jira/browse
66,1dddec8ba867bc31233ba194f0753ea35818cbfd,c56c77ed9502d079b3e885a65bc4a4cf666ac8ee,TEMP-3,https://issues.apache.org/jira/browse
67,deb5f817af5a310512660d0b9f5fcf1d55f088a5,1dddec8ba867bc31233ba194f0753ea35818cbfd,TEMP-1542,https://issues.apache.org/jira/browse
68,496eb10372c0161eac4729e758d789357adfcc0f,31d7eea1c6205066b91c79f19219a436b26e9060,TEMP-14,https://issues.apache.org/jira/browse
69,553a3a75dfafbf50d7efd8d6e88da71a637a2aa7,496eb10372c0161eac4729e758d789357adfcc0f,TEMP-552,https://issues.apache.org/jira/browse
70,995dba307c9dd9e27dd602c3e1d5250c7d556643,d62d4e21ef20ee01e65cbf5257e04d6b572aa73b,TEMP-1528,https://issues.apache.org/jira/browse
71,1e0b744dd274a9fb82f075c2bbe2164b02a623e3,48ee23a7dda0caa8b737507ed3485cda7a1924b2,TEMP-544,https://issues.apache.org/jira/browse
72,598e8bd51e1e900d58b9ce21f2c806da447888fb,e968ad5a3f42f9eb7b3bd9ed95f827918d884e77,TEMP-3,https://issues.apache.org/jira/browse
73,2c7e5e4b29c80d5475e971232458d3481bbe7136,71ee021ca5fa4ca5a6f414c05666aedc79bde78d,TEMP-1545,https://issues.apache.org/jira/browse
74,c0d0d4f3ea898398d1bac7316084ef03b8de6433,2c7e5e4b29c80d5475e971232458d3481bbe7136,TEMP-1545,https://issues.apache.org/jira/browse
75,f13f787a6629e6eba2d027dd9635fb7cdcf0c17b,675d30d88282e4ee8e96952d672ea1e7fa330ee6,TEMP-521,https://issues.apache.org/jira/browse
76,ba607f525b842661d40195d0d4778528e2384e70,fde46a232d82f2b746f62bc7546e2e3371f20dca,TEMP-1,https://issues.apache.org/jira/browse
77,eb8d069089364e396e37ed5273cf7710e41eb06d,f4c2ed4995d19c595ec0bf5c49d210df9046fda9,TEMP-1518,https://issues.apache.org/jira/browse
78,d3112e4306ef1008673f0e8f0f087bdf273bed0b,553a0474ea11a9b61a8de618a3512f29f5a17368,TEMP-1433,https://issues.apache.org/jira/browse
79,a606a0328ba4b3061c5bc810a31418fa4251ea16,4b11c764e5bfa1fd2e3b85247c0384c66b515489,TEMP-1514,https://issues.apache.org/jira/browse
80,365f73c4554e7753e84500a572a169f5daf1b60d,259ac721ce5097312d8bd93aefde26c2785f26e9,TEMP-14,https://issues.apache.org/jira/browse
81,182b2506b304463f8f1a9ad765c6db0420fa356f,1dabf262c90d76958175e98f7ac9d0189fd7fbf2,TEMP-481,https://issues.apache.org/jira/browse
82,bc8a3b9d8428bfcdfbce67e9010cf0aa27e6c8a6,f25b44b25ff966fe9fff18f489fd9087eb3ae291,TEMP-480,https://issues.apache.org/jira/browse
83,1163e177137f5c57ce80092c0743209b28d33400,bc8a3b9d8428bfcdfbce67e9010cf0aa27e6c8a6,TEMP-480,https://issues.apache.org/jira/browse
84,24e64686834ecd4a0dda80c91b53b15e227fc898,d0b95be2819469371c0276df80e54b088a9b7cad,TEMP-1463,https://issues.apache.org/jira/browse
85,8445d3a9911ec67f07b76c0c44cc4c8ac0c16178,16cc98fbfae41b0fa3206dcb1e1a0cd7ba09c949,TEMP-11,https://issues.apache.org/jira/browse
86,ac00199379a5fcc4db012d8eb1336c9d9802540d,54afdb303535a62fe00e49e3ad5100ca9fc55d1e,TEMP-472,https://issues.apache.org/jira/browse
87,bedae6950d43008929d9cd109c9e8fb163793bd7,f3ad91ca383a8c0dd8d8f69d6276f2558ad7c924,TEMP-467,https://issues.apache.org/jira/browse
88,a32c188c32fd0c4a8149bcda524d704dd609da6e,bedae6950d43008929d9cd109c9e8fb163793bd7,TEMP-1480,https://issues.apache.org/jira/browse
89,c42806cfa03979023e1a683edd0a221c51e6789c,a32c188c32fd0c4a8149bcda524d704dd609da6e,TEMP-463,https://issues.apache.org/jira/browse
90,99f64671b0c743517b229a78eec70bcf38236eca,84636da76941dc5b83a8bc3ac7baca5583eb48e9,TEMP-3,https://issues.apache.org/jira/browse
91,4f3d3b4318add50a7e45feab3005621773e7e4cb,c1fbeee23ee0e5bfa549b8e3ed38cacc8b103753,TEMP-459,https://issues.apache.org/jira/browse
92,46b381eb4bd5b77b7322e73e7076957c2956860e,089b43a0a6de2d6ae49840aec3805aee2c309001,TEMP-1426,https://issues.apache.org/jira/browse
93,43f8e31bf52da0b79bd497c46bad01a306cb739f,59231ca9c246d757b1a23e5a8c84cde10e8456a7,TEMP-1453,https://issues.apache.org/jira/browse
94,651c8f5c23fa59df2de73a7b100296b60a5ccdf8,e7c6c5b66b8802be082dd1daf1e0e34c975ad49e,TEMP-1406,https://issues.apache.org/jira/browse
95,2af6e9aa58558d38d9c134a3632b0e5b1dc38d90,d68e2e9125126938399175f424f06301f497b920,TEMP-1406,https://issues.apache.org/jira/browse
96,3c44319a177428fe4867b8b1a7886e04b8f1677b,9feaf9d7ffe3f4438ccdace378f49f1d4dadd418,TEMP-451,https://issues.apache.org/jira/browse
97,e610367507d69947c752cf2659162afbde4ec7e8,06aea7e74cfe4a1578cb76672f1562132090c205,TEMP-1475,https://issues.apache.org/jira/browse
98,92e7839659a4a9932a949ec7c66c1490209610b5,d20e4f53af58315f2d7d79c235c90b3e76717607,TEMP-1476,https://issues.apache.org/jira/browse
99,1d037da2a85c920af7ab8aa96fa7529d5b4584b7,add397b17730873e1f47a597e9c28b67f6cbaa95,TEMP-1472,https://issues.apache.org/jira/browse
100,e5e1339e444a2e0c0835b318a20b38c170de15d5,465e6becd8beda9569fbdc9ff44fac7dc3c5d1c6,TEMP-13,https://issues.apache.org/jira/browse
101,90c736c3a052abad03f8b95233f1b0a6227722c5,992e7cf6c8cb1a83c23f2499efe06856ca8b59c4,TEMP-8,https://issues.apache.org/jira/browse
102,20fdb8e63eeb511e04e9b5b8ae9cf43a54e4e3f0,5f7812ee1c2f583e1a1902c96b5b519e86699250,TEMP-12,https://issues.apache.org/jira/browse
103,fa9f1aae197bacc5fea2394981cabeee3399759b,353e06a8ac01542e1dfac877c5e05880ab2bb52c,TEMP-412,https://issues.apache.org/jira/browse
104,bfa50b3edf09aa41363eeae28b4abe3b86f2e261,6b7a8480102144663b567982a5536340a57a431e,TEMP-6,https://issues.apache.org/jira/browse
105,b00e65686eb1b11c0b814c4aa0d6a22c03be958c,11d9eb47a40359e74a5e24daf681beacd71b35f0,TEMP-8,https://issues.apache.org/jira/browse
106,b3d86ca08a22afb47338dea0a3fcad2a58ece49c,3609993fb588017c77fc1781d697dcf1717cd73a,TEMP-376,https://issues.apache.org/jira/browse
107,e99b0dde8ee5069eaee745b62b57b109def4b22c,46ea7e5e963b09b63d6a54cddd7fe391d0d5b6f4,TEMP-8,https://issues.apache.org/jira/browse
108,47a9ea7c828772625b9e26c0c7a6db494ea626a3,94beded83960af2a15992f6cec8f1f59d1f3c051,TEMP-5,https://issues.apache.org/jira/browse
109,f110da945a8af0914f348cfe576b5a8257159fd9,47a9ea7c828772625b9e26c0c7a6db494ea626a3,TEMP-5,https://issues.apache.org/jira/browse
110,dd761382d3cfdc11b5de0cb1246de4567cdf2fc2,762641dcdbae9456aa2b72ec8fa1baa0acab942f,TEMP-1,https://issues.apache.org/jira/browse
111,6ec01a633ceaa24eb476540644460497045ef7ea,bce28f99f383051b419510ef72531e0f6fa67352,TEMP-5,https://issues.apache.org/jira/browse
112,ae6a24dd439a7b778e35b484a3a6eae1a8eb64d7,f56931c176fef5e164b681c740746aebdccccec3,TEMP-1380,https://issues.apache.org/jira/browse
113,b933f55e5878f366e966f1a80d7450f49cefb115,6850d88880093733c0ba29c371f2c9823256d749,TEMP-11,https://issues.apache.org/jira/browse
114,bd4066eba88a772c06394d818d87aedca8bea53c,09ef69c5b51115300da6df43690cd455d83c8027,TEMP-1397,https://issues.apache.org/jira/browse
115,e7d16c27629722a93a9d36a0b5e0a3a793850544,3fadfdd69f4682f05563ce53e55743f55813f488,TEMP-1396,https://issues.apache.org/jira/browse
116,362dd935f84ef80b13cced13a74339e42c775809,e7d16c27629722a93a9d36a0b5e0a3a793850544,TEMP-1395,https://issues.apache.org/jira/browse
117,38cf0c68d577b46b506f75d896cbb5a4b186c6a6,69a8ef318942898383508c2a3d1db240f38f1cb8,TEMP-327,https://issues.apache.org/jira/browse
118,58a8f12b443d7cbc16ec00b8841138ee55ee6630,38cf0c68d577b46b506f75d896cbb5a4b186c6a6,TEMP-1391,https://issues.apache.org/jira/browse
119,b41e91818614c2f1ac8f5e745f8bed342e80e727,8e3ec1722bc5c70ea932b13ec1b564950c623e77,TEMP-1391,https://issues.apache.org/jira/browse
120,c53c2cbc11f80a385be1cd3952a76d37ace3505f,56b7ae44f957aeb884efc797ec74c790a7a3abae,TEMP-11,https://issues.apache.org/jira/browse
121,1a8d276278e5ee3bdb904c35d8bbd1dc948b7baf,9c886bd4a188c91301029040b3a839e4b8e2812d,TEMP-317,https://issues.apache.org/jira/browse
122,cb686673a70a6f14c35575550c48c37d19a1598b,50ce8c44e1601acffa39f5568f0fc140aade0564,TEMP-11,https://issues.apache.org/jira/browse
123,0820c4c895f6e7c9ef4860d7373675550c87ac6c,cb686673a70a6f14c35575550c48c37d19a1598b,TEMP-11,https://issues.apache.org/jira/browse
124,60412131f3679b720bcaaaf3dea4be666cefea7a,2ce40494073aa4e9bdcba4c39d24727b7141d227,TEMP-1060,https://issues.apache.org/jira/browse
125,3a4ac357981283fd3a8817f9e6d57e8b181549be,60412131f3679b720bcaaaf3dea4be666cefea7a,TEMP-1364,https://issues.apache.org/jira/browse
126,6684a76317a5ca4ddd823c0915757b48e705427f,7eb47fd85e13486033950d91afcf04cf44d064fa,TEMP-3,https://issues.apache.org/jira/browse
127,c3b1fefbad0c67c8556ba6b4573f135197f87598,c8e61afdb89c58ea8ffaf04593da41ff0888d30e,TEMP-1060,https://issues.apache.org/jira/browse
128,f50ec5e608286b0c48d6b9b4c792352de8353804,c3b1fefbad0c67c8556ba6b4573f135197f87598,TEMP-6,https://issues.apache.org/jira/browse
129,f5a9effebd7209f3fa5385f18a5e59e8a09122f2,c614fbcc79615f93d2c60a153db6e82d7474c425,TEMP-1374,https://issues.apache.org/jira/browse
130,bfb43d3fe2eafa80f45fc59a5b742d192efa8e3c,d8ec011d770e1e04ef4f87fba673f3748f363278,TEMP-1371,https://issues.apache.org/jira/browse
131,6049e77fdcd021544a60651fc6de4d80e2ef1c2d,7d061e33e59e23dc4b03378f35f50a7d70f033b3,TEMP-1370,https://issues.apache.org/jira/browse
132,63f6be088d790fd597a3dc5d8e981a0872bf112b,fc409b5791ef8145a791cf7bd9b35d68a4ad3305,TEMP-9,https://issues.apache.org/jira/browse
133,a26c66a8edcf029ca5f94354cee0db267e9ccc20,a618b844c5a261ced37385ab3947de6e215d46f7,TEMP-10,https://issues.apache.org/jira/browse
134,c1ffdbab58712cca8463b3edc88f9d5a09b0ca9c,7a3ca8598dc4e830337dd938f2ad501a1e4049fe,TEMP-303,https://issues.apache.org/jira/browse
135,6f03c0ce11db4a270124b9bf93338d3db9fccf5c,96a1a31d734e663af5c9bcda58c7bb5870e8a363,TEMP-1360,https://issues.apache.org/jira/browse
136,8e8e78d849825696237b9f540f3e082a44b1e838,6f03c0ce11db4a270124b9bf93338d3db9fccf5c,TEMP-1360,https://issues.apache.org/jira/browse
137,125cfb4cab35daebe874a599877d6280b464212b,8e8e78d849825696237b9f540f3e082a44b1e838,TEMP-1360,https://issues.apache.org/jira/browse
138,1dbfaeecbd104a6edae43fcd3350c06a7cb51146,33a1f82a139a9072892fab77039e9234d205b5af,TEMP-1355,https://issues.apache.org/jira/browse
139,15d5503215a4cd1efc1ae6659d82194a22ebee9b,1dbfaeecbd104a6edae43fcd3350c06a7cb51146,TEMP-1355,https://issues.apache.org/jira/browse
140,36217ee164239391c672fdfc8f5bd080beab5c4b,cc6beb2d05347fba64d933906ae2b712b1a43302,TEMP-1348,https://issues.apache.org/jira/browse
141,cc748d35e50cc290ffbecd287e04bec9db906a76,36217ee164239391c672fdfc8f5bd080beab5c4b,TEMP-295,https://issues.apache.org/jira/browse
142,c7554151d3f695718a5bd431e22c7f4c39a0b261,ae862ae116f2056421ab8d6e997e7b64a95828a5,TEMP-128,https://issues.apache.org/jira/browse
143,a2dce32cdab108e7e281dfc27dd0a394e1419ce1,fdf05fa29babe21e64f9a5b268dc8406d449d4f1,TEMP-1349,https://issues.apache.org/jira/browse
144,3e08af573f8b50da5202f55df62c925f88a47f3d,a2dce32cdab108e7e281dfc27dd0a394e1419ce1,TEMP-1349,https://issues.apache.org/jira/browse
145,d6ad3f01574b839670d4ea5cf82a601eee7e0c16,3e08af573f8b50da5202f55df62c925f88a47f3d,TEMP-1349,https://issues.apache.org/jira/browse
146,05d9518038ae8d2ac9f11b91b731f47b909a9bad,cc94767e7eabdfcf9d1cab1d8d1d8556864394c6,TEMP-1350,https://issues.apache.org/jira/browse
147,551101299da7f75ea5478db1a6bc194963e0ac34,65b08c4f91a4e5d78eb645b46d06d7a46f8c62dd,TEMP-1337,https://issues.apache.org/jira/browse
148,53def501409cd1f9e20ac43edba6f2949bb366c8,7c19a1ff4c217f03c0be62baf1169d689f566825,TEMP-7,https://issues.apache.org/jira/browse
149,05e18cc5c18b820b6f57c1cb823ad2c7fe513581,7587431987258e94748d5f2fda1e6ca049a21600,TEMP-1319,https://issues.apache.org/jira/browse
150,d61090ab64dcf411d7f1db0b6a9890af74238580,c8e648b92cc133a604b5e1f4da1ced943788e64b,TEMP-264,https://issues.apache.org/jira/browse
151,dfecbe970917754511a081f8b86efac211e624f6,fb4803623b8f089a8dfd265a68461f4283e7ffad,TEMP-1312,https://issues.apache.org/jira/browse
152,7ac12154b0c3854bda27a1a427eb9a25b1813a5d,1a20867d01ef8ee5b32b0620125b7c38a10b80c5,TEMP-1310,https://issues.apache.org/jira/browse
153,844cd4298e46027ba1201df4eceb2dcaa5c1bb26,f4ee399e31eb61741f5f2167d6af8f49c0e991b6,TEMP-1269,https://issues.apache.org/jira/browse
154,0f5c769e0c27a5f31a3451aa7372048bed08e9f7,7337507a796ed6717feb87f4e9829467872c1741,TEMP-1314,https://issues.apache.org/jira/browse
155,a0f9db28319f45feb56982d21239fed451b6c3ef,0f5c769e0c27a5f31a3451aa7372048bed08e9f7,TEMP-1314,https://issues.apache.org/jira/browse
156,e5ed4ffe5df9bd5fe796e95acf0b35f4c858e1a2,a0f9db28319f45feb56982d21239fed451b6c3ef,TEMP-1314,https://issues.apache.org/jira/browse
157,42cf6740264f1cff5180b3d79199bcae692f1066,4670a941be92a55fbaaa3b4055d444e07ffcadb0,TEMP-1,https://issues.apache.org/jira/browse
158,a6443e146f825291308319c6a0f2eb82aa34f8c3,4bd982d1a1df87724682c17c39bf27b5cbe389be,TEMP-1312,https://issues.apache.org/jira/browse
159,30c85ad05363767deeefee577063c2c432b971d4,1661e5519c4836a5a940b13b7797263443156fc9,TEMP-1311,https://issues.apache.org/jira/browse
160,7e605378202fe4e6c9f4aa6a10201b4205238710,928e74f73f62f241c986f6ff609575e1d833413d,TEMP-1295,https://issues.apache.org/jira/browse
161,d0e2bfc46659025e6262b2e5de984a8359c9dada,7e605378202fe4e6c9f4aa6a10201b4205238710,TEMP-1296,https://issues.apache.org/jira/browse
162,cc2d70e2edc66a51bfb6561eed2d3df0782d65eb,c636539836ecb541d9ef71f2d347772cf9f6bc52,TEMP-1,https://issues.apache.org/jira/browse
163,f13d18cff3f0932e727dda04bf80008fc2fbbc70,f643b4fa939e89348618ddffae20a804f4461363,TEMP-1286,https://issues.apache.org/jira/browse
164,31fcd3bd8b3f0a9cd203d1e0767985e366ccfe28,f13d18cff3f0932e727dda04bf80008fc2fbbc70,TEMP-872,https://issues.apache.org/jira/browse
165,8c1a0d2ee1433681958809b4a0fede65f62936e6,a08ec31dbf212a033953dc6916a743dccbb93e37,TEMP-1292,https://issues.apache.org/jira/browse
166,5df67bf13af9a044f3bf7d8df3bd2daa763843a7,b0bcf4f60a1e92480d78e44e3fda6e42cfc1b207,TEMP-7,https://issues.apache.org/jira/browse
167,46c42fcdaa16542b0f167ea429b613fd653e6fc8,e6b830bf95f712672cb9e77cd852606cd134c5fc,TEMP-7,https://issues.apache.org/jira/browse
168,fd80301b1eeb4b2db55a09aeb54348faacec11cd,c14890f08b9bb47ab8ad27f4dd4c714e32961d0d,TEMP-1285,https://issues.apache.org/jira/browse
169,ea666d523021a3c33294030e7c6ac49a77be543a,05647d46e9ac2bf674b320e8467616aa72954f3e,TEMP-1281,https://issues.apache.org/jira/browse
170,1e5c2b87792b58f45fd3b33f1373925ebfe879a0,a40b2a907a69e51675d7d0502b2608833c4da343,TEMP-1269,https://issues.apache.org/jira/browse
171,383bc8eefae7e17d0bb0349ab2300488c655ec42,eafeca43268f16aa9d4a179e44b9e7747699c1eb,TEMP-1144,https://issues.apache.org/jira/browse
172,96c8ea2fb3719e2f6e3d7a4d7b46718f26515a86,dc53e49b4afa5d59c533cf2b4918402c37411fbd,TEMP-1144,https://issues.apache.org/jira/browse
173,23108b1bd90de315aed37fa3fc1f38f8a56ab9ba,d6644e4fbe3d125eed2d85e58fc7133466042f10,TEMP-1188,https://issues.apache.org/jira/browse
174,65ed41ff7a8cfb0bbc03620e186382a16e23db56,e4c72a5522aabfa6a660088aa9262d849756e464,TEMP-1144,https://issues.apache.org/jira/browse
175,e2dbe55d56bd6c1209276050f527d36717e33e1d,10325422e5a4735aa87a4d47bdb377e09fe963d2,TEMP-1276,https://issues.apache.org/jira/browse
176,8f9271399aca64a6f5afe36d3eec365eb68e310e,8274993e293a79fc75829df398233915a6387a4b,TEMP-1216,https://issues.apache.org/jira/browse
177,6423a7665516d738ae50d272e3b4ca72cdb89a9d,91d6bd74fa358fdc8d7cb7681c76c509fd9a8e7d,TEMP-1278,https://issues.apache.org/jira/browse
178,5acf310d08b2bc5182cf936616ef70938cb2c499,38140a5d8dffec88f7c88da73ce3989770e086e6,TEMP-1271,https://issues.apache.org/jira/browse
179,a04151819758fceb7f0cb855d279c9d46b2e9851,86a59601b570585dcb7a1ce3d1ccc8e16008f53a,TEMP-8,https://issues.apache.org/jira/browse
180,5f4249e2ec8cccb17b27a7ffd032c4fc237a6927,8232c096cef785a2ba88a7324b882a7badb0af44,TEMP-1,https://issues.apache.org/jira/browse
181,10d2363fcdd6e15568f765ba0dfd5f0cfa0b04eb,5f4249e2ec8cccb17b27a7ffd032c4fc237a6927,TEMP-9,https://issues.apache.org/jira/browse
182,6cfce2a094f05bd64c2f3f7694b520b5f5e6e504,10d2363fcdd6e15568f765ba0dfd5f0cfa0b04eb,TEMP-1,https://issues.apache.org/jira/browse
183,ff2672a57816d75a740813f8d26d830bd2f9b7cf,bdb074610c87a210ea4c0d91d579cb4558f4b19f,TEMP-1267,https://issues.apache.org/jira/browse
184,204ed0048f4812201ef65c9a0c44fa54a7d1e04f,e64b51c70fa9f5e2795e91e6729ebd895f7f3c01,TEMP-1252,https://issues.apache.org/jira/browse
185,b3c31a379e9ad7cd22cb7f0669b82361ced84992,204ed0048f4812201ef65c9a0c44fa54a7d1e04f,TEMP-1252,https://issues.apache.org/jira/browse
186,a2660687980b36003a612eb89b40d6fdecb4b153,b3c31a379e9ad7cd22cb7f0669b82361ced84992,TEMP-1252,https://issues.apache.org/jira/browse
187,71d9e00d42b278ce9d216b33bf1a9c8606fbcb49,a2660687980b36003a612eb89b40d6fdecb4b153,TEMP-1252,https://issues.apache.org/jira/browse
188,ee6f3fa7a6d82bbedde4fece8704a7ce42dda3fe,5b5b374de30f5a2b65f465e4c3a51b1a97ec4f1c,TEMP-3,https://issues.apache.org/jira/browse
189,a2d41db55aa46bd4fedb215c978f03e282cf1ffb,71d9e00d42b278ce9d216b33bf1a9c8606fbcb49,TEMP-1252,https://issues.apache.org/jira/browse
190,0a0a35f54f5e7ab2d10022d3ee244cbc876bdde2,a2d41db55aa46bd4fedb215c978f03e282cf1ffb,TEMP-1252,https://issues.apache.org/jira/browse
191,c503d742f094dc2048b72c3f78f5e2e6070a44e1,0a0a35f54f5e7ab2d10022d3ee244cbc876bdde2,TEMP-1252,https://issues.apache.org/jira/browse
192,1a1fc65b04bcbe2e95d0fa300fce110e1224906e,c503d742f094dc2048b72c3f78f5e2e6070a44e1,TEMP-1252,https://issues.apache.org/jira/browse
193,f30c4607a2b6dcc7dc4476d321fc1de32ce9b780,1f56bd103d53c8c6ba7502c6586c26be01bfdb80,TEMP-1261,https://issues.apache.org/jira/browse
194,f30c4607a2b6dcc7dc4476d321fc1de32ce9b780,c7c85ee39892df3ca007c6596c41654865be7e43,TEMP-1262,https://issues.apache.org/jira/browse
195,a06c99b9c094d66f0d33bd69e15fe01ba52a8b05,b2c1afce7eb13ea44fc7d25562cc3bb83cc91b2f,TEMP-1230,https://issues.apache.org/jira/browse
196,e05b50e1daa8200ad488a332375200bab132f2ad,fbb5d31a581c24e925c442a7754358d2b62a669d,TEMP-1214,https://issues.apache.org/jira/browse
197,7e85d1cf54b1e467607a0019b56f91577ebe2e4f,13cd4e0ac3ab76a4dc091eda457f9a111727cba2,TEMP-1190,https://issues.apache.org/jira/browse
198,ed14537b802be2bce96c8d5a0e056daeb6f11b0c,7e85d1cf54b1e467607a0019b56f91577ebe2e4f,TEMP-1226,https://issues.apache.org/jira/browse
199,0223a4d4cd127a1e209a04d8e1eff3296c0ed8c1,aa31bc6c313789c344d715b7c1aeea0cd8de47e2,TEMP-1251,https://issues.apache.org/jira/browse
200,1d1883f0e20215720eb583fd43eee088808c616b,bd9adbb637a8a4aa5eb61c6fde2c576d0ab3c4fa,TEMP-1248,https://issues.apache.org/jira/browse
201,6f318c10aaa996ed72464b36f5b235601ce7e971,10ebb32ce1806821518f52074f0d171fab20b3ea,TEMP-1245,https://issues.apache.org/jira/browse
202,8d6bc0ca625f3a1a98b486541fa613b2fac4b41c,d2fb3b0865a87cc909e4faab7733f993356141e2,TEMP-1018,https://issues.apache.org/jira/browse
203,7fd021d82ff431fb31f42bc6c5c44a3b979cb426,8d6bc0ca625f3a1a98b486541fa613b2fac4b41c,TEMP-1018,https://issues.apache.org/jira/browse
204,f08c4f6ae9f8190bcaf0a8bbb82530233bf51bf9,7fd021d82ff431fb31f42bc6c5c44a3b979cb426,TEMP-1241,https://issues.apache.org/jira/browse
205,9bd439b4e0aa69050ef1baa537e552fa4620e5d4,18b1bc203bdb236bfd9084193aa2d55d4b605139,TEMP-1229,https://issues.apache.org/jira/browse
206,528f6e8e705097d5237f3e29d64c37ade4092e18,9bd439b4e0aa69050ef1baa537e552fa4620e5d4,TEMP-1229,https://issues.apache.org/jira/browse
207,43a9bab8c010d66744ae02b2d26020a946235202,c35a04102274b330aa833030c15f722b00062812,TEMP-1199,https://issues.apache.org/jira/browse
208,844b2901fe4049fba29ce8c6961dfa25966974ef,8ef8e2a7a5326eef6180951207f65d3c29bce419,TEMP-1242,https://issues.apache.org/jira/browse
209,2244ed9d63e037a85e1ab2ab2bc9b98f12a833dd,9bc992b133f7169288f1fa6b53a04f74c1549947,TEMP-901,https://issues.apache.org/jira/browse
210,c36de7a60f0ae5223db3609573455a3978be9020,864721d54b8b372808b098e13120abe5c22fb9b1,TEMP-1228,https://issues.apache.org/jira/browse
211,0343777db959950e490a06e72f235dd6f5f3a8c2,1e4a4906776f7300a9639a7599fccc545791583d,TEMP-1232,https://issues.apache.org/jira/browse
212,f02261849ec44fccb94b15b1b0e8afc8fff6edd9,b212aa3c6fb91c34a0faccdf783a0a085d40be94,TEMP-1232,https://issues.apache.org/jira/browse
213,28f7862ab7c5b782977e839bdcb7853d01a7d8b3,5eae0a646469672d1cc5385bd7bd6aedc4aed19b,TEMP-1178,https://issues.apache.org/jira/browse
214,dd5a0e6e1e3edb41afb4b40e4ec2c99e5932e73c,a0b798c27a0312df2a110073bd7888993e56d05c,TEMP-1120,https://issues.apache.org/jira/browse
215,8acb1d2b42edcd65bebc94934395c511cc10f598,2b52dedd56503bf89b28cfbad21f59e3dd4d1d32,TEMP-135,https://issues.apache.org/jira/browse
216,3d05c24107c0780082638b03bdba5f5b0e9cfd88,8acb1d2b42edcd65bebc94934395c511cc10f598,TEMP-134,https://issues.apache.org/jira/browse
217,5e62bf80f345ff28d494c2b407a9e8691a9fb684,b877fb9abef4a19eec9cc7329acbd433648b8f7b,TEMP-1205,https://issues.apache.org/jira/browse
218,ac1c341558ae3139a5c1eb07bf148230192d6f57,c99a787752770b8952297e24e07bd404cb2f4f74,TEMP-1202,https://issues.apache.org/jira/browse
219,38bafd283f2e5fed8ca33dcf1aac8e4bdf54450e,3c92830ec51fb6b6e9a7ca2fb8fda324cd33e48a,TEMP-1219,https://issues.apache.org/jira/browse
220,3f796bf74666ff9a4a6d31f10dbde4fd5e837d6a,c158713b66856745427f793f14a5dd1fcaf941ee,TEMP-132,https://issues.apache.org/jira/browse
221,833885c29d3f037b8985e7822f714fbc484d0378,3f796bf74666ff9a4a6d31f10dbde4fd5e837d6a,TEMP-132,https://issues.apache.org/jira/browse
222,04a5d83aecc325f87696c83b1a5dba45584ddaa7,3af7d0dace7bee3f42b88abcaca853765cee3557,TEMP-1191,https://issues.apache.org/jira/browse
223,afc942c7b2bc0317cb549a3fd05080646e7274fc,4d4e0b0481ddc14c201d1e732967cf7b55c4bceb,TEMP-120,https://issues.apache.org/jira/browse
224,39ed92fff74cfd4be4ca728fc4258feea26b696c,afc942c7b2bc0317cb549a3fd05080646e7274fc,TEMP-1192,https://issues.apache.org/jira/browse
225,2fa0b168d62a07365b2787d0ed97fa1c2cfb673b,1002c9e243883654f9c1e6beae643fb4e72fc172,TEMP-1192,https://issues.apache.org/jira/browse
226,2ebf9a21d2dc99ab2f434111cac9dcd6da99d574,2fa0b168d62a07365b2787d0ed97fa1c2cfb673b,TEMP-1192,https://issues.apache.org/jira/browse
227,bfcdeeaf441feffba724f03602cec2cf7b181a86,2ebf9a21d2dc99ab2f434111cac9dcd6da99d574,TEMP-1192,https://issues.apache.org/jira/browse
228,15e1ea2f4e5affe377fc303c1f637a73e3fbe625,d75fe46b8f1b0d5c27887052ee4714d6a9c7ea4b,TEMP-1193,https://issues.apache.org/jira/browse
229,481137553f878e2f69ce05129d4aecbf016a1756,1260e09d6f2314c7099d061f1c65e6b4275cb8a1,TEMP-1182,https://issues.apache.org/jira/browse
230,00fafe772ceb91c9f26d79f5a2f6c3695a141115,6d3796e64bdd5f3f4857bfca6982e6ecf98a2b33,TEMP-1002,https://issues.apache.org/jira/browse
231,68acbc803e416a38616bc25505cb88dde81af5ca,e8a2c29721d145c52c970049e5469cfb0dcefd87,TEMP-1163,https://issues.apache.org/jira/browse
232,fad946a1d79486c5118a596e8ac67ef7d5189070,6849dfc8a660bf8c95354520a2fa1283c9b3aa43,TEMP-1162,https://issues.apache.org/jira/browse
233,b0bbe58eb685bb24bb9100cea35ffc80e44361ac,fad946a1d79486c5118a596e8ac67ef7d5189070,TEMP-1,https://issues.apache.org/jira/browse
234,cc1aed9bdf196403c673a886bbf723101171a9bf,421db380d060e9f037a8ecbc446c414efaa6923f,TEMP-1142,https://issues.apache.org/jira/browse
235,52b46e74dd29eb3eb65a593a872fd57694bc154c,958029bdd45c3e341eb146031ed38b4487d7b0b7,TEMP-1002,https://issues.apache.org/jira/browse
236,40134ecdb327d1b82936f7ee3fa925b7b181c726,52b46e74dd29eb3eb65a593a872fd57694bc154c,TEMP-1152,https://issues.apache.org/jira/browse
237,0343b4fda87161265acf30d5ee61e525e751358d,54e63005446a2b0a4255ba16838122c5808ef886,TEMP-1141,https://issues.apache.org/jira/browse
238,529964961fd1575013297bc6d4db4528133ee371,06b7cd3a31c4565ceb0a127273ef800a3d084caf,TEMP-1147,https://issues.apache.org/jira/browse
239,71d7c3264239c55b6e2daf89c44c5685085f26dd,61bec859ac3ee087a69edeed8b65ec39a6646f18,TEMP-26,https://issues.apache.org/jira/browse
240,a9a73a7b2df1455646a7e0207712be6d4412e817,71d7c3264239c55b6e2daf89c44c5685085f26dd,TEMP-1133,https://issues.apache.org/jira/browse
241,d6dd2b4cd4a337c5517952680c3714e5d08e9cb8,82152f41ac8a727c2f0042bd555452dc2dda11b1,TEMP-7,https://issues.apache.org/jira/browse
242,474a837858a8e7a98316f97e9ed387d0161015f2,39380da86acc717f419da48f070f8cf7d9f9ec94,TEMP-1132,https://issues.apache.org/jira/browse
243,1974c83561d09cf73a575f992fbd8416e3354d20,061450a927ba1cc65f7b984f4ff41866ec2eceac,TEMP-1,https://issues.apache.org/jira/browse
244,4a882e76d9c9940ac561e8f17ede77c85e3dbeda,0add1e8975336c65513b26123d48b221e2515ddc,TEMP-6,https://issues.apache.org/jira/browse
245,4796a0a79259bbaf4fdab61dd158cb658e6a8d44,b5749b4f54b30c0c2050e456c12cfcf516434f13,TEMP-456,https://issues.apache.org/jira/browse
246,cac520971206093d32bf17925f880bd06d93f736,6a99050166c945a226d5f8275ce4a9dca3518285,TEMP-4,https://issues.apache.org/jira/browse
247,bea1ae92aa52a985f8c171c6e17ff7fc4aa61fe4,775203dd2cfce017910d04c58a0b1b4e0a64923c,TEMP-916,https://issues.apache.org/jira/browse
248,cb83f7cb31e50f265e098c5380b3f0051e257f46,bea1ae92aa52a985f8c171c6e17ff7fc4aa61fe4,TEMP-1116,https://issues.apache.org/jira/browse
249,63d8a025e6f38ddfc966c4104ac783bcb59031e0,e2c0ea4374c02539ad9bc6c4328b74f25eb72405,TEMP-1114,https://issues.apache.org/jira/browse
250,1b9d938d66a172b200fd90d4a61707852bdb4b8f,4ad74f449258781e9df189413423ffd6ad95c526,TEMP-1118,https://issues.apache.org/jira/browse
251,8e7df02eda7a1aac56a884e3d52c6d72073028b5,1b9d938d66a172b200fd90d4a61707852bdb4b8f,TEMP-1118,https://issues.apache.org/jira/browse
252,73a8fba6fb23af45ee77f52f33bb8d791a9caa05,df37e605fe4b027406bd9dd85b320526ab12a122,TEMP-1112,https://issues.apache.org/jira/browse
253,9bebec9cf9e6f4f1f0ae0673ab3fc672f87d18b1,71f6746f81bb9650f6f228ea204d85ba2c5b7392,TEMP-1069,https://issues.apache.org/jira/browse
254,83775c432382b9c0367362491d0dc515bf0e131c,a498b87dbcaa0a61c6088d7156258a3cb06638cb,TEMP-6,https://issues.apache.org/jira/browse
255,2fefdc7dc3c9afbbe534ff69db5a754be0716b11,f525bc3ccd9cfb69603bd9778998263a458415d0,TEMP-1,https://issues.apache.org/jira/browse
256,8c84cfda26c23af0d7106d6fec17c36a4853bfd4,9c7b0fb8e681b901e5fc40c699e4730855f2c14d,TEMP-794,https://issues.apache.org/jira/browse
257,56462a1e180c43aabd78a47077d4c195d907638b,06d724599d57c585f537dc7b5d73af90c16a4100,TEMP-1104,https://issues.apache.org/jira/browse
258,cbeb45b243897dd974978ac339c40c2915b638d1,bf6ee5c56eb32bb572c240d765d542c048ec9565,TEMP-948,https://issues.apache.org/jira/browse
259,1f75a8f7cc28fef663eaca75e831c9da11ea2b0e,8aa1b44ada759e7948f87f55bb29ab87b5eb5469,TEMP-1092,https://issues.apache.org/jira/browse
260,8db46b1d09c52ad32fd9360a1f0d627784523f8c,ce7f4ed073b5a7b326871bd2339e355dbe9468fa,TEMP-1090,https://issues.apache.org/jira/browse
261,6ec90c452fb1af67ede5720822d4503600522ff4,7c8443f66c1a1852d31a4f3b9f096e5eecef5eb5,TEMP-1089,https://issues.apache.org/jira/browse
262,45a6467088a08e447d7f2983551021b91c70ab49,2367948a0f7bbcf42cb3ef9d97216319a526d3eb,TEMP-1061,https://issues.apache.org/jira/browse
263,61836183b1d84a18dbcc084d1f41bcecf752f9fd,45a6467088a08e447d7f2983551021b91c70ab49,TEMP-1087,https://issues.apache.org/jira/browse
264,3181b407668fa09b83ff80126b5abdfc4074ab9a,ffc38b1f3b35ddfadb942240b9d2f933ec83d1be,TEMP-1081,https://issues.apache.org/jira/browse
265,63f1d6b83bc10a2880f5ec17a172fab284d2eff5,3181b407668fa09b83ff80126b5abdfc4074ab9a,TEMP-1055,https://issues.apache.org/jira/browse
266,cc991feadbcee678635f7831ad8091ab8698d508,63f1d6b83bc10a2880f5ec17a172fab284d2eff5,TEMP-1055,https://issues.apache.org/jira/browse
267,89c8519238523873277e76ea87422aebaf17898c,6eac3468d4569e64f18757225aa8f7fd6f2a5241,TEMP-1083,https://issues.apache.org/jira/browse
268,5cb1ae60249745bb9b9f019b58eea5132abf1032,c5332828bde1cc98dfa7a00f65a05bec51ede088,TEMP-1071,https://issues.apache.org/jira/browse
269,e5a3039f7a1e727fca40db7357a9191b6a7cf41d,4a2cc4f5da0fbf9552d2b35aa457de64c47626b9,TEMP-1073,https://issues.apache.org/jira/browse
270,05763470e5a067eb153533d47baa73174ad9bd46,e5a3039f7a1e727fca40db7357a9191b6a7cf41d,TEMP-1077,https://issues.apache.org/jira/browse
271,21201210e254fc7d73fa646f28ce786d94fa2d28,0162032aa4ea1084e4bccbce6fbfc48ae4b0cc48,TEMP-1072,https://issues.apache.org/jira/browse
272,635e41ea181c5fee8860a7044c84ae3557b51189,2afdf4d05e38f63b56b0414cf524916681ab58aa,TEMP-1064,https://issues.apache.org/jira/browse
273,aa3f1749864af5fe4971e09b100720ffabb78bdb,4477ae695211449db1df589e9fdc6de84bf4c640,TEMP-1041,https://issues.apache.org/jira/browse
274,2aae22de23bf47566700c0ca2671d25e30c4a857,22b6781a0b96418198dc9146e5191e51d381102f,TEMP-1000,https://issues.apache.org/jira/browse
275,bdb1a684a7b3876d6812d4e281c852face5a5229,bc91bedd45c5f51175f8686332ed4c72fbe98652,TEMP-1039,https://issues.apache.org/jira/browse
276,2154d5fbf8cc02cc4d51b63d6a532af06cccd0fc,bdb1a684a7b3876d6812d4e281c852face5a5229,TEMP-796,https://issues.apache.org/jira/browse
277,1e6c8c1495d0c70899cb3e4bce2975901c9c2b04,2154d5fbf8cc02cc4d51b63d6a532af06cccd0fc,TEMP-1035,https://issues.apache.org/jira/browse
278,01a950e320d0c63972befbf0cdd085cb3bc73b7c,161ef971c43ee529ca8ac7f2619cd40fdc7c4b27,TEMP-1,https://issues.apache.org/jira/browse
279,60b79a908257f082b49bdaed81057b190a150842,8a95db3d42432490ef2d2e3d054d97f4cdc0f28e,TEMP-120,https://issues.apache.org/jira/browse
280,cf832560dd13bb154d6c56df669ff6b691f8e5f9,7b33ab10def0b53d8d04c6590f7f5f5be3025085,TEMP-120,https://issues.apache.org/jira/browse
281,2e9a359fb59bfd4fc3734bb81d689da7d7d2c0e7,cf832560dd13bb154d6c56df669ff6b691f8e5f9,TEMP-120,https://issues.apache.org/jira/browse
282,c987d1631f43b8c533d54aca085b9d1f4c10b98d,082eb39c9f97b13fdd178b69533920a174e8b68c,TEMP-120,https://issues.apache.org/jira/browse
283,bd7a8d5004cafd50f9ffa431b506178f148657cb,01fe91839a86c675e312293095956c07d87e935c,TEMP-13,https://issues.apache.org/jira/browse
284,00dc479f6a1d204d557f4cb1d981ba236fe09565,fd54d42f78ae17a96fc005d2fcd080807343aad7,TEMP-1004,https://issues.apache.org/jira/browse
285,248630054801b048e6629a37a62e9efd69a7a756,4b74c385628ed1766209a79705a2d5986c23d02c,TEMP-1003,https://issues.apache.org/jira/browse
286,358f139d1316df2b8efd7610afa3aa68d165334f,64ef8a80224443c81dfb198cbc567e1b2b9356a2,TEMP-1003,https://issues.apache.org/jira/browse
287,612595106054d0ff2320cc15f88cfef8959e1531,b4b51a8fc9eed7274a045b2f3192d77782b0e4fa,TEMP-1001,https://issues.apache.org/jira/browse
288,d99f581745097c9562f1d701a6da66cd81a550f2,fbb0f7f88c84001e0a92dae6a71b7e43bda65a56,TEMP-995,https://issues.apache.org/jira/browse
289,b9b842d0d34a4b8b79b75cd5719e97b8c8b9dd1e,78fccbbd302743160ddd274d0043cf0f7293b3d4,TEMP-8,https://issues.apache.org/jira/browse
290,0e2e37bb83cc11b87a578c013c14d22a91a54931,a57ca055e7d7cabd7fe5b730a942746201452ed9,TEMP-1,https://issues.apache.org/jira/browse
291,97f67d717b965e1cd01f194819722eefe9155fa5,0e2e37bb83cc11b87a578c013c14d22a91a54931,TEMP-1,https://issues.apache.org/jira/browse
292,d00ee004b059c2bef5e6f35a44c1659d7f44d938,acd41040fc6722062df7c9334f2b22ff456495c2,TEMP-3,https://issues.apache.org/jira/browse
293,708da45999d8e545bfbae17a092c68df94061756,cf03e6173b70ad64337704402bea51600cddd1ba,TEMP-992,https://issues.apache.org/jira/browse
294,6abb5453e729074183a8d2b0e5c524f4ae3107a9,6a3dc338505618786edeb573e034cd5b7d181273,TEMP-8,https://issues.apache.org/jira/browse
295,66a37174a0398d76ff95904c22e77bc65890eec0,80bd3fdb42a5d816ded9d9111c7dac3ce57c3101,TEMP-987,https://issues.apache.org/jira/browse
296,aadd8e172eb22fb593fbaa454075677656fad111,1a97c7efe11f290d8f127e5320525d0d72422b56,TEMP-983,https://issues.apache.org/jira/browse
297,8d360ae70732ae26d961f76da5a98c44ac5931c6,aadd8e172eb22fb593fbaa454075677656fad111,TEMP-981,https://issues.apache.org/jira/browse
298,8b5e3eb81ddf3417f8f628c211507694ce2b92bb,77f5fe29e317c634bced62e54f6ead8a1c85c238,TEMP-978,https://issues.apache.org/jira/browse
299,cf4138d7bc1a892295ccd58ea8b42f7c8737239a,8b5e3eb81ddf3417f8f628c211507694ce2b92bb,TEMP-982,https://issues.apache.org/jira/browse
300,ddc06197e4c9cdd009ba2a039dca77099797c584,cf4138d7bc1a892295ccd58ea8b42f7c8737239a,TEMP-984,https://issues.apache.org/jira/browse
301,408462e80d57be420c153b67f69110e27776d4eb,ab1424015085472b2d3865668e370aec8a102331,TEMP-977,https://issues.apache.org/jira/browse
302,5a509030a946646780e963b9f492a4eaff734116,9397608dd35a335d5e14813c0923f9419782980a,TEMP-971,https://issues.apache.org/jira/browse
303,159415855d06d186e86a70f3d4aba8c2e96d4b34,5a509030a946646780e963b9f492a4eaff734116,TEMP-972,https://issues.apache.org/jira/browse
304,4b718f6e5a90a0922373bd1d2452d418fe6bdf54,5feaa5fe2c79f1f2e81bdf4730f5cab831024dae,TEMP-969,https://issues.apache.org/jira/browse
305,555570c954a593129318d840257b9c57a618c6ad,84f392eaa42888e81d3efc598035fe1f91d58d67,TEMP-969,https://issues.apache.org/jira/browse
306,954280893c34f560b35c3eb1c106852110d8ca27,48652f594150affc1848c36649e2380adbd82f94,TEMP-946,https://issues.apache.org/jira/browse
307,1bc33d2211b70e16360d22e13dc2924dc175fb98,0c7b32a2115b0869d540ba52d90df7dd67800048,TEMP-961,https://issues.apache.org/jira/browse
308,2eecc96a53bb3b9da49bae03a18388d0f23853e7,1bc33d2211b70e16360d22e13dc2924dc175fb98,TEMP-961,https://issues.apache.org/jira/browse
309,8c04a90ec58a09cc4e0857ebba5bccc33ee84890,2eecc96a53bb3b9da49bae03a18388d0f23853e7,TEMP-961,https://issues.apache.org/jira/browse
310,2d55e408ed626dde3e7965b5e28223280d8bb174,8630180fffa0e8daf0369f55e9b267307c00e583,TEMP-954,https://issues.apache.org/jira/browse
311,3a8595f1a57759044be301fc76a2300b7f2efe66,8cd2339a9788cf2c6e44b6761d3a19259fbe1df3,TEMP-936,https://issues.apache.org/jira/browse
312,5d10a4a6aa62d96f314a9bc29e5e5b06b967a55b,3a8595f1a57759044be301fc76a2300b7f2efe66,TEMP-954,https://issues.apache.org/jira/browse
313,b5a9cd944c8b6febf55e1191310d02581ac859a8,5d10a4a6aa62d96f314a9bc29e5e5b06b967a55b,TEMP-943,https://issues.apache.org/jira/browse
314,b3c1a78dab5a7fd5690caf8d6785d18f04cffd19,b5a9cd944c8b6febf55e1191310d02581ac859a8,TEMP-951,https://issues.apache.org/jira/browse
315,8252b04a45722648ce2225853de9882b3b0de034,0942ef04f1fa911d382b79a92dca1dd4b3eb88e6,TEMP-951,https://issues.apache.org/jira/browse
316,59311cc13a0bc99cacf03e00da93423b20b3d459,8252b04a45722648ce2225853de9882b3b0de034,TEMP-613,https://issues.apache.org/jira/browse
317,e42dad3901e2fd6dcb0388bab79719cb0071187f,8ea0c0284810bd6ec00f608be31abd20dbd4b72b,TEMP-915,https://issues.apache.org/jira/browse
318,19714df228d6bbc69d86f01428ea2c6976f7c50d,7a62fabdfc3389b822a03711978c8391259042a7,TEMP-819,https://issues.apache.org/jira/browse
319,e539d10f769f01eda0870ee320c4e8703dc50287,c4ecd75ecd8b78c66cc51b49dd32989a3f1cde2e,TEMP-2,https://issues.apache.org/jira/browse
320,dbb6d6898a2631b4d04bf280261be9890e8431b1,3022375ff4e06b6fa045ddfb4d360626d7b6788f,TEMP-3,https://issues.apache.org/jira/browse
321,0563c9d60341c568ce04d8a8c9162dc5cd5a1aed,374a1f267a1a18b4355f61f86eb38ef94aa46e60,TEMP-80,https://issues.apache.org/jira/browse
322,030f0d3d404a912cc1d055f5ff323917f40a2ea9,c288d296018a48eb88526b05b62419170cc63a6b,TEMP-934,https://issues.apache.org/jira/browse
323,6ea7f2f7afcd6d60d62a5cd1392feda3471fc666,2550d4cfa283603a23283c5495bfab75deff02dc,TEMP-4,https://issues.apache.org/jira/browse
324,38f8b88528487efc4e53ac6c91f08fbaaa2a82d6,6ea7f2f7afcd6d60d62a5cd1392feda3471fc666,TEMP-928,https://issues.apache.org/jira/browse
325,a93703d002bc4850e7adcdfc9b51664fca7b8836,be370cd0ef134bb44fde733e4ee91661a012dae5,TEMP-917,https://issues.apache.org/jira/browse
326,54a4a86b0f9cc4055c659595afccd92769b7771f,db542a6b424675659710edba07a65acde0294771,TEMP-6,https://issues.apache.org/jira/browse
327,fed6fa68a3909132a70fb2a4dddc80d014d91d1c,dac619c84d257aac5908752777f3f1265bd5c42f,TEMP-3,https://issues.apache.org/jira/browse
328,0de9354f505f415c7ad35fe735cebab4900a698a,cb3d478b789fbb14e387422e1aed4b7be4304fbd,TEMP-902,https://issues.apache.org/jira/browse
329,a01e450694ee3d6049dd637ae700f36d173d6463,aadbea734d78e8d535d3a5837643336ca1384bd2,TEMP-921,https://issues.apache.org/jira/browse
330,06df5cbe7c1f1df2651aabe15cb10228b474e01c,a9ae686ec85e4fc326f56a23de8cd0481f7d9c89,TEMP-920,https://issues.apache.org/jira/browse
331,8499d0fa283990b640bddeb19f3a477057161214,960608021348739df69ec64ebd7fbe2455fed269,TEMP-8,https://issues.apache.org/jira/browse
332,beda6986707728509b53f2a3ce334269657f6c17,127a53d99258c5f6dae55676c6f366f637cabbdc,TEMP-1,https://issues.apache.org/jira/browse
333,9506e0454826a77b19d65db9f852d96031af6712,62f2412f14b500b10eb8619edec69198a98c7b84,TEMP-911,https://issues.apache.org/jira/browse
334,396afc3e4693cfee182efe582455f2d97058c068,d1a45e9738de5b3e299bb51e987565dcce55fee6,TEMP-747,https://issues.apache.org/jira/browse
335,dcde57852a97a9ac8021d2440b3de5be4870ecf6,ef9623ef8ecc198849661eb5cd052938977f1d80,TEMP-896,https://issues.apache.org/jira/browse
336,8b494b784dca4de7d79c58e0f00dd4756c04cf89,dcde57852a97a9ac8021d2440b3de5be4870ecf6,TEMP-879,https://issues.apache.org/jira/browse
337,22c37d530734969c473fcc26278d6cb92bd622d0,8b494b784dca4de7d79c58e0f00dd4756c04cf89,TEMP-836,https://issues.apache.org/jira/browse
338,ae987e17708f19aa230c51578e4b8c2d21acd7e8,22c37d530734969c473fcc26278d6cb92bd622d0,TEMP-836,https://issues.apache.org/jira/browse
339,64cfee77e333d0c31a0fde0abe6dac3d97b0f078,8a1042959df80c06dbfa83896594caa8e20ff9d6,TEMP-693,https://issues.apache.org/jira/browse
340,8ef33a43ec0bf8dc9889467fa629dff185378912,03b4f61f142fad60772c19be96253c45b4ad27ab,TEMP-887,https://issues.apache.org/jira/browse
341,cd91a4f2cd0ced1178e8fd1f49229196eb88094c,0cdc976684efcf478397b68c1d54cefc87bb92c9,TEMP-882,https://issues.apache.org/jira/browse
342,9d73fe09ce5fa631ca56bf365110528b5d9608cc,cd91a4f2cd0ced1178e8fd1f49229196eb88094c,TEMP-882,https://issues.apache.org/jira/browse
343,bb95f8a19470f38587780d5b29387d328b9160f6,d49d8093e2497013c4d78b11d1462a33f451dfda,TEMP-754,https://issues.apache.org/jira/browse
344,b3db6ed9efd0b8ed8a940f2735abb156030d10f9,acec03e45a43f45c68dad399d3e291e714ff32e9,TEMP-1,https://issues.apache.org/jira/browse
345,5df8f55e4fb60d4e7bc7c3280e0c919c0cb0ac37,b3db6ed9efd0b8ed8a940f2735abb156030d10f9,TEMP-881,https://issues.apache.org/jira/browse
346,ad43a49dabd5cc14e8ff4b91dbb03477063c1314,5df8f55e4fb60d4e7bc7c3280e0c919c0cb0ac37,TEMP-881,https://issues.apache.org/jira/browse
347,9b2d0335e61bb12a0f97a85cd1cf1c9f9253c93d,909630731f3a9ee5ca756a99cdaf630a43a732cb,TEMP-3,https://issues.apache.org/jira/browse
348,bc255ccf5c239666ab54e5a31720d3f482ae78eb,4d46f014fb8ee44386feb5fec52509f35d0e36ea,TEMP-865,https://issues.apache.org/jira/browse
349,e5a1ea6a765cb060104736d64f39a5b2a120896c,0c9622b749f3d49798059c74ad66a51f3c782b5a,TEMP-858,https://issues.apache.org/jira/browse
350,ed8a17847952a611196112c05f35731712c957b8,e5a1ea6a765cb060104736d64f39a5b2a120896c,TEMP-858,https://issues.apache.org/jira/browse
351,f5a83bb90cf7b318ac72823e6b99d01d060abe41,52bcd9b8e82d4d1d287b0d75df1e161aff8c65ab,TEMP-857,https://issues.apache.org/jira/browse
352,a7b467a74cbe1160d676dc070a19d19764e132a3,350cf8c2da08ccde6b4d71b19bb3df97256ea368,TEMP-822,https://issues.apache.org/jira/browse
353,641aa249c3dfec45cb46f5ed15b0c59bd66069f4,310edf6439712e5ec04bbd11ebf1f890cb44c0c5,TEMP-849,https://issues.apache.org/jira/browse
354,307c280caf4a0a60b4212f7dd0f854a32a3497e4,22d050b781ad859528398ba7e8ce00d7d2335555,TEMP-844,https://issues.apache.org/jira/browse
355,6545db8bb7fc951a85031b01072d7cc6b40060e6,2be663db75e15f760ab03cf43ac97dd965414070,TEMP-838,https://issues.apache.org/jira/browse
356,c62d888e9493520c9ea53bae4b50156824500409,342a9184a9e11878e0117ffc5dc1946af3516d98,TEMP-3,https://issues.apache.org/jira/browse
357,04babff3798680e012646988841bcc710a9e3c54,0490f1c291981b1d577a64ed61ee2c19eef8addf,TEMP-820,https://issues.apache.org/jira/browse
358,cfab1e4fa19755d65de7b81206d86f9e98622d8e,04babff3798680e012646988841bcc710a9e3c54,TEMP-818,https://issues.apache.org/jira/browse
359,77eed078c853ec624d9d38754b0003e45333e9f9,cfab1e4fa19755d65de7b81206d86f9e98622d8e,TEMP-815,https://issues.apache.org/jira/browse
360,ad72b9f2bf37bd61af18bde67c1622d90a5d8766,65a6458eaa2e1f88278e4bb5753a68bd825e3a80,TEMP-832,https://issues.apache.org/jira/browse
361,192b1e1b6b96da05cb000b2c89b71467cbfaf245,ad72b9f2bf37bd61af18bde67c1622d90a5d8766,TEMP-831,https://issues.apache.org/jira/browse
362,e582456625cc8a7056cc9354d2a75913f4ceb393,d7af9435485453053a61f9baaca616602d8a4fd8,TEMP-828,https://issues.apache.org/jira/browse
363,73ea9c43c6013659d77b0b3663452c00fad5e2a0,e582456625cc8a7056cc9354d2a75913f4ceb393,TEMP-828,https://issues.apache.org/jira/browse
364,5ffcb8d35bd83a6c93b65f1de7e6e7a6a4369de0,34beef1d085c4571b8b8924951043276e1cc29f9,TEMP-828,https://issues.apache.org/jira/browse
365,6d06d0a1c0a9b35525c134f32dfe3d5d90dab2fd,5ffcb8d35bd83a6c93b65f1de7e6e7a6a4369de0,TEMP-1,https://issues.apache.org/jira/browse
366,bb8164bb2c59e42f5858f55af00f7968528fce94,62d5c0eecbb3af921c857b9ef3ed0a9e95fb4dee,TEMP-826,https://issues.apache.org/jira/browse
367,a81da42d9039ae2bf4d3c02b2c23969116f979d5,246ecda5e2b3a532925211002c549a3f057c27f1,TEMP-4,https://issues.apache.org/jira/browse
368,01ee7028e6940dbd074f3a76bb28f3a78b5d5b21,a81da42d9039ae2bf4d3c02b2c23969116f979d5,TEMP-799,https://issues.apache.org/jira/browse
369,12a0e3bddec1731cfdfe76743c9d42f6c4278d86,72b9613ddbd8e079184e2ef0207fe1c733bcbcbc,TEMP-799,https://issues.apache.org/jira/browse
370,79c627478f482a55ab9bf821b2cfbe2237ab3d53,12a0e3bddec1731cfdfe76743c9d42f6c4278d86,TEMP-799,https://issues.apache.org/jira/browse
371,ebdef1b95710b44324d40fa1e67a1bc1b370ee81,79c627478f482a55ab9bf821b2cfbe2237ab3d53,TEMP-799,https://issues.apache.org/jira/browse
372,b219a449bb6642f8df03eeb53acc444f4695a608,ebdef1b95710b44324d40fa1e67a1bc1b370ee81,TEMP-799,https://issues.apache.org/jira/browse
373,37fd0adafb3301ae66773817431b74e32e494efd,b219a449bb6642f8df03eeb53acc444f4695a608,TEMP-799,https://issues.apache.org/jira/browse
374,247cf8c4dc2507474946e3a7abca074c7e9c965d,37fd0adafb3301ae66773817431b74e32e494efd,TEMP-799,https://issues.apache.org/jira/browse
375,c7adc7e86f118a92ac4eee5a3c6775eec11af115,32b71d09133c2b5e3fea1f6d1effab8bb3776d04,TEMP-810,https://issues.apache.org/jira/browse
376,2c6fa89aa47436c5909601490fd56a18f75a0bc4,c7adc7e86f118a92ac4eee5a3c6775eec11af115,TEMP-747,https://issues.apache.org/jira/browse
377,8c478f2f9bffd4fe575316acf6dc3e04646fd5f2,e2c6ef476dc69bf0d6306c1f1006bdcc97c0c296,TEMP-817,https://issues.apache.org/jira/browse
378,49b63810c04ebf57aef8afe04420f3cba3891563,c63041d06c284ecd92a90f4e192df37d94a1d228,TEMP-814,https://issues.apache.org/jira/browse
379,4ae84a33c0b031b835a60a804ab69be2ca060fb9,49b63810c04ebf57aef8afe04420f3cba3891563,TEMP-814,https://issues.apache.org/jira/browse
380,feb980a6398012627bf6dfb7fddb92be3fe76ed4,4ae84a33c0b031b835a60a804ab69be2ca060fb9,TEMP-813,https://issues.apache.org/jira/browse
381,27bcbcc728434ffb2c45e81c0e75e6a3d6da3441,4a65cb8da23d6667ac6f91775309b4da9b315d95,TEMP-807,https://issues.apache.org/jira/browse
382,1971d3ed8ba303eccc83935e352758ceca9f34d7,27bcbcc728434ffb2c45e81c0e75e6a3d6da3441,TEMP-805,https://issues.apache.org/jira/browse
383,0aa4135a785deb4fb52d754e407fab1eb280ac26,4c2e69797f8262cc0546131352c1c5ef6dfdc985,TEMP-802,https://issues.apache.org/jira/browse
384,575965b1ba7aa595844706c02bb81229a69462c0,efaa822f611f1238e1cc104e2a79a7a8f2e9a4d4,TEMP-4,https://issues.apache.org/jira/browse
385,d79d88439e0e288825729396a3f7013c181b18fd,575965b1ba7aa595844706c02bb81229a69462c0,TEMP-800,https://issues.apache.org/jira/browse
386,c10bb4d052b31761329d8c064583175b73687e78,a0de4149790f97283643b6e7980faaa3a5ed5ab7,TEMP-755,https://issues.apache.org/jira/browse
387,5bfccfb5082fa045cb5734cd5028404b15f082ee,b24330cd372155883eef2b5f41cd68c5e02b61b7,TEMP-5,https://issues.apache.org/jira/browse
388,81797ed4402a982f90bd903c7437aeea4e3933f5,e9429c05e1a4797383fb405928088d2f8563ff97,TEMP-788,https://issues.apache.org/jira/browse
389,58d279ce5e362e7f485b2b98e02c5e448b309476,5715f15e32d2a02824fd411fb56280097f244707,TEMP-1,https://issues.apache.org/jira/browse
390,a31570673477b8d8f4f0f2429002ec219e83369f,dfa6882a3b9ae6d17c386312ad5e5902d852fb4e,TEMP-786,https://issues.apache.org/jira/browse
391,d486ed932373815102f6999d7b77d9eda5b2e393,1c8d3e6011ad9fc1cd61fd35ffe1d313473483de,TEMP-764,https://issues.apache.org/jira/browse
392,bec837759654833087d286e44ea51134d67537eb,d486ed932373815102f6999d7b77d9eda5b2e393,TEMP-765,https://issues.apache.org/jira/browse
393,02bce06a5c3d98d6694e3e9a59187c3847de76ae,bec837759654833087d286e44ea51134d67537eb,TEMP-783,https://issues.apache.org/jira/browse
394,e6a1d017b1aeca6986c5e8486c9f8ce6360872d4,c71d0f03dab384f98ef2c0ba0050822fba22a063,TEMP-775,https://issues.apache.org/jira/browse
395,d487814aba405447ee3358e11af3c8f2e3991c7e,e6a1d017b1aeca6986c5e8486c9f8ce6360872d4,TEMP-775,https://issues.apache.org/jira/browse
396,679090a612fa7dde2c98c44388232e4a23f3b1ac,d487814aba405447ee3358e11af3c8f2e3991c7e,TEMP-776,https://issues.apache.org/jira/browse
397,7b7965bf462d354dab0eb15c860c0ef7b3ea7b9c,d534206f65fa2512fe28dd4169d4027898ac8bf3,TEMP-773,https://issues.apache.org/jira/browse
398,4f0e19fc5f47c7171887e6fc1055bbdbb59367ef,7b7965bf462d354dab0eb15c860c0ef7b3ea7b9c,TEMP-772,https://issues.apache.org/jira/browse
399,fa35d13c66b4f44825b4d47b100c9a97f244058f,ff010a98f11931f2a4a4fb4bf5393a62428868a5,TEMP-762,https://issues.apache.org/jira/browse
400,725ca3376984e5ec887a866cc44380b1ff465d36,371e866442f46131cc38a9a5018e1703f52f9b60,TEMP-1,https://issues.apache.org/jira/browse
401,2e03203d40688de678f1cf2bc338c9da3ad443cd,163731256b63f03cd2b676baac88fe7ad61b2a6f,TEMP-3,https://issues.apache.org/jira/browse
402,67d4ef2e920bdd28d797589d3ce5c6f22c049d4a,3ca916f3e45b7a4d3f0384cdb1ccd865341d0c7b,TEMP-5,https://issues.apache.org/jira/browse
403,6ef8d3247b5c190bda458290d2106f0d8a09cfe6,67d4ef2e920bdd28d797589d3ce5c6f22c049d4a,TEMP-762,https://issues.apache.org/jira/browse
404,44cd641b4ecea28adc112ddf668380773cff9bb5,baa994c62720ccb45665aa215344cd03d8e64cd5,TEMP-762,https://issues.apache.org/jira/browse
405,7b3e823ede7db26dc12150b969d77ea86352b9d6,44cd641b4ecea28adc112ddf668380773cff9bb5,TEMP-762,https://issues.apache.org/jira/browse
406,6105336638ca348969f85155e79b5c058f1bc1b4,22861326c26a7feaa13f08f5cb8c8f68bedb1225,TEMP-4,https://issues.apache.org/jira/browse
407,ccc01ec3712a645385c871be07435bf402d36b5f,cfc3d1fb1ede13435ae236166ba185b114b4268d,TEMP-4,https://issues.apache.org/jira/browse
408,9506bec96fa891d50cf2791446f8643b2f60cfdb,ccc01ec3712a645385c871be07435bf402d36b5f,TEMP-4,https://issues.apache.org/jira/browse
409,1b2fa6a7277cd52a80d9fff6a61ad21a12fdee4a,9506bec96fa891d50cf2791446f8643b2f60cfdb,TEMP-4,https://issues.apache.org/jira/browse
410,c800d51a690002fda509fca1a4d29c1b45e4d031,1b2fa6a7277cd52a80d9fff6a61ad21a12fdee4a,TEMP-4,https://issues.apache.org/jira/browse
411,fa1c89f7e1828cad0e9aad16cba09dd14a1e1baa,c800d51a690002fda509fca1a4d29c1b45e4d031,TEMP-4,https://issues.apache.org/jira/browse
412,d9ad78065d83aabd67acd5a9372d5b7f8d03a712,fa1c89f7e1828cad0e9aad16cba09dd14a1e1baa,TEMP-4,https://issues.apache.org/jira/browse
413,6e9a3888a6ab8821c1bdb2d98b44c4680cad5ebd,d9ad78065d83aabd67acd5a9372d5b7f8d03a712,TEMP-4,https://issues.apache.org/jira/browse
414,f4223f93e4eae3b676311e2ecc581f1c9ae51fee,6e9a3888a6ab8821c1bdb2d98b44c4680cad5ebd,TEMP-4,https://issues.apache.org/jira/browse
415,d0ea299cdf1e2ee0a269eca97951ede4085aca0e,f4223f93e4eae3b676311e2ecc581f1c9ae51fee,TEMP-4,https://issues.apache.org/jira/browse
416,41e61322d6fb2a397a334dd5aa807ed4e967fa73,d0ea299cdf1e2ee0a269eca97951ede4085aca0e,TEMP-4,https://issues.apache.org/jira/browse
417,7d00a80c974480a786203c5c21f6339fefd0d317,00a102e8288500c9613d7afc08e8f593967f413d,TEMP-4,https://issues.apache.org/jira/browse
418,eea29254e4fadacd16b0ce2e856bf06d87f0e27d,7d00a80c974480a786203c5c21f6339fefd0d317,TEMP-4,https://issues.apache.org/jira/browse
419,5244e89e73cdf5c963e0741480a1436467db14a0,16c3a3297597214f7b1478db5799325ea114df88,TEMP-759,https://issues.apache.org/jira/browse
420,a340f1e7afcb11bf9efaec211b8f0a6e24d9116c,5244e89e73cdf5c963e0741480a1436467db14a0,TEMP-744,https://issues.apache.org/jira/browse
421,765e4ff8435e5a6decc42444362b697777dabfe8,74480a236248bc34f3420e8259d51e022a787ac1,TEMP-5,https://issues.apache.org/jira/browse
422,603d818735d66e9c14e21e60bc00fde7dab89259,0ee2a1ec2c93781ac9a303b4fb1cb43fc9e9fcf0,TEMP-744,https://issues.apache.org/jira/browse
423,9ed740b8bf92dd803382442c2ac1663a141ca560,1a37d98e3be124de8126c00201e2c03bbe3fecf2,TEMP-4,https://issues.apache.org/jira/browse
424,8b9dba531504aa1217f3983683557a344d29e625,9ed740b8bf92dd803382442c2ac1663a141ca560,TEMP-4,https://issues.apache.org/jira/browse
425,2c3cc6000151c61014693768471c7c6c84b9737d,8b9dba531504aa1217f3983683557a344d29e625,TEMP-744,https://issues.apache.org/jira/browse
426,ff66dbcf6e698cc229ed27ad8f981a8411c0a07b,2998309d723eace60baa3b603ed2c7d59881ab67,TEMP-1,https://issues.apache.org/jira/browse
427,c98fbe27b2822e669461a061ee916e7ce5bf188f,41326bf5266ecc6472bab28481b77cecd6f7fb5c,TEMP-746,https://issues.apache.org/jira/browse
428,e234e7d341b838b7331880226ada401f112a1e1d,7636080403ce45724aa001998eb19f5c8f84cc20,TEMP-744,https://issues.apache.org/jira/browse
429,866705e3c68d23fc37abcf62e63b62b3b4698610,76416c0ad837f2874ba7999aadacb236aebb79bd,TEMP-4,https://issues.apache.org/jira/browse
430,4c2f18af7fe037c328b7c0e3556d7194ce01d8e4,866705e3c68d23fc37abcf62e63b62b3b4698610,TEMP-4,https://issues.apache.org/jira/browse
431,1493ab204f548961fdc50ed3c874d9e2ccfd9532,4c2f18af7fe037c328b7c0e3556d7194ce01d8e4,TEMP-736,https://issues.apache.org/jira/browse
432,11425c7892db46c01edcb78929c283ff21288f5a,1493ab204f548961fdc50ed3c874d9e2ccfd9532,TEMP-4,https://issues.apache.org/jira/browse
433,f893b88f831545554770607f59f89933a7c7fb33,ef346b48b21ef133e7217b1c36babb6d941ad4f4,TEMP-1,https://issues.apache.org/jira/browse
434,16d92dc92384a881e5376364cd12f646b4d1f841,f5026c122d042e316fe1ee6314de6e8cab2708c5,TEMP-1,https://issues.apache.org/jira/browse
435,b2c23e46975679c1e9deee05e8d7fa59909382ca,11ecc04c0714276693c84471acd433852ec88ed5,TEMP-3,https://issues.apache.org/jira/browse
436,9c28c3538d59431a6d05141b6117eb94c59999ec,ad5b9b01497834d0710eb9fa00a4372c3ceb60ec,TEMP-734,https://issues.apache.org/jira/browse
437,99081448740c1bfdafc51d4b3ce14e3b3e6db405,b82ab99340a46e28320d6b48dd1d5e6fc3bce98e,TEMP-626,https://issues.apache.org/jira/browse
438,656312f90a5e59ca0e7a5ae7f17fe941877f3aac,99081448740c1bfdafc51d4b3ce14e3b3e6db405,TEMP-727,https://issues.apache.org/jira/browse
439,a7fe1f5018c53ed3af8af0d404a346117aefb958,d94ef57853be7ba79aa6d02afd6a72211eb62b66,TEMP-686,https://issues.apache.org/jira/browse
440,64dd0a070ba7d8a58a733a9cb7618d458bd670ad,a7fe1f5018c53ed3af8af0d404a346117aefb958,TEMP-686,https://issues.apache.org/jira/browse
441,85d6318351fefbb728bad2db16103dc24372240d,64dd0a070ba7d8a58a733a9cb7618d458bd670ad,TEMP-686,https://issues.apache.org/jira/browse
442,37b9565b26fa6a3c1224dd95af1e821bc30789e9,85d6318351fefbb728bad2db16103dc24372240d,TEMP-686,https://issues.apache.org/jira/browse
443,1a22532991dc57f1cbdb8dbd4021575b8230984d,5997452fe756861b9362f143c24fd4965ffcef3e,TEMP-728,https://issues.apache.org/jira/browse
444,96156936d8ac6b90d0cd437db03a3168ef10a44b,9fa142b1185f2895f0aad6056c9476a3c1e08a5a,TEMP-728,https://issues.apache.org/jira/browse
445,0bfa9cbfb86f2b47303327e41cd4143979e9cb6a,655c4427308558e9e6ceea6154ae3539005b40ae,TEMP-4,https://issues.apache.org/jira/browse
446,d4319b1c171135b4d94f63fda5c524e32f6b8cf6,137d5f6753af78dcb14a83912a4628e9faa9539a,TEMP-728,https://issues.apache.org/jira/browse
447,c04611f260fc57a6cb00aae0db8c4d7a4b9bcd3c,d4319b1c171135b4d94f63fda5c524e32f6b8cf6,TEMP-4,https://issues.apache.org/jira/browse
448,4c2ae062ffa6ea69a3df1b7fa9d421088384f753,c04611f260fc57a6cb00aae0db8c4d7a4b9bcd3c,TEMP-720,https://issues.apache.org/jira/browse
449,8a3e8603455c6dbfc595ab7a7e4a32f171a8b245,2c1b5be146585dc8b27aedebca959f92da19094e,TEMP-720,https://issues.apache.org/jira/browse
450,c023bfb593d32144f4511079dada681e2e8142d2,34a6449c90a3b6074111a6bcbd31ad00ac1570f3,TEMP-7,https://issues.apache.org/jira/browse
451,262c708b91dd3de1f892a7c4d198b3cafc319b02,c023bfb593d32144f4511079dada681e2e8142d2,TEMP-7,https://issues.apache.org/jira/browse
452,fab64bbdc726cf06c5993b7b8f50557882086002,14373ad1b11e5dc3a26457647ddee4e8ada97430,TEMP-5,https://issues.apache.org/jira/browse
453,f3fbf1e4fa8df034c0fc56afbbd1ae981e3532b4,fab64bbdc726cf06c5993b7b8f50557882086002,TEMP-5,https://issues.apache.org/jira/browse
454,458cf9df78758efa231c0c242dc7a9a34e92fef7,d70baf13700b6cbe664249322559b64dc44303c2,TEMP-710,https://issues.apache.org/jira/browse
455,6be2343397b8192fc1328da21962dea27a8b2422,9642e11aac22ad1790fcafcc6973605581bb4cb5,TEMP-710,https://issues.apache.org/jira/browse
456,765297b79ccb4781350fa85fba4a4e0b7e048943,e883181ff49d3fa76853e88d4eae1633e0cc383d,TEMP-4,https://issues.apache.org/jira/browse
457,c55cbbdd8cb9dd459a9cc18d8a54600f3f5e83ea,765297b79ccb4781350fa85fba4a4e0b7e048943,TEMP-4,https://issues.apache.org/jira/browse
458,bcdfd12ebcde17295398b92a498b75cae9adf8a7,c55cbbdd8cb9dd459a9cc18d8a54600f3f5e83ea,TEMP-4,https://issues.apache.org/jira/browse
459,23a71e792bf4ff7263d196047c2f378e888ce04f,8914d7f617f78aae8c85405856283c98d4e43990,TEMP-710,https://issues.apache.org/jira/browse
460,f5cb67acd964ee173967081205eb30c43ba585c3,a80f11cf9d02d2517c7f230f24949cbebaafc0c2,TEMP-703,https://issues.apache.org/jira/browse
461,aed9a4bd3128ea0568c5cfa0dfc031e753e85752,ad9769189189fe6129eb1bf7ce8fcc7186e2e691,TEMP-1,https://issues.apache.org/jira/browse
462,9d619172ee34fa3b80400f25477acd5aef8b02de,5a7a09256e67ae8fde1a407d51fae326b973af9c,TEMP-693,https://issues.apache.org/jira/browse
463,7271276871aafd1da94fab687671e6728439abc9,e00c223382705697c0c92ca5bb831d3609ec6300,TEMP-3,https://issues.apache.org/jira/browse
464,ad83272aa8016522764ec98e6acecc7c4ef55803,7271276871aafd1da94fab687671e6728439abc9,TEMP-3,https://issues.apache.org/jira/browse
465,079cf8b020b598b934a4d4703afbbae5777394cc,8256dbef70e46559c7789be92c0a74dcf62d37e8,TEMP-3,https://issues.apache.org/jira/browse
466,7e73ff593fbe69ac9cdafbe7a17e27f2ed338f77,d827bb76041a48c4a591a29017da765327a28265,TEMP-691,https://issues.apache.org/jira/browse
467,aaadcb2b542e210caa2e426cc841fd051542deb1,0734a04ca729c6565ac5e5238bc6188b89aef37e,TEMP-5,https://issues.apache.org/jira/browse
468,edcfd40d71568a47b7b3dd857265517f8a5c3df0,e5b0844c4f49d5913f54bb5982284f5e7b76240a,TEMP-3,https://issues.apache.org/jira/browse
469,dd84146bd1453e283b3b49653461ee5077f1c296,edcfd40d71568a47b7b3dd857265517f8a5c3df0,TEMP-685,https://issues.apache.org/jira/browse
470,b4e69a6efc245c07bdd2ce55f9c80b6ae16544a3,3456b2b6b1e27751bb9b4770e3bd0a6545afe1d3,TEMP-682,https://issues.apache.org/jira/browse
471,15d50cf864c13468d81c7b2370ac5c8a7dc26d16,3c4f60d71bc4bee0158d713be93c2151411d2e98,TEMP-428,https://issues.apache.org/jira/browse
472,4a29061ad70319e9545f71d208327db3e4192b5e,d34dce48e5cd02ef1f078a939741d79fab3c39d0,TEMP-676,https://issues.apache.org/jira/browse
473,a655a3fafbc535b09fa0596635d2c87cf48c428e,3e5d5dc9c0a5047152eedb802bc008ce78b8de0c,TEMP-677,https://issues.apache.org/jira/browse
474,8106d2c387ebefb867f6e4e4fbd232b799a84bf4,d0574706e1517169c447f87607bca368eec2e56c,TEMP-1,https://issues.apache.org/jira/browse
475,b9f45d533f177ac31a02ef3e56ecde0bc3ab241b,f7d98dc6ecb5f9c5ec04c7904db2c9c897042cbb,TEMP-2,https://issues.apache.org/jira/browse
476,8ae1df8b87c1b3ac6b9e5e8d7c83340b8cb5efdd,c2ff15b0d0fab64cfb73555cf7d6962c2d093348,TEMP-1,https://issues.apache.org/jira/browse
477,f0df931ba004e5031e79ac53e2b5e21eb0e0b258,8ae1df8b87c1b3ac6b9e5e8d7c83340b8cb5efdd,TEMP-1,https://issues.apache.org/jira/browse
478,2be456f665e193c6fa7eefb838da858b57935c58,9ae054b7c894706fcaea519a14f48cc773835069,TEMP-624,https://issues.apache.org/jira/browse
479,ead7d965e709182157694490c8bc8d744ec64161,2be456f665e193c6fa7eefb838da858b57935c58,TEMP-1,https://issues.apache.org/jira/browse
480,367e00e6ef373df1640266d39701042203d3f37f,9c6d3ea78fa936c8eedbd72236fe3f6e217c2b96,TEMP-672,https://issues.apache.org/jira/browse
481,2270d830fda743de1ce8a61e33b9542cb39a0f4b,345b4836f6e34ba29564dbead73ede2f2309aa74,TEMP-1,https://issues.apache.org/jira/browse
482,7e8d044b7b8c6d2786a88f416d17eed2f472445c,2270d830fda743de1ce8a61e33b9542cb39a0f4b,TEMP-662,https://issues.apache.org/jira/browse
483,ad00f97f0b41ebe2b87f51ba8cf05003b200e390,1330e9dad70336423e7f52f0a0f5f97c107d620c,TEMP-1,https://issues.apache.org/jira/browse
484,9e25b87af544a08e145fa4bb345b182e002850da,ad00f97f0b41ebe2b87f51ba8cf05003b200e390,TEMP-1,https://issues.apache.org/jira/browse
485,66e42dc8b43d37ff011de69586f8e6764c4b3164,249788d799ca1c3964062bdc5c19a51ecc05c2f7,TEMP-636,https://issues.apache.org/jira/browse
486,7df70a8c6b14452767ac932a14640e32a1dc16da,8e2f4ddb9a1ecd7a1bf7d752c2c891d630287036,TEMP-1,https://issues.apache.org/jira/browse
487,7e818c5afa29425a455b858f6acdee6606ed7a0a,c02c326324804e04d49c99d2ff6750dca9a74ca6,TEMP-666,https://issues.apache.org/jira/browse
488,bebf1a53f744bd591c692ef2b721bd28078bb029,5ad967885adac9bffb6cc693812507aef717221d,TEMP-666,https://issues.apache.org/jira/browse
489,ea623e575eb48564459e840a3ec130d65e370339,e8138eafe70f279427dbcecaef564613ad27aa90,TEMP-381,https://issues.apache.org/jira/browse
490,44dbf85b6a7156d550ba62210412015058336281,dd5f8ea30755268dc43bbf2cd5024412674eb1b0,TEMP-658,https://issues.apache.org/jira/browse
491,a28a5c875f333849579a95ec29804f4bdb77e925,c8c7a0c491f3b18f086f10809ffb11ab7f02db52,TEMP-658,https://issues.apache.org/jira/browse
492,80a39fba9b1df6b208e57f4dea84c0f24e311a82,c5710ced50246219302de8e52754efbcd12380e7,TEMP-656,https://issues.apache.org/jira/browse
493,4870fd13a29741b18dd428cf3d43192db5799416,8c19964d550de8c0cc11bfb4de33f07b1f9259b0,TEMP-629,https://issues.apache.org/jira/browse
494,f7f19a3d2f98f48924d38fec2308dc3db83445d8,14a0cc2a9baf84a97348263975082ef3857daf97,TEMP-645,https://issues.apache.org/jira/browse
495,1db9c37e95112a2b796e8d58253f48de8f4816c0,f7f19a3d2f98f48924d38fec2308dc3db83445d8,TEMP-596,https://issues.apache.org/jira/browse
496,c544542bdad4b55b9244255235a7e34385d6405c,1db9c37e95112a2b796e8d58253f48de8f4816c0,TEMP-643,https://issues.apache.org/jira/browse
497,80057a6f04dbfc89ad446f794e7c9cba4b95fe1c,782e48d8e0d201c5c6d745cf4ebd8f11225e8c5e,TEMP-643,https://issues.apache.org/jira/browse
498,c665dd600a72863393a0033856e6939486bf3fc4,2e4aecf0d01c4dd6029bbf5f417b47bda50b8e44,TEMP-4,https://issues.apache.org/jira/browse
499,bbcba273ad4322e76a90bcb867cbea108134717c,50c1fdecb4ed33ec1bb0d449f294c299d5369701,TEMP-638,https://issues.apache.org/jira/browse
500,b74e64b21151a4d959e469c59260e1e4b5cf155d,3296f58f71d24f00b54c9565bbdf1db32e238221,TEMP-1,https://issues.apache.org/jira/browse
501,05fbbf646dd2af475b9d45409a54f26d2992fe29,731c0040fe325d143d2edc24606d20791c8e2748,TEMP-635,https://issues.apache.org/jira/browse
502,0a7381942ca183a63750cdcdcad6a6ac5c9aa95d,76c250987d52f4a956c6e617aea3481037bdf71f,TEMP-630,https://issues.apache.org/jira/browse
503,2055022644c738d77c910cb4737f05f823e29dff,26cc12705ef31fea0c64fcee0305a8712e7fb30b,TEMP-628,https://issues.apache.org/jira/browse
504,5e9fd18a887eb071a42983a8c6df1ae3062f3a88,2055022644c738d77c910cb4737f05f823e29dff,TEMP-631,https://issues.apache.org/jira/browse
505,e0020ed3d62061835c0ff70853ccfde21ae50ae3,3abcada25b07f378a09d2f233cab8e2884ecad2b,TEMP-628,https://issues.apache.org/jira/browse
506,bef3eb6ed060d5ae14da6ce5a1909675b8cf5650,e0020ed3d62061835c0ff70853ccfde21ae50ae3,TEMP-623,https://issues.apache.org/jira/browse
507,c0041cafc2fda3fb437009d5417ba5ebeb32ad35,bef3eb6ed060d5ae14da6ce5a1909675b8cf5650,TEMP-617,https://issues.apache.org/jira/browse
508,590867417dd3fb1e33ccbf40ad7a941dc4bf0861,c0041cafc2fda3fb437009d5417ba5ebeb32ad35,TEMP-617,https://issues.apache.org/jira/browse
509,2d9a9ae59fd3b753e05903f63641eff1203f1bd1,eb79f7c6f37d0d9c4d9252b1020bc19a617a4d23,TEMP-624,https://issues.apache.org/jira/browse
510,b24ecd60fe9517bef1d6342e479e9bc3d85ef692,2d9a9ae59fd3b753e05903f63641eff1203f1bd1,TEMP-624,https://issues.apache.org/jira/browse
511,2241a1abc9615c7b92206afb5026ef21d405175a,b24ecd60fe9517bef1d6342e479e9bc3d85ef692,TEMP-624,https://issues.apache.org/jira/browse
512,2621b9b3d68198a504bcf36cad8b5a0a420b4bc0,43a338ac6cc64e4936d10fb454dc86a1caaff5a1,TEMP-2,https://issues.apache.org/jira/browse
513,22c4e1988e45f19235a40df46f859cf055a02fa5,f323edb0267be020cdceac80aa0a279a08164bfe,TEMP-3,https://issues.apache.org/jira/browse
514,cfff2579f5cd4e92c46f8790b9185a45e91fd783,1a60c21395fe7648188d1c91f62ac7baefa12742,TEMP-606,https://issues.apache.org/jira/browse
515,53d9ad9ffba73e38af2e32ac4fc718da943bb1fd,cfff2579f5cd4e92c46f8790b9185a45e91fd783,TEMP-4,https://issues.apache.org/jira/browse
516,79f7a7ef529ae656a80f7e331f75e79999cef7ea,bc52782cd84f4356d2984e1aa01806f81754eb08,TEMP-607,https://issues.apache.org/jira/browse
517,8a8859cb88a49a8b967217bfc1daafe0805e7c86,1ced894df70d66f3a786c2c8cd6e23e0d4263d91,TEMP-607,https://issues.apache.org/jira/browse
518,7cfa8a932869b98c3737f4ed41312d92eb50d636,7f23ec3d90422fbc36b7d78f399562686ff6c2eb,TEMP-602,https://issues.apache.org/jira/browse
519,8c16b39c3d0f4acbb80ad22f2a763bcf6b6d6d0b,43fca0d7499c99f9e82e0ee2e52b81acdc954f2c,TEMP-2,https://issues.apache.org/jira/browse
520,10cc16fe820d9c9a9acf66a717ad1d7ea4afaa4b,1b5c1b43711f155e8431a5eaf23ff9941760ae61,TEMP-1,https://issues.apache.org/jira/browse
521,779828c9a2bb5c38c2cd99c2596ff8ba6b755dd8,ab759f7d065e7ed2e95cadfacbae717f6f796efc,TEMP-1,https://issues.apache.org/jira/browse
522,2fb9e71da695f4ffc1d390209944399b12c53a5d,1f35e7c99b66b8d46c4ad96558e694a10aa38062,TEMP-586,https://issues.apache.org/jira/browse
523,5d5a31a8274ff7e8219ee87fdd15b48c2184ccc0,8f675dd3cbfb8f552bdbbe1cfc646ba5b367983b,TEMP-587,https://issues.apache.org/jira/browse
524,5c3ec55e15922c58bb2f39145de9fe641840bb50,a2bb711aee6621b21cdd22e6d7e4bff2f7236235,TEMP-586,https://issues.apache.org/jira/browse
525,c98d0840bcd96c7c4dd79d6299f0429c45a476ee,5c3ec55e15922c58bb2f39145de9fe641840bb50,TEMP-586,https://issues.apache.org/jira/browse
526,6b4cb166081e019b87cd2b5a273a1567d3aff545,63ad5b063eab2a38de5b37c64b1a692a749a030f,TEMP-585,https://issues.apache.org/jira/browse
527,23f508095004cc7215cdd6fc4b15e8d6192f8d1d,6c53b134b66d9670114247b022b25a60969900e9,TEMP-585,https://issues.apache.org/jira/browse
528,240b7a92f63bec0a81ec8707e6b08115da368590,b92a2b5b0c9062a9110db350798320c812763aca,TEMP-5,https://issues.apache.org/jira/browse
529,8ea4582e2c0f6175bc23e3b37cf42dd9e41fdf3d,1c5b51d6a670cbaca5879d2d5ac11531627d5161,TEMP-584,https://issues.apache.org/jira/browse
530,01067903aaa19b633836728922c5c215c4f9b5f4,6913747d7d3cb4ec3d32b8bf85fd34061e306210,TEMP-481,https://issues.apache.org/jira/browse
531,13bdd203ce73b538c3fbda8e3b83cda08c3e850b,01067903aaa19b633836728922c5c215c4f9b5f4,TEMP-571,https://issues.apache.org/jira/browse
532,54c0f6ba9e6555146d0dad51bcb5c4ec581e21da,b777356fa3d779ae7bc73e61dc091c7c9e775900,TEMP-564,https://issues.apache.org/jira/browse
533,a5dc7f1e68f735d0f989a10c521bbc0f6c1ef3ae,54c0f6ba9e6555146d0dad51bcb5c4ec581e21da,TEMP-571,https://issues.apache.org/jira/browse
534,8860c37b9d2b5467e7527ff41c01eee34e583a82,a5dc7f1e68f735d0f989a10c521bbc0f6c1ef3ae,TEMP-481,https://issues.apache.org/jira/browse
535,a7b7e114617d2e6bda2efdce17a01e78d2629579,491a1d6e885c8e13d355b465942c2c6bdf1ed735,TEMP-581,https://issues.apache.org/jira/browse
536,86e893cc6dded5eeb6f8bcf9f6c26bef8d3f4441,9a5da72bbfa659d2c4897f4454ddd8ceef13a8e3,TEMP-581,https://issues.apache.org/jira/browse
537,8d518b77862b11c5fe074540e86c6a835ba01be4,5494a87bbb6d6b6f0d176d0c93e4f25718ed3c2a,TEMP-575,https://issues.apache.org/jira/browse
538,2493294550277183d859dd20dd9489069fc749e2,72e4ab4b004482fa709de9c4c951ae9485ff1ea3,TEMP-494,https://issues.apache.org/jira/browse
539,d7a5c761704b271a478b05c97e709260b5e68ea6,1fe031e6ca563c09657c8d43dc10a68e6200b675,TEMP-4,https://issues.apache.org/jira/browse
540,00a4628d4e65d002fc11dee7854a020d5d8eb8f0,e6e7f16e570f18518fad49c72547a3965e1bb8d4,TEMP-1,https://issues.apache.org/jira/browse
541,1a433d2ec7b5b85b541e213b0d1e69b9e91a56b9,ebfb96b0a95557559dc801fba31efc260ab24744,TEMP-1,https://issues.apache.org/jira/browse
542,506bd018b3ca638cd0c9d1bdad627f6468a05bee,26bc3fe010d5154d3ccac526ec22c429fc3af499,TEMP-2,https://issues.apache.org/jira/browse
543,352a4ef2a35a1e7b446056738667147a3de3a316,5739bba3eb84dea3ec3d888bacd28667c9a992de,TEMP-568,https://issues.apache.org/jira/browse
544,8fdfbff87c84f2005eb8fed6939e5fa835315113,e5ccf096569244af25820f7d8d94893fff00ce8c,TEMP-538,https://issues.apache.org/jira/browse
545,ed3d84438bd4a2fed15926c31ef23f63df977cf4,8fdfbff87c84f2005eb8fed6939e5fa835315113,TEMP-568,https://issues.apache.org/jira/browse
546,fd7450f301d0fd47892c6d9ee4b2cf6b7197d272,ed3d84438bd4a2fed15926c31ef23f63df977cf4,TEMP-568,https://issues.apache.org/jira/browse
547,eb2b517b466efb38d591be80728924fb22745333,2f8f67ab2939f1c23f09c8764e04ea2da0479332,TEMP-567,https://issues.apache.org/jira/browse
548,825481f019e4482e5ea74d5b0b5e5c438535cb68,1b85d8ba9e7bea6e4c7742b57bf71c38f1bf0a27,TEMP-530,https://issues.apache.org/jira/browse
549,91ac16e0b4a74b437d86c2dd7a47272105b4317c,825481f019e4482e5ea74d5b0b5e5c438535cb68,TEMP-538,https://issues.apache.org/jira/browse
550,8f80cedd8c41c7d2163a1be04033a1b2e36ea06e,db9b110a7e968bbd585380e4d9289ab56f965fd0,TEMP-564,https://issues.apache.org/jira/browse
551,dafb8e85dcb76a299c6add11ecb62acf702d6c2a,56550bf2779990da78d2bac1d8287c8a693c6e4b,TEMP-552,https://issues.apache.org/jira/browse
552,0c6c23076f2c09e863c987923c0af54320adb785,dafb8e85dcb76a299c6add11ecb62acf702d6c2a,TEMP-1,https://issues.apache.org/jira/browse
553,56463552475746e982e46f54c1b18487ef434c17,9adbbb0bbfe1d76549dd8b6704f183dacb1de29f,TEMP-393,https://issues.apache.org/jira/browse
554,a3e3a0b08ff2d44398e072cb789efc9fa86cface,de820ce1898aec8e7d047b41cb7a11e5239de297,TEMP-487,https://issues.apache.org/jira/browse
555,bf626b85ba69501c4b9d75f1473b9083872b31f3,77e3dcc393f7388b0c747c2483aa57ba3510230f,TEMP-487,https://issues.apache.org/jira/browse
556,61800cce67d1dc1c9d3096d631541283e21ef664,d55299a0554375f3f935a0ff85bd2002faa2ec55,TEMP-487,https://issues.apache.org/jira/browse
557,7d3fbbfd43ec66fab190b29db9f7e157791de37f,711e204e73f24e32acb3727a5d9d3b351b6639d1,TEMP-432,https://issues.apache.org/jira/browse
558,bb8709f3e30e7c13530dfef458a4c370783de2be,2dc56182579703153e5c9886b3ecd22bbc348b49,TEMP-535,https://issues.apache.org/jira/browse
559,169a20fb98898d3d6763796896c735f23da07c6d,1e282a96432db07339b0df337a9284d9d4b39f73,TEMP-4,https://issues.apache.org/jira/browse
560,02f510c2043c1e25cc412777ecc2e3e4f648316c,ab66a1d87cc37e41940bfde98a55066c35ca0f75,TEMP-481,https://issues.apache.org/jira/browse
561,d836af99d265ab95d4c5550f44d0830499598e59,62aef1a558a21c8354bce60254329ba60b69f191,TEMP-474,https://issues.apache.org/jira/browse
562,0bfa6b451ea7fc307904d0d27f853354a60bd4ba,dff12292a01ee4f03e6f0bf318087790e325220f,TEMP-421,https://issues.apache.org/jira/browse
563,0331f1e5b62feac6500eb2e76124f20f9aa36aae,0bfa6b451ea7fc307904d0d27f853354a60bd4ba,TEMP-339,https://issues.apache.org/jira/browse
564,c404121979002fca1140b90fb909157549de286f,8a57de11eec842e392f7709eb56f202084998a40,TEMP-2,https://issues.apache.org/jira/browse
565,3d2c545acb66164dc127ad6b3abab44bbdb6de44,a373714575fe012506713e15ba5ebec45ba23bf4,TEMP-5,https://issues.apache.org/jira/browse
566,73ac4a02898dcec70ae20e68dd21b2a23d08b478,3d2c545acb66164dc127ad6b3abab44bbdb6de44,TEMP-5,https://issues.apache.org/jira/browse
567,07c1324202bfa5a60de6ab41777186d0050e3cd7,9adc5370131a4dec49880767ac5e3041162603b4,TEMP-1,https://issues.apache.org/jira/browse
568,c57a47f9cca4ec1e443993f64f641cf8b687d119,e8512544ed84787dec4340dc2cfcff86ec24da3b,TEMP-369,https://issues.apache.org/jira/browse
569,784a817fef0bcd09432c32e54bf80d972d3d15bc,69d0399fcde71d0079b1e994338450516969a31b,TEMP-3,https://issues.apache.org/jira/browse
570,bcf6e9d662ea40114d0908e98d3bf10db4c95309,784a817fef0bcd09432c32e54bf80d972d3d15bc,TEMP-3,https://issues.apache.org/jira/browse
571,ef718fccdf9c952935f3e8ddaf1b2cb6b56cb17d,cb8a0d43eade243f6bcfb391bb5865b0d49366e0,TEMP-478,https://issues.apache.org/jira/browse
572,c0683957931ffa3df218ff68ca31e257174a6466,ef718fccdf9c952935f3e8ddaf1b2cb6b56cb17d,TEMP-1,https://issues.apache.org/jira/browse
573,00fee20efcd5d1e79cfcac501f19f2163a34fd09,c0683957931ffa3df218ff68ca31e257174a6466,TEMP-2,https://issues.apache.org/jira/browse
574,eb8b39b145d863e8fca833c13479e466ad405c61,a38e2e942d622c1a84ed35bedb9aba045db7ab79,TEMP-477,https://issues.apache.org/jira/browse
575,a6a2d04877d91a4c7cfff889bb64e2627ca60994,b1e8a26177324ece7c786da8cd063076bc131ea1,TEMP-464,https://issues.apache.org/jira/browse
576,9d8846081ae80d36ca8da223dac2d1e116b0af33,0d0061f247b9c28b59b1af7e7a10def74718ac94,TEMP-457,https://issues.apache.org/jira/browse
577,3ed99652c84339375f1e6b99bd9c7f71d565e023,fa436d849d61af287341e329f03ea6c16b405cae,TEMP-460,https://issues.apache.org/jira/browse
578,6f27e9bbd119e419fa417b9446abe7aae0fb9624,3ed99652c84339375f1e6b99bd9c7f71d565e023,TEMP-459,https://issues.apache.org/jira/browse
579,08c4a79f5cc33936af98b96dff9ce63bdaa89677,db5c7106a44107b94332ee6844514b003f538a51,TEMP-440,https://issues.apache.org/jira/browse
580,b57e9b6fd4d496329ec540f3714dc1ca18138aad,08c4a79f5cc33936af98b96dff9ce63bdaa89677,TEMP-440,https://issues.apache.org/jira/browse
581,e1981a5d7be894993549cfc9ed03ab1527d7b634,8fc1df022706e6e4530ef4d0bc3cf05433c8323a,TEMP-432,https://issues.apache.org/jira/browse
582,4342bd5d69d122a16c735416039b4b2ca27897ad,e1981a5d7be894993549cfc9ed03ab1527d7b634,TEMP-302,https://issues.apache.org/jira/browse
583,04f767b393b5849185f4ddf8f7ae8fc0b255e9bf,4342bd5d69d122a16c735416039b4b2ca27897ad,TEMP-419,https://issues.apache.org/jira/browse
584,e0da000caa33b68fb9c95747f3291da12c2b5749,585e4c6eb3a49dbbd18f39acc4c94d5d64100eff,TEMP-436,https://issues.apache.org/jira/browse
585,04e9eb14e7f5dbf55ba41819b9cb2d2f0c3c4b55,e0da000caa33b68fb9c95747f3291da12c2b5749,TEMP-1,https://issues.apache.org/jira/browse
586,8c7546be279b0d82696d5a4954aeaf3820b18ac5,504af2f2ede9930c6e8024d8f9794228e11528fe,TEMP-2,https://issues.apache.org/jira/browse
587,290731e74615e26de11fb8bd3858402ea1c514ca,8c7546be279b0d82696d5a4954aeaf3820b18ac5,TEMP-2,https://issues.apache.org/jira/browse
588,19d3272300f303e4e9ff7ba250078ef882543823,290731e74615e26de11fb8bd3858402ea1c514ca,TEMP-2,https://issues.apache.org/jira/browse
589,65b5dc69db3bfd08b4392dcee16fa0542b097812,dd0deed066e728d7b09e5fd69855c5ad7bf6bdb4,TEMP-421,https://issues.apache.org/jira/browse
590,7066ec40d6660023bd5388efa8adcc211049dbb4,bb8b6f4b0c54f25024b17d1f2abcd4bb98289983,TEMP-418,https://issues.apache.org/jira/browse
591,c7b0550bbbc09030a3e017e0da234b88d91a0ab8,986e79355c9bfdd2ec2b92fb0a09a9ce3a8b82a4,TEMP-1,https://issues.apache.org/jira/browse
592,7fa45f43351875467a46cb0a0f419b750d0476c4,dcf024f3aaf8ba051bfa5a1a2bb904051093452c,TEMP-1,https://issues.apache.org/jira/browse
593,c4e8add68006baa007cf2d40d7cbd67773576dff,c1bd325d94e06c23343b40a260cc7a2bc00e99af,TEMP-1,https://issues.apache.org/jira/browse
594,2bf414912384ad5becffe424321c58f495d7681d,c4e8add68006baa007cf2d40d7cbd67773576dff,TEMP-1,https://issues.apache.org/jira/browse
595,d86a278500212fafbfe7bd7533a54a2cce6ae66e,52a903c6912787fb200722d8286fdabd047d8358,TEMP-1,https://issues.apache.org/jira/browse
596,1fe5439baf32af2114958e3cfc3512bd72c84773,5cbca4d5f5a2acfc92670e2bbe46491c442c4234,TEMP-410,https://issues.apache.org/jira/browse
597,004d7b3e8feecb63cbc2daec0728666cea50cb23,11fc6950e92aee644fa1d7f6e88a9ee4184f8c74,TEMP-2,https://issues.apache.org/jira/browse
598,b0b8356b0b89d8a8d9848e6041285399402ece53,531e28e3569c304a0ad92e5e5f1ecbf2452651d5,TEMP-2,https://issues.apache.org/jira/browse
599,ee3839f5f499fc5707e135265949a72a254b3c42,57c6a6e832301b057cd6bd0e2b70c8b875353356,TEMP-1,https://issues.apache.org/jira/browse
600,85dda0d25a38d7a2ce815c042a7eb3e0b905addd,987884580109731b46c23e2c6325bf9468faa5c7,TEMP-2,https://issues.apache.org/jira/browse
601,535546eb38cce709130e37e9d7781b66dacc83dd,d3e28b68028d11b310ba51e0a783182b31db2d6c,TEMP-399,https://issues.apache.org/jira/browse
602,ea4ce1628920e69f9474157e0a31e3250ee2ef48,bee5b923c54e59f877d392e35cb04ab62484c723,TEMP-381,https://issues.apache.org/jira/browse
603,20817861c9123688862d47ba4c5833d8ef576e59,dadd5e0130428e1e427bc45bb562162d20732de0,TEMP-1,https://issues.apache.org/jira/browse
604,426bd462c929e0ae6318f1184af92662ff6c2d16,20817861c9123688862d47ba4c5833d8ef576e59,TEMP-1,https://issues.apache.org/jira/browse
605,524f1518d9327d3f0cfe12a76ee2001208c2f9e3,426bd462c929e0ae6318f1184af92662ff6c2d16,TEMP-1,https://issues.apache.org/jira/browse
606,686f2f611ca1ff5ad61852dcb19c0d4bf63703a4,524f1518d9327d3f0cfe12a76ee2001208c2f9e3,TEMP-1,https://issues.apache.org/jira/browse
607,b952b755269a7018f509e3e791f9c7b7f56363a0,686f2f611ca1ff5ad61852dcb19c0d4bf63703a4,TEMP-1,https://issues.apache.org/jira/browse
608,0d575a69528f42fa52aaeba1128bb7818346d8e4,b952b755269a7018f509e3e791f9c7b7f56363a0,TEMP-1,https://issues.apache.org/jira/browse
609,673385b43d0d5783039242460ba1c12b3f1f4e92,0d575a69528f42fa52aaeba1128bb7818346d8e4,TEMP-1,https://issues.apache.org/jira/browse
610,dab1bdfc0fec1d45def7d4e4870dc207bd954686,673385b43d0d5783039242460ba1c12b3f1f4e92,TEMP-380,https://issues.apache.org/jira/browse
611,b124f18766f51c51d48631b4469579b7c3216884,dab1bdfc0fec1d45def7d4e4870dc207bd954686,TEMP-380,https://issues.apache.org/jira/browse
612,92c1e884cbd43b108ae0fe3cc530cad298cd8924,deae2ba23824971dea68c2aee5648a99d9cf1856,TEMP-1,https://issues.apache.org/jira/browse
613,833e5bbd076bb84f5b93d52daad1ce0b7adb07b1,272ca375e3844e7ba13bd0290783121a60775c99,TEMP-376,https://issues.apache.org/jira/browse
614,f001010ccd4a184f40afc7fabc4a949c681c7505,70e7930e89b2a0fffecd2e155ba321e66ba36baa,TEMP-1,https://issues.apache.org/jira/browse
615,220e829b704c7dbdc57b0f5aad4aa73717e59e11,d6d01e857dd60da014377cd4102e7d1a2b24e611,TEMP-2,https://issues.apache.org/jira/browse
616,f7a005e41b55215aa91c0fd244878f0fad11ec53,930b389bac634e55f2ab7b255b5d7da5f6750057,TEMP-372,https://issues.apache.org/jira/browse
617,659b20c0375b574a5d2b9e14f66c975405bfee42,f7a005e41b55215aa91c0fd244878f0fad11ec53,TEMP-372,https://issues.apache.org/jira/browse
618,e220a58ff2d8017cc8b378e36e92695af30a71e7,659b20c0375b574a5d2b9e14f66c975405bfee42,TEMP-360,https://issues.apache.org/jira/browse
619,9926e31ac18525994b8a6866e2437d975f710bf0,ba320a3bc75cc4754bbf8157bf21c237589d7b17,TEMP-369,https://issues.apache.org/jira/browse
620,f58c863e0b0e50aab6a86f5f7a63f24f16f5d92b,9926e31ac18525994b8a6866e2437d975f710bf0,TEMP-353,https://issues.apache.org/jira/browse
621,4a76e1879790126ffcd544d3f4051a70407c866c,f58c863e0b0e50aab6a86f5f7a63f24f16f5d92b,TEMP-353,https://issues.apache.org/jira/browse
622,157ae91e13500d2733be2408a41425de53f06405,565d75665fd6eb993b840f2e1b1f2dbd0b9e1af7,TEMP-1,https://issues.apache.org/jira/browse
623,127e6e338f088b82eea1967d31c1abf8d51a364f,72f88548f894fc941bc847a27a4b451c6d97b255,TEMP-367,https://issues.apache.org/jira/browse
624,43cf3f491e7b9b42dc4a5fa4d7bc00cef1d38f7e,127e6e338f088b82eea1967d31c1abf8d51a364f,TEMP-368,https://issues.apache.org/jira/browse
625,9da40ba6b5bcc7b6071fa7fe11eaeb1b97e53d81,796b898281af571a510d96487dcd95699ac1e435,TEMP-365,https://issues.apache.org/jira/browse
626,c22d9d59e5b86c33f91d7fa93d71cdc514c2edd9,9da40ba6b5bcc7b6071fa7fe11eaeb1b97e53d81,TEMP-353,https://issues.apache.org/jira/browse
627,ed7e9b43494e490a51c25c410b2950005fd685ea,c22d9d59e5b86c33f91d7fa93d71cdc514c2edd9,TEMP-363,https://issues.apache.org/jira/browse
628,1cc66e3095828e364dd87721cf8b42636e35f011,ed7e9b43494e490a51c25c410b2950005fd685ea,TEMP-364,https://issues.apache.org/jira/browse
629,bb7110e108f0ba4853070e1a5329ad5b2824b4f1,1cc66e3095828e364dd87721cf8b42636e35f011,TEMP-361,https://issues.apache.org/jira/browse
630,2ca0eff93cff4f4897d9346fe52fa59961f73352,60fe05eb7a32a4a178f4212da6a812c80cedce82,TEMP-334,https://issues.apache.org/jira/browse
631,2730ae5394f74268d01bda5a0489ea3204744b9f,7fc38e82ece99ff4043626ba19b293fc7af86264,TEMP-342,https://issues.apache.org/jira/browse
632,2dfca4a424fe60e2bbb99cf5e0a5f9352142cc08,050fe8e916507c9716983868284d64e58c1b56d2,TEMP-346,https://issues.apache.org/jira/browse
633,77a3c20bc0f30ca44f30aadad7f8ef0bc2528d0b,75d931a3264b73caa9cdd7d3373375cc33008ddf,TEMP-328,https://issues.apache.org/jira/browse
634,6c0c39eb4d49d63992e299561801512a8ea37247,1b19377446a14622ac5d05c3f8d7dd9c8e5ef15b,TEMP-320,https://issues.apache.org/jira/browse
635,de4952beaffe469b05f545b90344675e1889cb48,b16235ad108c4fcdb7117493394d26d2f0faeace,TEMP-315,https://issues.apache.org/jira/browse
636,71f6a5a117e07f6ef19f09f489f595368533bf1a,3e718fdb1bbca377d6b698d49b1e70ee9834aebb,TEMP-314,https://issues.apache.org/jira/browse
637,87ee821a5d73b836d89203e15cec2ea86cbe2992,ec4a0fdfac5f8e27aec46f9e04a255cf31b40686,TEMP-69,https://issues.apache.org/jira/browse
638,801f084e8e61722924395f9cac3868e9b2f6ede3,87ee821a5d73b836d89203e15cec2ea86cbe2992,TEMP-313,https://issues.apache.org/jira/browse
639,a1dcdfa2a634ad418c2f82a657ca029313a81070,0e07a3b09931406bfbd7653182b937d8e23d2d66,TEMP-102,https://issues.apache.org/jira/browse
640,a9ff534b3686e649062b04ad519a9e8b09a9f76c,640d7cf079ccdb35d92d2c598cc9502124635520,TEMP-301,https://issues.apache.org/jira/browse
641,e9e167f9ebc7a73c5847745688ae127ecff6e2b1,6847ebcf5e81ae272d0ff1829a6bb5aab3f9f64a,TEMP-303,https://issues.apache.org/jira/browse
642,c47d6ce5343fbe1807c2c927bfb10a4792a43ff9,e9e167f9ebc7a73c5847745688ae127ecff6e2b1,TEMP-303,https://issues.apache.org/jira/browse
643,b57c699e69b3801684cd5faf7a3f14c552e5cb92,815f63670e01b7d443035419262c9eb3538cd672,TEMP-302,https://issues.apache.org/jira/browse
644,cf20d13c64da51becd1351befe02a06144fd6fc1,b57c699e69b3801684cd5faf7a3f14c552e5cb92,TEMP-1,https://issues.apache.org/jira/browse
645,848a8144bc42fddbbc466a38a897f5c09f0d49e2,cf20d13c64da51becd1351befe02a06144fd6fc1,TEMP-304,https://issues.apache.org/jira/browse
646,03cc852bef47d5c27e37186fba438f81bb9e5761,37875137e960277858ca39b676f6e19fec36a50a,TEMP-1,https://issues.apache.org/jira/browse
647,381ed0c0f6016993a81563edc857d3235daafea3,4f514d5eb3e80703012df9be190ae42d35d25bdc,TEMP-11,https://issues.apache.org/jira/browse
648,868dd284443b6f950a2f360b0422dbf09a599ae9,15360774099b2a7230e020751acdf6979b6e3f58,TEMP-300,https://issues.apache.org/jira/browse
649,aaaa779108e445c028e91372a8c8709c7746cf72,9b0b19a9162ae8d217b06716962b982703ab4d1b,TEMP-299,https://issues.apache.org/jira/browse
650,989f0caf65c354fc062bb089af3950de43de5b74,11a49755807dd794151b404f4fc584c4c464516c,TEMP-2,https://issues.apache.org/jira/browse
651,8e52e2169b20f7bc3c6c520d4f0c98e5bf06b076,1a158281aa058ee2dc9cfae3b56012a9f92f3b2b,TEMP-295,https://issues.apache.org/jira/browse
652,d8b6f5b5c6b92adff8965ab634b672e7b333f583,8e52e2169b20f7bc3c6c520d4f0c98e5bf06b076,TEMP-294,https://issues.apache.org/jira/browse
653,8fde2caf64c323eb0422f7547de14ca7b1ee7a54,d8b6f5b5c6b92adff8965ab634b672e7b333f583,TEMP-292,https://issues.apache.org/jira/browse
654,fd206080b044df60c9ac4e9e7f16edb052637098,10bdedc90bade7120aad771fad5d14ea339cc91c,TEMP-5,https://issues.apache.org/jira/browse
655,25ef9a58cb2d150b1178b3ee5b703a9620f34851,94530f113eca2f7612a0d5729e894038b32361fb,TEMP-31,https://issues.apache.org/jira/browse
656,e91541fcbd89dc0567281127c950a8d9ead7189b,1d5c03fac601d6ce291c3fe3e5e51a11881e2fc0,TEMP-281,https://issues.apache.org/jira/browse
657,0d3658d7fbfaff6c6c73d9730c7b7546c1bfd99c,57964fe0e933187681d5f20530b453e37e5cb4bf,TEMP-2,https://issues.apache.org/jira/browse
658,116463ba4f988ad7dda289bf6e2ff53c6570f0ef,b33bbaa7c84bcc8a5ccaac35cfe4a42b8558add8,TEMP-279,https://issues.apache.org/jira/browse
659,9926c441aefc148b08a5a3ef077097cefcc3f16c,116463ba4f988ad7dda289bf6e2ff53c6570f0ef,TEMP-262,https://issues.apache.org/jira/browse
660,4917cb719f1d721cda63cba694379881e11d35e4,d032bda7e5df72b4befcfc4d9e068d0bc80b1dd5,TEMP-279,https://issues.apache.org/jira/browse
661,8c71182f376f88df611ead6f7066b84fe71c19f8,4b25008ec5afc550231c4b0032bd9a581d51ee36,TEMP-59,https://issues.apache.org/jira/browse
662,66704164a0152a40cb8d72d5524af365ff34f083,ba57d261f1dfa1926e6bea34726e396865b0411c,TEMP-278,https://issues.apache.org/jira/browse
663,d829770690b130316a1e0471ff0d107acd461cdc,462a89b82ee3e5fd5d6f69289297f77df83f689a,TEMP-277,https://issues.apache.org/jira/browse
664,d9c6932a6e2b27d56ebb665c152f9f7dca759a8a,07b7795b336b301def8a7dc6059c8e616ce5582e,TEMP-259,https://issues.apache.org/jira/browse
665,e6cde16e0a10771a6f9b82678ca4d5835207578c,eb68acff59a08143767dc2e6659bb9ce344f2f0f,TEMP-1,https://issues.apache.org/jira/browse
666,69b1599585515588ebe7eef0df9f00854122b620,e6cde16e0a10771a6f9b82678ca4d5835207578c,TEMP-271,https://issues.apache.org/jira/browse
667,927e7361037fa495cafece987c1c7d54b7e8128b,df326b1747a1cdf22d7de65290559d1e160c96f7,TEMP-5,https://issues.apache.org/jira/browse
668,bacc52875b18115d346c01c57639704f85eb344d,cc407e88e25a59d2293ff9cab0653b21a0eed5ad,TEMP-1,https://issues.apache.org/jira/browse
669,bd9244d1e30adac7e112c43d225bb0246b8a76ec,2d4e279d1983870d88612afec782f18638b85ce7,TEMP-120,https://issues.apache.org/jira/browse
670,c62bd307657aab6bf4be06e5c4c232195f6620f9,9cbf70d82285d7ebdd190f7cd59f2a9d82a09c61,TEMP-59,https://issues.apache.org/jira/browse
671,33c8a328305592d5998ade8241d19fd65573e627,b9b6b027db0cbfbe3973fa74af3aebec4647cfd9,TEMP-272,https://issues.apache.org/jira/browse
672,9c2f070f611bd7cbc4454edc914b0b57c36b01aa,81340ea32f313fba0f0d5ebba9a600d96af17cc9,TEMP-59,https://issues.apache.org/jira/browse
673,7f8f3da321c31cf285a40501d43bb2e97cba7b01,9c2f070f611bd7cbc4454edc914b0b57c36b01aa,TEMP-66,https://issues.apache.org/jira/browse
674,594ec5482d10e52464313b2e1fc61ae9b787cb24,7f8f3da321c31cf285a40501d43bb2e97cba7b01,TEMP-66,https://issues.apache.org/jira/browse
675,cac478de5157f5cb31b6669c477a9dc760f1e5bb,b01434196523fc67daa5d9379c4465b68961fd53,TEMP-100,https://issues.apache.org/jira/browse
676,30753fb56abd09379d29e94dafb31cf17be44f94,b7d3fd9e4d435eb155570f326e8c799ead6c1901,TEMP-140,https://issues.apache.org/jira/browse
677,d13e4b12f3c6df3b5cab55744baa2664ca276e33,30753fb56abd09379d29e94dafb31cf17be44f94,TEMP-140,https://issues.apache.org/jira/browse
678,37b370c114440614bc44d019f07b837a22d5a0e4,80e957ecc44a5f0404baeb0f36484e4d560e7bce,TEMP-261,https://issues.apache.org/jira/browse
679,12491a6801249b2a582a231b1a40e17b401cc413,3eebd98b548fc960a7cd9d14eb0771b14615e9a1,TEMP-1,https://issues.apache.org/jira/browse
680,d7db8448a18d4331cca7e31ba62028b94e6a5b52,756cdad67c604b8297434617f6a8b92e8d8fd0b8,TEMP-6,https://issues.apache.org/jira/browse
681,67df2859aa495959fee0edc3d8e000e4599ee714,ff3e1211296cfc6ec31a1e94ac0b1f2c93f9d81c,TEMP-5,https://issues.apache.org/jira/browse
682,e150cc5810cb988bb644a8b575011d9002784c12,f0f0bf81e7010b213be89b477eaaba339a3d9fbc,TEMP-1,https://issues.apache.org/jira/browse
683,cfd9081647e732143fbdc2db99681afa5b403a0f,81bdeb9ff96cade6ea61fdc467029460e77325d1,TEMP-3,https://issues.apache.org/jira/browse
684,a05cd12b23f549b71b679dcf94c46f0679647f78,cfd9081647e732143fbdc2db99681afa5b403a0f,TEMP-3,https://issues.apache.org/jira/browse
685,ac01ed3d678e703c087469b766e325e06593624d,fd656864b6a54302929c5da5490bff8842edade4,TEMP-1,https://issues.apache.org/jira/browse
686,7a9f3bb0dbfe2b6cdc81e1f279043673ab1ef317,ac01ed3d678e703c087469b766e325e06593624d,TEMP-1,https://issues.apache.org/jira/browse
687,8f5b2b7854d85fb6e68593b184b960e5efe70814,7a16f45c54d83cd52ac7041f7a8b62c7fd1b4eb1,TEMP-1,https://issues.apache.org/jira/browse
688,4656c1478d69672382448f262eafb07134c3187d,1e1da2d2c73ace3872f75274dbb1e283edb8e8dc,TEMP-1,https://issues.apache.org/jira/browse
689,46fe76f81ac6f9a8a86b0d27f21b4820d09bd371,43f7a149e090523bfddc1e2618686d1407162a10,TEMP-1,https://issues.apache.org/jira/browse
690,630e5aec86d55810d61ae56551e7dd4ae58c089e,46fe76f81ac6f9a8a86b0d27f21b4820d09bd371,TEMP-1,https://issues.apache.org/jira/browse
691,ee3e9dcaee4f729388a1b0cd909326230a8ac37a,630e5aec86d55810d61ae56551e7dd4ae58c089e,TEMP-1,https://issues.apache.org/jira/browse
692,a8a5bea553417863fda212e6516a2175f20caa5b,bc218db61cce03a5facfc1e7130af8579367bba7,TEMP-120,https://issues.apache.org/jira/browse
693,fdaa1eb25a032c46acec2e8e4731f587e4263ce0,887d935024ec45d4c22c2676c0c2972c39462fc8,TEMP-1,https://issues.apache.org/jira/browse
694,371c34bbea50db863bd53728e0c9c3c79f2034e6,fdaa1eb25a032c46acec2e8e4731f587e4263ce0,TEMP-1,https://issues.apache.org/jira/browse
695,ab27cc9c095e076d9e570cc440ebb61b3e0c8909,3378d09f1639c5a5545344a8347b775dacb3bb75,TEMP-1,https://issues.apache.org/jira/browse
696,4d7e4b5e78bf027f4facbae8063350a388bda00e,3dbb90fe5878a4f7efc3b68191bdc4a3546113cc,TEMP-1,https://issues.apache.org/jira/browse
697,f4f34dc60ac7fb90d99da0b73285ecfdb76e3f37,097aa30a36a6ed2e53fc81b1fde53009f2f3e8ad,TEMP-1,https://issues.apache.org/jira/browse
698,c9e1d29360f4d12c612456332eb14a5792b56f32,beed062120fcde8166d004244f04011158304e2a,TEMP-1,https://issues.apache.org/jira/browse
699,16938363f6b61f2e81da7492f6022d4749566bee,c9e1d29360f4d12c612456332eb14a5792b56f32,TEMP-1,https://issues.apache.org/jira/browse
700,17c6ebcfa1ff3ee4739d3b492f57772657955952,dd2a1841fc7c9c95af1ce1e6ed3ed0ee3587df19,TEMP-1,https://issues.apache.org/jira/browse
701,3424e42050708eafe3b41b78c9ad2d3d2d82c0e2,f80cb56da1316d5cb977c07937c2794efc87a522,TEMP-4,https://issues.apache.org/jira/browse
702,fc447adfef826f1c27650c3d3129d40754fa4a89,177d40989f45197fd9f9669f4eeb6033b73bc16e,TEMP-28,https://issues.apache.org/jira/browse
703,131adbbc7cbeec0caffa34427a7f9c0165df68db,48e8e7e2e66a1726801d9e7a198bf411e0d8d269,TEMP-1,https://issues.apache.org/jira/browse
704,43eba0aec4b19ac87e360dbc5d51af5bc15df4ea,fbeb9d58da6d83b00dc0bb75244c5309b55caa9b,TEMP-1,https://issues.apache.org/jira/browse
705,a076adf1c1255d8f100674d161863a843ab3641a,c03bc5f6cee66f8a8fbe4c6f11fac42755ca9c29,TEMP-1,https://issues.apache.org/jira/browse
706,780ea1e2559f6e2930dbbde6b501d7a116add273,4dcfc2fbb1f5bb475e94bf7ba5cc828416d7c234,TEMP-1,https://issues.apache.org/jira/browse
707,501f19cf0c87342acb3689167bffe3c6836bd5cf,01114af1653203eeedc6366e2039be887039df77,TEMP-1,https://issues.apache.org/jira/browse
708,0b92157846c1147fc158815860adc0d37f605448,ebebaf310ba43de76c9a1eab83c48cd75a2dd760,TEMP-1,https://issues.apache.org/jira/browse
709,1bcd76f1481af8fbecf0be38a134e7332baa0340,52789c773f38ac201f84e640c1a3a02e6a798210,TEMP-1,https://issues.apache.org/jira/browse
710,667dcaf2adaf722c614973a63b3dec246a89391e,5d13513875acfb8528ad7ad2cee1ebbaf872a398,TEMP-1,https://issues.apache.org/jira/browse
711,39be668fb47d81c62e7b72b54fa9edbec9a9584f,667dcaf2adaf722c614973a63b3dec246a89391e,TEMP-1,https://issues.apache.org/jira/browse
712,30c4f3890d8ddc97644f30485e7617d9b39f2808,22aeaddb5eccbc65f921a8d954df0689de3033fc,TEMP-1,https://issues.apache.org/jira/browse
713,f74b10ecada098f642ce1c6b67fa674455881096,fac4f8d2d6c980440cbf582f3e0bfff3055aab3b,TEMP-1,https://issues.apache.org/jira/browse
714,7fedb2b1cc7520fdef06637eabad62f6cdeff01c,f74b10ecada098f642ce1c6b67fa674455881096,TEMP-1,https://issues.apache.org/jira/browse
715,8b34e1dffc5d91f585f361913c3d8143e2dcfcc4,7fedb2b1cc7520fdef06637eabad62f6cdeff01c,TEMP-1,https://issues.apache.org/jira/browse
716,4e3962a6e4052ad9053cc5a7668fd03067b44a30,8b34e1dffc5d91f585f361913c3d8143e2dcfcc4,TEMP-1,https://issues.apache.org/jira/browse
717,2608220ef704f6bd5559cfebbaba4e7b154150a6,07ea8e7fa2c0df6cc334cfcbf59cadae4d3b40a2,TEMP-1,https://issues.apache.org/jira/browse
718,73031bac987aa02325d53b795400c1b674bc086f,8d36a61bb5fc171f043d1cdcf8ab0b6c070ecb85,TEMP-1,https://issues.apache.org/jira/browse
719,858d38ddcf1ad425fb4123e51449ea261d6a8882,9345b31d1511906438eeb796b26ee65dbe964561,TEMP-4,https://issues.apache.org/jira/browse
720,77f8c186f20ee5f84776ba86a535dd4da365b14f,da00e1d426d40dad5800f35b1c0bce4f992cf12c,TEMP-4,https://issues.apache.org/jira/browse
721,3d3276ba5a0166bc46ac8f0e829a71332fc512fa,0e08941e690eda9b6573e9c5e012c9f8d9539d70,TEMP-157,https://issues.apache.org/jira/browse
722,41136c4f008351fa77dbce05d0b871318463a9c2,e36ffc4ce7c2e35976a1e71412c19c6210de6702,TEMP-4,https://issues.apache.org/jira/browse
723,9d8cc76413c7d0463eccce41a46153aae4946710,82c5dada6f7b369b69c383aa995f45578325e139,TEMP-4,https://issues.apache.org/jira/browse
724,6af3b80369a62de8f2ee501998d1bda4585758fd,69cc0e40e6a67e9a9d843f97350a5031bb6e8ab1,TEMP-4,https://issues.apache.org/jira/browse
725,e5c8e4a225d133d525f41f497257d9f127c6a9ab,082cde8df8f571af59b1c87d0e7196f27424b41c,TEMP-4,https://issues.apache.org/jira/browse
726,f810dc36457627355dc36e60f523fc84850cf5b7,e5c8e4a225d133d525f41f497257d9f127c6a9ab,TEMP-4,https://issues.apache.org/jira/browse
727,ccde85985d2cd95afc21ff2a0f9e274b613c77a2,f810dc36457627355dc36e60f523fc84850cf5b7,TEMP-4,https://issues.apache.org/jira/browse
728,cdf3c5161e9fe236f3d27ba1fff2dc586b7d9d59,e180daa7487eab41e9bffbb1393c3bc5f2a8ec48,TEMP-4,https://issues.apache.org/jira/browse
729,965077e483db572d8e7329d87758f743e4ec8481,4e443f9cfcd22ca1c2533e0ecba54900305e7b80,TEMP-4,https://issues.apache.org/jira/browse
