bug.id,revision.id.buggy,revision.id.fixed,report.id,report.url
1,674624c0f256464ab013f22eccaf5b9eac212147,eeae97a2141dbe1bec8eaab4adfc5338ee2cb38c,TEMP-808,https://issues.apache.org/jira/browse
2,6c60fef798dd04aee3c3f8dceacffbf422d72100,0dfa11ac5ec13136a4d9813fae7d7506b330a379,TEMP-100,https://issues.apache.org/jira/browse
3,8bc64b9ae404c7aaeb71eaaaabcc133cfd54f323,dd82ef84397162b72b7b3196197066c5cd908494,TEMP-800,https://issues.apache.org/jira/browse
4,d4fe31195285066f5ab9ae8de1a530147fd29978,b9ba4a8e8ce5883db731aaf1aab4d9f06c532fb5,TEMP-111,https://issues.apache.org/jira/browse
5,754b3b55d63a202f2206e2498cbbddda28ae4351,33da480e63bb9d75674d219e8986ea013a2a6937,TEMP-112,https://issues.apache.org/jira/browse
6,f6abe30b6b235f8e3e8b521895606e79e8d07f47,891a6756d1551677fbb685f2af6d41c46b98fdcc,TEMP-113,https://issues.apache.org/jira/browse
7,9c7e93974938049e0769ed993b6a39b41e77cdcf,1b8bbda87fbf333cd96353bbfcf7bb8274ddd393,TEMP-795,https://issues.apache.org/jira/browse
8,1fe8029e656c7921cbbaea8a45b9368a82d69a6a,e0888d8afc1598a0e2b801d34023ba81ede32ee3,TEMP-794,https://issues.apache.org/jira/browse
9,c7eec8030e112cb2ac008abf1ea753c6cfde6158,bf8825fb0f196cfd10f93757595538a72768e844,TEMP-74,https://issues.apache.org/jira/browse
10,36a1b05f7f64b40edafb4d5fb8ccc049b6a6e548,c7eec8030e112cb2ac008abf1ea753c6cfde6158,TEMP-74,https://issues.apache.org/jira/browse
11,4c9402eca4322e092ff59f855867eedbe4640462,3385643cdc97b180fc6bc8cf26a38b56dc98b69e,TEMP-768,https://issues.apache.org/jira/browse
12,a76a3a65c4d2e3530c69c1fecc6e4fe6f2f221ed,746821e2568246d8d7b09403f68930ab000a9592,TEMP-767,https://issues.apache.org/jira/browse
13,d008f8e95ca3d235691bdb644d61d9418e20ef12,a758257bdac4bbb7e03c3607f835e5c8f535ef5e,TEMP-762,https://issues.apache.org/jira/browse
14,5973c0e2f15d1c354da37f46e10e80c9fbfa57ba,d008f8e95ca3d235691bdb644d61d9418e20ef12,TEMP-761,https://issues.apache.org/jira/browse
15,a3965076535f8673cedca093d11876eba76cac5e,d3c40d779168c09cacc22481c7b5b1bb69cf6c4e,TEMP-760,https://issues.apache.org/jira/browse
16,3f1069f85e104f610106b58be24940a5e75b8d97,8b311965eb0c04508461a3e14169f79a1c065678,TEMP-34,https://issues.apache.org/jira/browse
17,6b671ea0de8e3e0b1c5595fc35af331d4e133b08,96b3f4dd8c7621594a95c1e644efbfbafd65d499,TEMP-1,https://issues.apache.org/jira/browse
18,2fdea0d5f462d48a97aaca3b987a716ca2934f24,f48cd4cd0668dd31f92e5fa5dcc10f7531d08249,TEMP-1,https://issues.apache.org/jira/browse
19,fa6686b6faee872672dfa21d5e26de227a475069,2fdea0d5f462d48a97aaca3b987a716ca2934f24,TEMP-1,https://issues.apache.org/jira/browse
20,0b7369cbb67e46586e9e031c693564ce7ca583c7,fa6686b6faee872672dfa21d5e26de227a475069,TEMP-1,https://issues.apache.org/jira/browse
21,2eda4ff8be116717b05d8f390a056e51683d113d,0b7369cbb67e46586e9e031c693564ce7ca583c7,TEMP-1,https://issues.apache.org/jira/browse
22,dc565c4fc02421b58db9c0f0cb9bfe767d904216,ad56c3889328fed27f021bba3f071f676fc4ffe0,TEMP-1,https://issues.apache.org/jira/browse
23,9bc5305d95fe4b56ea4b4aa7443a40bd716049fd,b23300b30326a694224d58a0278a212f512a86be,TEMP-1,https://issues.apache.org/jira/browse
24,53268179e0b9ca8e7c9691d34dbf63a8a5f028e0,bd1b28cf5bf33d37016689ab5c5dada82adcac31,TEMP-1,https://issues.apache.org/jira/browse
25,06a5ec131bfbeb8c66928769f97f5002541f48b5,234a5b8894ab19ecee1ad06d9fae5fc76ed20b9b,TEMP-1,https://issues.apache.org/jira/browse
26,a8d374cc8ec1b010843b7dd14364a5595f405a18,06a5ec131bfbeb8c66928769f97f5002541f48b5,TEMP-1,https://issues.apache.org/jira/browse
27,358290b20bfdf38d92985dc00b83e07d3ccbe075,a8d374cc8ec1b010843b7dd14364a5595f405a18,TEMP-1,https://issues.apache.org/jira/browse
28,f3ae1598a2582b976f4811ae11e7c8384a9f729d,358290b20bfdf38d92985dc00b83e07d3ccbe075,TEMP-1,https://issues.apache.org/jira/browse
29,af1e349e328bb786e5b6efcc6e175463ad52aec7,f3ae1598a2582b976f4811ae11e7c8384a9f729d,TEMP-1,https://issues.apache.org/jira/browse
30,360272edd5fdedffdd7353870a69a2de8b63c751,af1e349e328bb786e5b6efcc6e175463ad52aec7,TEMP-1,https://issues.apache.org/jira/browse
31,1944873143738d5d71d781d5e5f5db9109719195,360272edd5fdedffdd7353870a69a2de8b63c751,TEMP-1,https://issues.apache.org/jira/browse
32,39e36edb1bdcc57a224faa9d34f7c393b10cbe34,0bf017fad9a993386ccc3e0f98a97426764ec399,TEMP-1,https://issues.apache.org/jira/browse
33,894af8f4f0441ecfa908d2d40b0d0558ed418cfb,39e36edb1bdcc57a224faa9d34f7c393b10cbe34,TEMP-1,https://issues.apache.org/jira/browse
34,3696f4063825e3c899fe74d0f60fb43a03620f03,894af8f4f0441ecfa908d2d40b0d0558ed418cfb,TEMP-1,https://issues.apache.org/jira/browse
35,fde4721b9c7d5bf1f6fd248fbafcae95015b0575,3696f4063825e3c899fe74d0f60fb43a03620f03,TEMP-1,https://issues.apache.org/jira/browse
36,fab6c15ab1d6eb0d12c6ef9bead608b97eee0f42,fde4721b9c7d5bf1f6fd248fbafcae95015b0575,TEMP-1,https://issues.apache.org/jira/browse
37,9ae8c2a394916405ae08296b01ffc2d5a830e9e9,fab6c15ab1d6eb0d12c6ef9bead608b97eee0f42,TEMP-1,https://issues.apache.org/jira/browse
38,0a5effb1060f3491b865a25cab1cf02fadd46622,9ae8c2a394916405ae08296b01ffc2d5a830e9e9,TEMP-1,https://issues.apache.org/jira/browse
39,4e8ea2814b215e0184743be7a2713bd88c8fc800,0a5effb1060f3491b865a25cab1cf02fadd46622,TEMP-1,https://issues.apache.org/jira/browse
40,5a3ac8bffbf41321e235471e4eb8de1f335ed7d8,4e8ea2814b215e0184743be7a2713bd88c8fc800,TEMP-1,https://issues.apache.org/jira/browse
41,433af75f0b11ffa04987909a7b6e1896302940f0,5a3ac8bffbf41321e235471e4eb8de1f335ed7d8,TEMP-1,https://issues.apache.org/jira/browse
42,9afc3bd10dd64b77ee5bce104b69b390e6efdddb,433af75f0b11ffa04987909a7b6e1896302940f0,TEMP-1,https://issues.apache.org/jira/browse
43,420c38e3c0ae9234675572cad078ef8345baf9b4,9afc3bd10dd64b77ee5bce104b69b390e6efdddb,TEMP-1,https://issues.apache.org/jira/browse
44,cbe76d85fe645fe17331501f67abdf5e799e6051,420c38e3c0ae9234675572cad078ef8345baf9b4,TEMP-1,https://issues.apache.org/jira/browse
45,d9f5ef35a498d930e7f73533e12150540e3db5e5,cbe76d85fe645fe17331501f67abdf5e799e6051,TEMP-1,https://issues.apache.org/jira/browse
46,ee986193a81aa227fadf001d9dcab257e3a9f503,d9f5ef35a498d930e7f73533e12150540e3db5e5,TEMP-1,https://issues.apache.org/jira/browse
47,241fb148dcd496e829c5f9671b884c0091cd9fc0,ee986193a81aa227fadf001d9dcab257e3a9f503,TEMP-1,https://issues.apache.org/jira/browse
48,666622b4cba683e8bae590a4f651b3cfb9d42aae,241fb148dcd496e829c5f9671b884c0091cd9fc0,TEMP-1,https://issues.apache.org/jira/browse
49,f10d3eed80b537623215be6d0bb21437e64d6eb6,666622b4cba683e8bae590a4f651b3cfb9d42aae,TEMP-1,https://issues.apache.org/jira/browse
50,7e41c82c314e8c120c1ef2e59b3d6b359bde076f,f10d3eed80b537623215be6d0bb21437e64d6eb6,TEMP-1,https://issues.apache.org/jira/browse
51,01c674bce2984151541eaafd7831f4e5dd6c7cd1,7e41c82c314e8c120c1ef2e59b3d6b359bde076f,TEMP-1,https://issues.apache.org/jira/browse
52,60618d6c4b2258b0a14dc8e0ade5fa3b84f8bf72,01c674bce2984151541eaafd7831f4e5dd6c7cd1,TEMP-1,https://issues.apache.org/jira/browse
53,1d1d68320d4518a27085d33a4d4cd21f38e1121a,60618d6c4b2258b0a14dc8e0ade5fa3b84f8bf72,TEMP-1,https://issues.apache.org/jira/browse
54,cdd4a973ec90aaa620760d2de2728c54343ee29f,1d1d68320d4518a27085d33a4d4cd21f38e1121a,TEMP-1,https://issues.apache.org/jira/browse
55,110009a06d40f67435f09debf71efb550fc48a2a,cdd4a973ec90aaa620760d2de2728c54343ee29f,TEMP-1,https://issues.apache.org/jira/browse
56,690274b128f04c98c3eed5eb5a7476328ae7ae73,110009a06d40f67435f09debf71efb550fc48a2a,TEMP-1,https://issues.apache.org/jira/browse
57,6ab7775fae585b9620743a5decaa4d5ff2d6f79c,690274b128f04c98c3eed5eb5a7476328ae7ae73,TEMP-1,https://issues.apache.org/jira/browse
58,4b4753dbdd60460932faa44ba628d04bd8c429f6,a8667e351df78e5d824272af68c708d9ade1529c,TEMP-1,https://issues.apache.org/jira/browse
59,c84e29df50b85ad4b5900eb94ce40be45fc1f28b,4b4753dbdd60460932faa44ba628d04bd8c429f6,TEMP-1,https://issues.apache.org/jira/browse
60,9500c774da882a56b9cc2bf576433e91d06b7419,c84e29df50b85ad4b5900eb94ce40be45fc1f28b,TEMP-1,https://issues.apache.org/jira/browse
61,afd1389ac69769192371a1690de9ca1f05df533d,9500c774da882a56b9cc2bf576433e91d06b7419,TEMP-1,https://issues.apache.org/jira/browse
62,3ab83f220793697ae4b1a6f58062817870ab3939,afd1389ac69769192371a1690de9ca1f05df533d,TEMP-1,https://issues.apache.org/jira/browse
63,020e89145de35c025d23c7c93dd7d3238333a6f0,3ab83f220793697ae4b1a6f58062817870ab3939,TEMP-1,https://issues.apache.org/jira/browse
64,5bf370e0a36b982511d4dac2dd2c08f21171250b,020e89145de35c025d23c7c93dd7d3238333a6f0,TEMP-1,https://issues.apache.org/jira/browse
65,4a24abd706843c65d73eb574e09c7ee7fef3099a,5bf370e0a36b982511d4dac2dd2c08f21171250b,TEMP-1,https://issues.apache.org/jira/browse
66,a38b5860d964fc347d75332532f7f4f5e2bfda42,4a24abd706843c65d73eb574e09c7ee7fef3099a,TEMP-1,https://issues.apache.org/jira/browse
67,afdfa1ff3c1f9ab3851d942db5210f973460a881,a38b5860d964fc347d75332532f7f4f5e2bfda42,TEMP-1,https://issues.apache.org/jira/browse
68,dd5616b83b22cae246ac5c0e7a1fc236c6f8e905,afdfa1ff3c1f9ab3851d942db5210f973460a881,TEMP-1,https://issues.apache.org/jira/browse
69,90c157ace5c6e8a72fe18c77611c568536c87ae0,6c3aa1fef8e84f49e2f9c3cb1f6a4ed69fa17b36,TEMP-1,https://issues.apache.org/jira/browse
70,d10428e2c9aa31af3acd11ff959f62d588e9a410,90c157ace5c6e8a72fe18c77611c568536c87ae0,TEMP-1,https://issues.apache.org/jira/browse
71,8fb554dc7cd874ced72917a9624c508f9d629a2d,d10428e2c9aa31af3acd11ff959f62d588e9a410,TEMP-1,https://issues.apache.org/jira/browse
72,6920437b267bf352c12839ecbdc26cd5527460f9,8fb554dc7cd874ced72917a9624c508f9d629a2d,TEMP-1,https://issues.apache.org/jira/browse
73,dc6a8fbd6b1ffd2c86d477e030d06e7bc249d8d3,6920437b267bf352c12839ecbdc26cd5527460f9,TEMP-1,https://issues.apache.org/jira/browse
74,9779ae47e57996820c7fdf0b7f4d302646ac8e8b,dc6a8fbd6b1ffd2c86d477e030d06e7bc249d8d3,TEMP-1,https://issues.apache.org/jira/browse
75,b9aa8fb0b6a6aa26867dba161294beb09867d2ce,9779ae47e57996820c7fdf0b7f4d302646ac8e8b,TEMP-1,https://issues.apache.org/jira/browse
76,be2b4230d6db7266796089f0a850eabfd366831a,b9aa8fb0b6a6aa26867dba161294beb09867d2ce,TEMP-1,https://issues.apache.org/jira/browse
77,6f852a255c139b65267bfe7411c89ba8d55354d8,be2b4230d6db7266796089f0a850eabfd366831a,TEMP-1,https://issues.apache.org/jira/browse
78,55ef3e32680024a137d03ead7bb6ec9b8736cbd8,6f852a255c139b65267bfe7411c89ba8d55354d8,TEMP-1,https://issues.apache.org/jira/browse
79,808b7a068bcdd18c7120932455b8f7e89744876f,55ef3e32680024a137d03ead7bb6ec9b8736cbd8,TEMP-1,https://issues.apache.org/jira/browse
80,fac3b5417a96f6406f10637c24555b1fb902286f,808b7a068bcdd18c7120932455b8f7e89744876f,TEMP-1,https://issues.apache.org/jira/browse
81,d66376e61fc530423db9f882247b2b5c32b6897a,fac3b5417a96f6406f10637c24555b1fb902286f,TEMP-1,https://issues.apache.org/jira/browse
82,3797289bf47dfedef89bc66c777b9b328bf2d57d,d66376e61fc530423db9f882247b2b5c32b6897a,TEMP-1,https://issues.apache.org/jira/browse
83,63c21bed9a965b4711050cb5099595663f07f8b4,3797289bf47dfedef89bc66c777b9b328bf2d57d,TEMP-1,https://issues.apache.org/jira/browse
84,ccc01b849d6a3d0e6606fd1ef6e7a499349060bd,ea00dc3434164c23ee4fac92785bcd1a93913047,TEMP-1,https://issues.apache.org/jira/browse
85,2e31cc23db7f863b0a25fcb7dbbe37ec1eade56e,ccc01b849d6a3d0e6606fd1ef6e7a499349060bd,TEMP-1,https://issues.apache.org/jira/browse
86,41a18129b26b17965c183ff00dacf992eb2f89c6,2e31cc23db7f863b0a25fcb7dbbe37ec1eade56e,TEMP-1,https://issues.apache.org/jira/browse
87,69c0c7dab708130d821127c6ca86c8e8cbfb2663,41a18129b26b17965c183ff00dacf992eb2f89c6,TEMP-1,https://issues.apache.org/jira/browse
88,0f759bb454aafdbb8fdb25694b9c502af817c60c,69c0c7dab708130d821127c6ca86c8e8cbfb2663,TEMP-1,https://issues.apache.org/jira/browse
89,473de739f9ea8b5e403f4341bf82c35e2cda1947,0f759bb454aafdbb8fdb25694b9c502af817c60c,TEMP-1,https://issues.apache.org/jira/browse
90,7e5b92947716c2675da357e62c4e7602b14f3f36,473de739f9ea8b5e403f4341bf82c35e2cda1947,TEMP-1,https://issues.apache.org/jira/browse
91,ffd1c38b5d9a025ea2d2b6b60c085be77f0b2024,7e5b92947716c2675da357e62c4e7602b14f3f36,TEMP-1,https://issues.apache.org/jira/browse
92,98a36cb34c1a33d119ddc670d0a71bfd593cb0e1,ffd1c38b5d9a025ea2d2b6b60c085be77f0b2024,TEMP-1,https://issues.apache.org/jira/browse
93,5ae889e4e12ab0cf56e57b0a65db3cd1fb772087,98a36cb34c1a33d119ddc670d0a71bfd593cb0e1,TEMP-1,https://issues.apache.org/jira/browse
94,1c3b142f3255a94650b7780031aacb8238b225b1,5ae889e4e12ab0cf56e57b0a65db3cd1fb772087,TEMP-1,https://issues.apache.org/jira/browse
95,9df73dbff9310cf6a9a85d6ed9834bb1812b78f5,1c3b142f3255a94650b7780031aacb8238b225b1,TEMP-1,https://issues.apache.org/jira/browse
96,d7653974b7213181686e27eff6d6b103a13d3e6c,9df73dbff9310cf6a9a85d6ed9834bb1812b78f5,TEMP-1,https://issues.apache.org/jira/browse
97,f110e51769fcee5ebca1e9e65079f374060cd4c0,d7653974b7213181686e27eff6d6b103a13d3e6c,TEMP-1,https://issues.apache.org/jira/browse
98,95d53bdd7d8d599e86112f023c6187b094368653,f110e51769fcee5ebca1e9e65079f374060cd4c0,TEMP-1,https://issues.apache.org/jira/browse
99,71bea38c57e2a443c2a9a30b4243e601e5789671,95d53bdd7d8d599e86112f023c6187b094368653,TEMP-1,https://issues.apache.org/jira/browse
100,7c7e4ee29835d171a0a9f248e31c167d1edfb6ff,71bea38c57e2a443c2a9a30b4243e601e5789671,TEMP-1,https://issues.apache.org/jira/browse
101,e07d35a30b00db7ab3bc19d8d5dafa558b2d414c,7c7e4ee29835d171a0a9f248e31c167d1edfb6ff,TEMP-1,https://issues.apache.org/jira/browse
102,bd0ae3fe40a954fc05c23354e966e7cfc5c97439,e07d35a30b00db7ab3bc19d8d5dafa558b2d414c,TEMP-1,https://issues.apache.org/jira/browse
103,3374fcdb7e00d8c0e269122c33a22b81d0ecdf6d,bd0ae3fe40a954fc05c23354e966e7cfc5c97439,TEMP-1,https://issues.apache.org/jira/browse
104,6244f38b7ad231c39f31bc55801f84d118e0ed76,3374fcdb7e00d8c0e269122c33a22b81d0ecdf6d,TEMP-1,https://issues.apache.org/jira/browse
105,02fb33f7617a0924468d9dacf5bc2406f2446cef,6244f38b7ad231c39f31bc55801f84d118e0ed76,TEMP-1,https://issues.apache.org/jira/browse
106,12f08d0d2d89720b135e980a2e376d9b3573b74a,02fb33f7617a0924468d9dacf5bc2406f2446cef,TEMP-1,https://issues.apache.org/jira/browse
107,31e52f305f60f01ec742bee6ab9c8c414c3d5d6b,12f08d0d2d89720b135e980a2e376d9b3573b74a,TEMP-1,https://issues.apache.org/jira/browse
108,878e62cb8274e541672247640e1bc3e1150b49fa,31e52f305f60f01ec742bee6ab9c8c414c3d5d6b,TEMP-1,https://issues.apache.org/jira/browse
109,c649c3e039d50504879c87a8ac3ef53ba8ded6af,878e62cb8274e541672247640e1bc3e1150b49fa,TEMP-1,https://issues.apache.org/jira/browse
110,9e59ee0f1553ebadbdf5cda0c50fe3500a6b14ba,25313c5ee6f2ba1275982143ed28ac135d5bf0b2,TEMP-1,https://issues.apache.org/jira/browse
111,a08c971055cd19d3f685c1a3b995a7f3b1218c38,9e59ee0f1553ebadbdf5cda0c50fe3500a6b14ba,TEMP-1,https://issues.apache.org/jira/browse
112,9ca254c868291d1c78977e2610fa84a82c6aee83,a08c971055cd19d3f685c1a3b995a7f3b1218c38,TEMP-1,https://issues.apache.org/jira/browse
113,56143744fdf1c48ebacc2d772e5ff5ebabb4a411,9ca254c868291d1c78977e2610fa84a82c6aee83,TEMP-1,https://issues.apache.org/jira/browse
114,83c6156f0035e6627be371de0cec22a315337434,56143744fdf1c48ebacc2d772e5ff5ebabb4a411,TEMP-1,https://issues.apache.org/jira/browse
115,d24ccd06f28cb3640a8d0193e42760dacb5c9a2d,83c6156f0035e6627be371de0cec22a315337434,TEMP-1,https://issues.apache.org/jira/browse
116,e16503bdac05002ac68045f3fc5d3d61b954df3b,d24ccd06f28cb3640a8d0193e42760dacb5c9a2d,TEMP-1,https://issues.apache.org/jira/browse
117,230446cdb522e3a1273e0025586110ffd966393b,e16503bdac05002ac68045f3fc5d3d61b954df3b,TEMP-1,https://issues.apache.org/jira/browse
118,8f6366c5834cacf6735ea551affeb8d8c6010a0b,d2854f1b3755ea79e8765c0e626487b75c34ce7a,TEMP-1,https://issues.apache.org/jira/browse
119,c6f0132435d06d65cd46ddac3190a861b4fb1434,e8f7638f870ab6f86b57feaf6ad157b76bab1d69,TEMP-1,https://issues.apache.org/jira/browse
120,bddc7abc432175ef17c222111a03ba1314f17910,9fe86557e40842b22013195cbcea5619490b4cb0,TEMP-1,https://issues.apache.org/jira/browse
121,28529e053256c9ca94819eae0ea4606c68f6383b,5662f71b53aad57ce2ac5104594ced196c284d2a,TEMP-1,https://issues.apache.org/jira/browse
122,b8f02dfaea9f4e74d0aba01e7b62da6627019663,8a232024c82ff565efa1a424723fdfa7e654436e,TEMP-1,https://issues.apache.org/jira/browse
123,16c4166cf30a42e62f98c8200262e2e86986c9c7,62f8f9cf6e8729a5d72304e9f2b035f4d269e7b8,TEMP-1,https://issues.apache.org/jira/browse
124,907c8a22f396f3561e2065ec57fee33cc2313bb0,d6b9e46cb6fe103899decd462285a44e34a69675,TEMP-1,https://issues.apache.org/jira/browse
125,3ac9d8b62e59b8a65d289ce607665f5495d15051,b24b7bed9b19eb774d1866dfec176fe505e01b1b,TEMP-1,https://issues.apache.org/jira/browse
126,00c50167edf21b63635616a0c7e4fd17ec879cdb,105a049bc702227442201006e1cd365fa8705c37,TEMP-1,https://issues.apache.org/jira/browse
127,a6f36d12f70b995cf97c9e100b07138173468743,74122157336f20ea41143173997df99c707bc3cd,TEMP-1,https://issues.apache.org/jira/browse
128,39bec3fa0887be50c1ec7a65919cf804b98b197d,4f408815fc9404dd7ff3c8841e3b8043d2fff986,TEMP-1,https://issues.apache.org/jira/browse
129,0ad03d786e663d104e20704690aac5b65252efc6,ac301177d363629f82d8d19c2da376f4819fd6b6,TEMP-1,https://issues.apache.org/jira/browse
130,02f668187000fc39100226e6a113e0d2a5b919c4,0ad03d786e663d104e20704690aac5b65252efc6,TEMP-1,https://issues.apache.org/jira/browse
131,c4de8c6400973f5b2fdb23161400d0b743002951,d73ef0094f309196e9c6c5892b2898484bce45e6,TEMP-1,https://issues.apache.org/jira/browse
132,6eeb8707fc8de62f611eb7aa6afdb5c04439b268,28d5b78594092df5a2dc63514136c6c032a6859c,TEMP-1,https://issues.apache.org/jira/browse
133,0d3affe74029c416e2228ea03766a598a32344c9,941e022f6ec53feae199ce59f25ba7856f878275,TEMP-1,https://issues.apache.org/jira/browse
134,c2801fcd4372e4fc4a18cf6d2c163ddbb6e45054,1bf1f1eb18a4d9d194dae3fb147bd8db95563bcb,TEMP-1,https://issues.apache.org/jira/browse
135,a56ba3da82177a8590c2cd11bdb0d911b398552c,7675275b8110c0e2f2f66098dd207e06aed07595,TEMP-1,https://issues.apache.org/jira/browse
136,076809136106ba4abc3384391875de89a44ac519,6108d46ede3c99b85bced3c65ea568f81bd1f472,TEMP-750,https://issues.apache.org/jira/browse
137,bf7fd59cdb7867895a31cd897814da806384542e,76abecc4ac6a6e89d58d5809247df8f3d4e03bcf,TEMP-27,https://issues.apache.org/jira/browse
138,962128ce971b2edd3fc9e4a85b417fba01a0246e,287254724ea66841b932fb5f6d8cbe37b04eea81,TEMP-728,https://issues.apache.org/jira/browse
139,4c55341a48427f7bc0ce30f0699c673f7e69f63d,27ae87a59cb2f0d06ea21d4a886f3afb9a14247d,TEMP-727,https://issues.apache.org/jira/browse
140,619aa9bff4055f51df04f5f837605785a998e9b8,4c55341a48427f7bc0ce30f0699c673f7e69f63d,TEMP-727,https://issues.apache.org/jira/browse
141,e4b9b3fbfb1370fad556129b78034edf2f58f0f8,76f12abd9d81587eda4c50e7816c75607b4b23ee,TEMP-2,https://issues.apache.org/jira/browse
142,e2ef69629ad0b8041582bcf03a3a48bc4f751589,0471658da03f5b01537153a72c0ffa7132709900,TEMP-2,https://issues.apache.org/jira/browse
143,60aa168c1257e3b0ea923e22840a1ff695c2ee1f,7be73506fe09e01094a87fa99e21285f279c710e,TEMP-2,https://issues.apache.org/jira/browse
144,ed898b8ce9adea2e764f2ae5cc9ec89bfd584433,ca1adbd7e62b3d6d2dcf01ae58b21d9fdf0115e5,TEMP-2,https://issues.apache.org/jira/browse
145,9a1585ec9bd2d803c1aa227068019bbd110cf5e4,8068ac3f787c06f403e1015e87024f95275cbe0b,TEMP-2,https://issues.apache.org/jira/browse
146,b16b9e31f3aea7f3110f1e9d84cd907784bc1a7a,baea11b7d85337a8bb8dc2615d167b67b1e1de76,TEMP-2,https://issues.apache.org/jira/browse
147,f9dfa3fa6b9a28439f1226c202c41df9fe2e4380,c50da916c252ab282d978da3f114b81d91ec2912,TEMP-7,https://issues.apache.org/jira/browse
148,c38449afaca2d91f97e86c99f138253ec758e7ea,82cde14a4d72b13b5ff5e719f4c61b1673d643f6,TEMP-7,https://issues.apache.org/jira/browse
149,cb6b1a406c6c8fa7118841a578b4c36caf7dd2ee,893a67efdf4fd2b02f5a7b1d6e3a22e10bf969cc,TEMP-712,https://issues.apache.org/jira/browse
150,3df316bdb511cff31518b0f30143a033bac5e8c0,fe8f43befbdc5241d8c0c687d50114f4eb77fcef,TEMP-703,https://issues.apache.org/jira/browse
151,5303d7cdae954938e6aadc32d3e0c89a38c30463,5eda1d70605f3407bcae58a77f2c92266e91815c,TEMP-687,https://issues.apache.org/jira/browse
152,663521121083c36fbff550f23fa14bc74b73174b,5303d7cdae954938e6aadc32d3e0c89a38c30463,TEMP-687,https://issues.apache.org/jira/browse
153,4073f7b0a15b6de7b760834d5acfc4c6d9d3ee3e,663521121083c36fbff550f23fa14bc74b73174b,TEMP-687,https://issues.apache.org/jira/browse
154,bc69f94466efb770e78d1bd89a8a1bd460fc437a,861f6fc042985dcf07968f41b7a97155ef00fbb3,TEMP-652,https://issues.apache.org/jira/browse
155,c8230b04b204f90cbf916a02212f246700814ef4,21a0e874cf3d14cfcef60d20b97e4c81da581788,TEMP-690,https://issues.apache.org/jira/browse
156,a03197def3b910666e6014dbc501d0eed036313f,3bc576a7e41c5482dbfddefeaa99e696f34de50f,TEMP-688,https://issues.apache.org/jira/browse
157,b0db819eaf22c91a7cc914fa8c94f91143ececbf,6fffdeffe114f022d8357ac876c9277b9ad3feb9,TEMP-684,https://issues.apache.org/jira/browse
158,5a2555b72d8788462a3e62b4244a0a7f7b06dcb1,ee61bde4e14fe5d1f63e0f1b8e52011b5fb57ed1,TEMP-686,https://issues.apache.org/jira/browse
159,8fda5569b24cd3f5ea30fcd68b8459bcd03733b9,0635f7f27ec605303b7f25182e091777d38c7955,TEMP-670,https://issues.apache.org/jira/browse
160,e9dcc716af5014485846d28e174164c2a3720c15,4930140ec6fdceb7e15d31afa45243dee7d1e217,TEMP-671,https://issues.apache.org/jira/browse
161,5418638f92577ba6b22c35f9ee6a981b06eb5957,8309cfcc1a5abf48ddbee03436c0fd4f15ec4945,TEMP-653,https://issues.apache.org/jira/browse
162,fe183744bf259b2a70fe601a19f572b39f408060,76f63549524946005a34ff3eab3c30ae2a505e50,TEMP-653,https://issues.apache.org/jira/browse
163,8c3a9eacc52d8908130a29ea7675514decdecb2c,96594ccd8805f150ea29596db8b5993f0e491f78,TEMP-649,https://issues.apache.org/jira/browse
164,6fe0136334d6466d17d01ee17e18f0be7c200231,8c3a9eacc52d8908130a29ea7675514decdecb2c,TEMP-649,https://issues.apache.org/jira/browse
165,b3bb5648e1c7b47f33a1e06e5cc4dc2b8a2e67a2,d7437c79bbeba415523c52488019cca0f5cbb7cd,TEMP-648,https://issues.apache.org/jira/browse
166,42398893d7abfb2f2cee169465e2777eb698ae9a,f21a3793d06495214fcc46c081ae0c663c272ae3,TEMP-646,https://issues.apache.org/jira/browse
167,a23dfda185b8414033aa2350c75fcd56a0911728,33469fe1be59affd9b4a7a9562dd1ff4862323e1,TEMP-641,https://issues.apache.org/jira/browse
168,a3e6680f935a0b6533563c0b58d41a217996aa93,a23dfda185b8414033aa2350c75fcd56a0911728,TEMP-641,https://issues.apache.org/jira/browse
169,d8575412eb50c8758f64e9bb37363c974a0a36ac,a3e6680f935a0b6533563c0b58d41a217996aa93,TEMP-641,https://issues.apache.org/jira/browse
170,59877a43eb049806818386dedb072ffbcf694964,d8575412eb50c8758f64e9bb37363c974a0a36ac,TEMP-641,https://issues.apache.org/jira/browse
171,ae12e7318d56ccbb5273218b0ff8cd00c8ee51fd,9720cbf8b2b6595f79e08f2964c53e47c96324f4,TEMP-644,https://issues.apache.org/jira/browse
172,859829da3fd4da1effcbdc3224ed383bd8ac515a,a3fec41476ade3604519145f929e68a6cbef21ff,TEMP-640,https://issues.apache.org/jira/browse
173,628813c02504c14a2033785d300c5e22ac573fb9,5544b5af78ba07308f17e37915c2c919bb143870,TEMP-634,https://issues.apache.org/jira/browse
174,67407f284b52a672fc49db793f10e55cae20b90d,bea5ca1141531a4c2c14c4059ebfcf0b00862d42,TEMP-632,https://issues.apache.org/jira/browse
175,edbe77e5df961c4f6e9cdcdfe00edc72481f7f49,67407f284b52a672fc49db793f10e55cae20b90d,TEMP-633,https://issues.apache.org/jira/browse
176,fc534100c4e4eef54a31806b59cfc81a6674a4aa,75b2d209c5ab7d1cf3aec51254fe93056aee2135,TEMP-622,https://issues.apache.org/jira/browse
177,280347f1370951855f46ea58efc936836ea82e7a,2d247017bcfba1d2565fe286b049cae5f2e6c950,TEMP-618,https://issues.apache.org/jira/browse
178,7faf03d28d12568afe44eb8a2ab981758a0a2897,ac0f393e4e9686a46e9b5adc8402ccff1b6b2420,TEMP-610,https://issues.apache.org/jira/browse
179,5062de5b7ea98b0b1b3a59d98d0099f1b93a9bb4,be9e92bc4439a6e0cc85365709370dbadbdb6180,TEMP-608,https://issues.apache.org/jira/browse
180,999803b99c93292829194e2cdf5339594227cac7,4bbdb3b88c5f833dea35d6e611e66e43772f21e4,TEMP-609,https://issues.apache.org/jira/browse
181,90e8706125cf00c2924357d7c9f58b56c9187d33,e148346fb50e40cf4e0ba7c2b95603aeda740c29,TEMP-604,https://issues.apache.org/jira/browse
182,3c9ac0c62a4370cdd5309a50393eadda9e69a0d9,21e9b011982e28b6d2ab4dcd0f270942af75fc58,TEMP-598,https://issues.apache.org/jira/browse
183,3fa44b2abd64d9af0011b75e81e87e7b0e407cb4,0245d66f72e0645a448e2d03a7b957bcc18d919f,TEMP-564,https://issues.apache.org/jira/browse
184,9a8e5636d57c3d8813b962d0d7b5884e7760d3d3,cc3c0a92368f8976ec3f611bd36184c37f14c15a,TEMP-427,https://issues.apache.org/jira/browse
185,9d1383a42dceb7155d7411a9682533761f856d03,a216362a393976500b515efbe08e7d96c688600a,TEMP-582,https://issues.apache.org/jira/browse
186,3ab9eac33a1dec0e98009d3f20b0b7ed41e3efc1,55595e71e145a7b63488751ffd6a485e1fd41ebc,TEMP-570,https://issues.apache.org/jira/browse
187,9429d90eb68774316e9a714c67a71a9288040c71,514525c6a44acc2c58cb0e3e62fceb9149ffe489,TEMP-490,https://issues.apache.org/jira/browse
188,1b734f6744f1ea778ac8b1bcb0c52fc3ddbde1ff,a515e3a791afb0a2d290a349b9907757d99f993b,TEMP-573,https://issues.apache.org/jira/browse
189,b6b621dd4369eea7b0295edc9157de8ee4e3cbe1,1b734f6744f1ea778ac8b1bcb0c52fc3ddbde1ff,TEMP-573,https://issues.apache.org/jira/browse
190,cefb1711673a1580c844190c1d1cd4314e062a0d,9b444e87f14af09670529fe388c98357cb21f345,TEMP-567,https://issues.apache.org/jira/browse
191,fd9529075ac220b02d6a0a02481a9a0624d94b35,64e0c0fe372416bc7bd412d88e953f44dadf8a6c,TEMP-572,https://issues.apache.org/jira/browse
192,6a7fcb5328372c410474cc9e7aad6c717438d512,d3f9c7067a3c82384dd340ec5d7f52ebcf916d36,TEMP-486,https://issues.apache.org/jira/browse
193,2f60a82073b81ca990ac941a68fc5f2667b31706,5cb0099a249f4609702e707d5846aec761cf49ca,TEMP-555,https://issues.apache.org/jira/browse
194,7a614a4489c4c75848f7dfae9825e549047045a7,db5ceca8103c900126d1bb68debe03bcaf95654f,TEMP-546,https://issues.apache.org/jira/browse
195,9ee2472c261de017fb0abb729611ee268c7d2b30,3f794fb8e6b9d93b906b07fe77a248d5ecd8152b,TEMP-540,https://issues.apache.org/jira/browse
196,25d3a19a6646e2af5354f1078e2b125d8446788f,3693b03c87238cc8bdfa81145942c2896b036a5b,TEMP-524,https://issues.apache.org/jira/browse
197,43859713158eb9599657cf7663ddd9f6810dad62,25d3a19a6646e2af5354f1078e2b125d8446788f,TEMP-524,https://issues.apache.org/jira/browse
198,e468b28de55bc8475de6140080031cb4feec0287,43859713158eb9599657cf7663ddd9f6810dad62,TEMP-524,https://issues.apache.org/jira/browse
199,e22e2c1227f5d3173670294cbca3cbfde5a38a04,e468b28de55bc8475de6140080031cb4feec0287,TEMP-524,https://issues.apache.org/jira/browse
200,9f8259130143e9d35fbb904742d16d99e36f72ac,2908e3caffbfae51ea195cb96fb55c3b14f5bfc4,TEMP-516,https://issues.apache.org/jira/browse
201,d371c2cf006fd21a96adede348bda3562f83389a,6ea0ce4faab0239946a0282ecb34c8cf6e300deb,TEMP-534,https://issues.apache.org/jira/browse
202,bd6a3f6a7476f7c16ef484bb2609aefc0c6f4830,df0b3837f1118d1b97a802da85a6984f1ca223c5,TEMP-525,https://issues.apache.org/jira/browse
203,309cdbc5bb9ab9a8e982cd862e389768581cc1d6,e4601582be15def78a2de97072842bd1276e3dcc,TEMP-521,https://issues.apache.org/jira/browse
204,d9ba52121b7d666c34b35f8a643521947806294f,bfbc68c3988bfd8e097fa229a29621ff93087cfb,TEMP-504,https://issues.apache.org/jira/browse
205,f628e3a2779d471aac5abed576d7808f0ea624d6,d9ba52121b7d666c34b35f8a643521947806294f,TEMP-504,https://issues.apache.org/jira/browse
206,0ad18f8dd5548e0086bf30fc95b5b02326446009,8f30e84c0495f0e6848e27ec13691a44c981865b,TEMP-488,https://issues.apache.org/jira/browse
207,328d02a4ea56362a55ffbfc3e04929f0e3d4ed7b,0130a3f20814ffdc6165fda25ce094cee4c5d324,TEMP-501,https://issues.apache.org/jira/browse
208,d04a18d643707e5d3926236b1a9fcc3ff1522bb7,2d24afad7338b42df51dfe5af4400f0574d882a4,TEMP-5,https://issues.apache.org/jira/browse
209,06fbd474c7befe30e52b1bf6e46bbd9d5e1a3f3e,2779150d205e93d90ce4e9338f78074a0ec82981,TEMP-5,https://issues.apache.org/jira/browse
210,ec1d7200bcb98f54b1a89bf2a98abdaf79545afb,d04a18d643707e5d3926236b1a9fcc3ff1522bb7,TEMP-483,https://issues.apache.org/jira/browse
211,4ceac8f559965c8039ca9a90c8c2fd2edc34cce0,be8e1c3103e57da9a9c2f72d79e69194c1f1d0b9,TEMP-495,https://issues.apache.org/jira/browse
212,d16ef2e370d416e46a881da2a355fef567543063,3f6a9b74fc9d7eabcc0ab2a8b4f050168eff48ff,TEMP-491,https://issues.apache.org/jira/browse
213,92039af113100e8cebf8b80c09f8715f981c94e2,821ccfacc717f823446f9801ea1c87e992b81a24,TEMP-487,https://issues.apache.org/jira/browse
214,4f5f08f8084c6b69985b37ca9d4da41bf127a479,578b581d9c5f70c6cec105bf65388fe314024fe3,TEMP-481,https://issues.apache.org/jira/browse
215,95342de6b56d74c10eb3f496c57f16e8185cd62f,50181e11bb222bbc17fb871d4089db284bc65969,TEMP-465,https://issues.apache.org/jira/browse
216,4e1531cd799ef944250827b3f4950f0d3c84eba0,95342de6b56d74c10eb3f496c57f16e8185cd62f,TEMP-474,https://issues.apache.org/jira/browse
217,6867d5200a26cea80b7494bd71000bf297919e30,4e1531cd799ef944250827b3f4950f0d3c84eba0,TEMP-463,https://issues.apache.org/jira/browse
218,e2549e94a9aa874c1ea576cd5a9003b4111ab9f3,83c470f5aae45066665368574ccade62cccd709e,TEMP-471,https://issues.apache.org/jira/browse
219,f42e8f505459ea61d48ff80403446905773ee967,e2549e94a9aa874c1ea576cd5a9003b4111ab9f3,TEMP-476,https://issues.apache.org/jira/browse
220,964bf33dfa1e22aa313897ebc60f01a0c04c1764,e9d0fcdde8cf875e44fba5dadd3deddffbb39920,TEMP-4,https://issues.apache.org/jira/browse
221,234a5b8894ab19ecee1ad06d9fae5fc76ed20b9b,964bf33dfa1e22aa313897ebc60f01a0c04c1764,TEMP-4,https://issues.apache.org/jira/browse
222,e38356616c8577e24c47c5d1501bf55f92109d2f,ef7e8ec9c67c062ad5f221b196a077f5ef0f0bab,TEMP-460,https://issues.apache.org/jira/browse
223,6bbd9d768fe6fe8ef8f95602cd19b534c227929f,eef31e37e3e8cf60f55bc61cb3d3e711aeef5bd1,TEMP-456,https://issues.apache.org/jira/browse
224,057b064b15f7a47f7fc104524ac1b865ab2876dc,6bbd9d768fe6fe8ef8f95602cd19b534c227929f,TEMP-455,https://issues.apache.org/jira/browse
225,262560ed37ad1c6ed322ce8b3c39a33d89932109,057b064b15f7a47f7fc104524ac1b865ab2876dc,TEMP-458,https://issues.apache.org/jira/browse
226,fc65d9b376af1fdd416bbc21ad6c32416c75929f,e69d76cf1654d0676a5872fa6884133d6b5ca7a0,TEMP-452,https://issues.apache.org/jira/browse
227,fdeda1cf151e1b42628cd1e433a6ca54be155223,fc65d9b376af1fdd416bbc21ad6c32416c75929f,TEMP-448,https://issues.apache.org/jira/browse
228,79046307a3316c0fc4b7e680e36dc971a7fff667,ba2628e69e24791f9c8687ecfe8a65686179d40a,TEMP-446,https://issues.apache.org/jira/browse
229,ab13a0ef40a9b35be0c63980a9157657d92f8526,79046307a3316c0fc4b7e680e36dc971a7fff667,TEMP-445,https://issues.apache.org/jira/browse
230,a40496b96507b1aab90f0d84138ee11765e6c4c9,d6d3726e5e61ffeafa6181876c6af26da783bbd4,TEMP-437,https://issues.apache.org/jira/browse
231,2a0967ddc85c971b191585b1613bde379adcf7d5,4dec1b2fdb87223a3a595d8ddf47e77beff336ff,TEMP-434,https://issues.apache.org/jira/browse
232,ae3aa5c5f16545eef7343be58a917c0bfafbb411,2a0967ddc85c971b191585b1613bde379adcf7d5,TEMP-432,https://issues.apache.org/jira/browse
233,c6c730023a5e2638f70c4f80c2a61de7d9af09da,ae3aa5c5f16545eef7343be58a917c0bfafbb411,TEMP-433,https://issues.apache.org/jira/browse
234,107622b48eb3bdb72fee721c94b8d6ae489c6258,a1a27490c8adc641ad0e48d5fe45e334002c2365,TEMP-428,https://issues.apache.org/jira/browse
235,16d0a2f9c47f9168f6bf06b4448300ddb72f7357,49a5ae9554807aee369852394d3143bbb7551ca9,TEMP-424,https://issues.apache.org/jira/browse
236,24026c1569c7be0b543c9f2ae97edeeced8e3d28,1feaeb03ebdfad34715c0238effce75fa08b74f1,TEMP-418,https://issues.apache.org/jira/browse
237,a78b1165ba9f22da3d54234d3a11114cb51718af,24026c1569c7be0b543c9f2ae97edeeced8e3d28,TEMP-415,https://issues.apache.org/jira/browse
238,d322d2ecf133a443be0ca6ae1eb8099b1dd5a87f,9f5500b61483514ccd70f7fa79913188fd52cd20,TEMP-412,https://issues.apache.org/jira/browse
239,f9acd32e5396e4ca29afb7a9c524f44ab57a2813,d322d2ecf133a443be0ca6ae1eb8099b1dd5a87f,TEMP-413,https://issues.apache.org/jira/browse
240,a6052e85ee234cd93863db009b1f6c1f6fe9af16,54e1392c26b3e54cfddc7d52ea81f0ea550a1270,TEMP-409,https://issues.apache.org/jira/browse
241,b452786baf48c3c9cfc61c09cc929099b792847d,a6052e85ee234cd93863db009b1f6c1f6fe9af16,TEMP-407,https://issues.apache.org/jira/browse
242,fc70d537fc5337806426a9cb0e88f97b75344aba,b452786baf48c3c9cfc61c09cc929099b792847d,TEMP-404,https://issues.apache.org/jira/browse
243,13074109e7dc147f524f1ea566f7cc3b336d5562,fc70d537fc5337806426a9cb0e88f97b75344aba,TEMP-405,https://issues.apache.org/jira/browse
244,78af337ef74e40ea241b90ced83fcc92a895eabc,13074109e7dc147f524f1ea566f7cc3b336d5562,TEMP-403,https://issues.apache.org/jira/browse
245,13a3ac7a7eeddf68b9106ec64c5a986cd5a12cbf,566a739015f86c5d88e80420361e1b61fc888329,TEMP-399,https://issues.apache.org/jira/browse
246,9efdfe129de389d00346939dd2ce5e57e6cdc087,13a3ac7a7eeddf68b9106ec64c5a986cd5a12cbf,TEMP-399,https://issues.apache.org/jira/browse
247,5e55a95bf8108dbb6bc6e2a0df598838edb6e82a,02a28021041977904fba631de4014db04b1ded37,TEMP-390,https://issues.apache.org/jira/browse
248,b86627e489979648bad3a142426cd59c45298ab3,f860c9db1fe66d6f88415d2d17096d4c25d0fcfb,TEMP-396,https://issues.apache.org/jira/browse
249,84c0cf32dcbb7ddcde8b6d5437c3e415a0138d72,b86627e489979648bad3a142426cd59c45298ab3,TEMP-393,https://issues.apache.org/jira/browse
250,2127f4503501952df2c5e7fee4998247741dde8d,ed8738d5b3ad58d3ad8b225cda7d9be03d8ade43,TEMP-388,https://issues.apache.org/jira/browse
251,975b8b1686239685d46126329a59cb088f967d56,b1987f221f0655811991852eb57472c4367ec1c8,TEMP-362,https://issues.apache.org/jira/browse
252,66699ecdadd45d090b7831ee46be16bb19b16b1b,6a178837bd459f2713390091b0e91875d7618d60,TEMP-385,https://issues.apache.org/jira/browse
253,2f2e36fadd7d04b78fd4f9d959632f1fe6c4a69b,c6f0132435d06d65cd46ddac3190a861b4fb1434,TEMP-369,https://issues.apache.org/jira/browse
254,e0560ad92a4b999291e93ace3a188804fdf99e8d,47d66659a952d395480d7475dfceed9cbbb1f114,TEMP-369,https://issues.apache.org/jira/browse
255,3bdd4b8a4019bbf43d3fd82b532ef428d91198a7,e0560ad92a4b999291e93ace3a188804fdf99e8d,TEMP-368,https://issues.apache.org/jira/browse
256,597076184baefff976125a341ce242693ac894c2,245debb9f0aece75f61c1be7d26db1a0a7b12aad,TEMP-361,https://issues.apache.org/jira/browse
257,f40d5fc2e529cfd55b48c52bfbb22e0d36bd52e9,c241433604ebb835cc8893299466548f2f512a25,TEMP-357,https://issues.apache.org/jira/browse
258,d4221eee46da2e521345333fc2acf745f36861de,f624c0347c9e9e94d88ca85caa07ab945969be0c,TEMP-321,https://issues.apache.org/jira/browse
259,7f66bef605a8e68aafb04c566038bf14a7e9383a,d4221eee46da2e521345333fc2acf745f36861de,TEMP-335,https://issues.apache.org/jira/browse
260,d1f9b85bf6de868345a9f00d2f39aba683d1a49b,9fb296cd8998d69593947bbbeabfa2dd3faa4511,TEMP-349,https://issues.apache.org/jira/browse
261,47bb5716b6b1940fee8c854bd67b02012999a713,d1f9b85bf6de868345a9f00d2f39aba683d1a49b,TEMP-345,https://issues.apache.org/jira/browse
262,c4490d74c2fb3687785e98b7c578bcf22e11c75b,47bb5716b6b1940fee8c854bd67b02012999a713,TEMP-348,https://issues.apache.org/jira/browse
263,95fde08d7ff98666d724fada3358611d74357fd6,c4490d74c2fb3687785e98b7c578bcf22e11c75b,TEMP-344,https://issues.apache.org/jira/browse
264,3fb31853c408ac481a58b0dd84e5b143db03d3a0,95fde08d7ff98666d724fada3358611d74357fd6,TEMP-347,https://issues.apache.org/jira/browse
265,999008177a1bb551c0cad9b6a665a1e346741df5,8e5c7f44c68044f00f0c691090349cab7ec10400,TEMP-336,https://issues.apache.org/jira/browse
266,1f61e04eb01ab94124afd0cee797e08b8a531abd,e79611cd762654822d884a9cd481e80675fc7413,TEMP-336,https://issues.apache.org/jira/browse
267,e79611cd762654822d884a9cd481e80675fc7413,999008177a1bb551c0cad9b6a665a1e346741df5,TEMP-346,https://issues.apache.org/jira/browse
268,f0bc45b22638eb192fcf55391d2ef6fc35d26872,1f61e04eb01ab94124afd0cee797e08b8a531abd,TEMP-341,https://issues.apache.org/jira/browse
269,e194bd41a1655aef9747a03f1267b8a62cfa5fa6,f0bc45b22638eb192fcf55391d2ef6fc35d26872,TEMP-339,https://issues.apache.org/jira/browse
270,9cf06a0edef98aed9ec36b0c8b604f4209a66cec,dacd73897e9ba29c1073b481e3e5942c9300e64d,TEMP-334,https://issues.apache.org/jira/browse
271,cac58a6794206f5a75f62dd986bda394a7355628,bddc7abc432175ef17c222111a03ba1314f17910,TEMP-332,https://issues.apache.org/jira/browse
272,c70bed3286d088cf1074a2a3079779b80d7a5305,752e6507e65146542c443f6fff986a344ae6a41d,TEMP-328,https://issues.apache.org/jira/browse
273,218de40b5f82600b012bf67d230eedfc81d4fdb8,66f4109d462e99a819a8eb4f50e9260503e4ed30,TEMP-322,https://issues.apache.org/jira/browse
274,0af5a563cf3431f27ec43135a484eade7b796574,218de40b5f82600b012bf67d230eedfc81d4fdb8,TEMP-320,https://issues.apache.org/jira/browse
275,2f4fb3842ebf171b5124d9c23e1b319f79dc6e73,424c02b3ea3c10724df2419ae82cd7f98a7c351f,TEMP-318,https://issues.apache.org/jira/browse
276,68a33e20efd5ca9c3c0bd12ca34122686ca4945f,2f4fb3842ebf171b5124d9c23e1b319f79dc6e73,TEMP-316,https://issues.apache.org/jira/browse
277,e73f015ae81c2fad38bd46d96951080bbc28da5f,51f88c4ed6a975677114745e3c92d6b9f49377fa,TEMP-315,https://issues.apache.org/jira/browse
278,af6a5edc743a8c30d164c39a84a253e977e7b4a0,0d744de2743b78cfd8481908a5736063ce23fe86,TEMP-260,https://issues.apache.org/jira/browse
279,1628d29f0c14e9619960d60a6590dc0d98331c42,672dd563c176a418d69b9cff2abfaeb62f1fa3e3,TEMP-300,https://issues.apache.org/jira/browse
280,3f2c1cffe03f41c9f5b63bf7d314ba4180a5dda6,9b637536d59ee09c4f64f43d96715685f78564f2,TEMP-306,https://issues.apache.org/jira/browse
281,cfd2560843033325d5ed7001f363e93fd5294000,a32f8b913901de4e6c5090f0fd33b0c9cda02ef9,TEMP-302,https://issues.apache.org/jira/browse
282,7a5182133f90f7d5d9981c5f0be59c315e0828ec,cfd2560843033325d5ed7001f363e93fd5294000,TEMP-301,https://issues.apache.org/jira/browse
283,63776cc09959f0a5bdd88304f6c94c6374d1bf46,eec5936b267c80eac7fbf077e88e0eb997f0c335,TEMP-299,https://issues.apache.org/jira/browse
284,ff876331711077ebe8c527f2c54382b0b040af9f,2ceb46d976ae1f971dd70270072fc17e7524e93d,TEMP-296,https://issues.apache.org/jira/browse
285,24fb8a7f04031ff72635e22a6708265ea15b93a6,72e29848274366c1b07aee4bb1838cfd396b32f3,TEMP-295,https://issues.apache.org/jira/browse
286,bc6acabe211277b26f7df43f691173e0d4b7320a,6ab5b4c54ce2590dc5e0cd53eb733d21a21610fc,TEMP-6,https://issues.apache.org/jira/browse
287,204ede6adb0c08f84ec2d1743c92b20af1001a99,cd62323bfff88610c966638f4d9ae5eb3f930cbc,TEMP-293,https://issues.apache.org/jira/browse
288,df34910866790342f1724ed627ca69cbe3db79b3,204ede6adb0c08f84ec2d1743c92b20af1001a99,TEMP-294,https://issues.apache.org/jira/browse
289,216ca3a5ba9a3755930ca4c3515416223ca4d54f,e28922e42a32f3d0579f00f6b72ac3a077b31bca,TEMP-272,https://issues.apache.org/jira/browse
290,1ca01fb57f48351401f1005c97497fb3ed5548bc,bd0593e136edca76a28757ad1be3d9f90099bfac,TEMP-291,https://issues.apache.org/jira/browse
291,3b74386d3d412594f2b34a9bc782fe1efcfb041c,c6b7241fc57ac41db358ee5990e1908ac41f4b58,TEMP-287,https://issues.apache.org/jira/browse
292,3e2a30071802d6780827061bcf49ef6f2ef6b4b9,3b74386d3d412594f2b34a9bc782fe1efcfb041c,TEMP-285,https://issues.apache.org/jira/browse
293,15b093448cebcaf28bf7384257bd9208cc18bb34,ee22fe99ffb101fb4ca0428ebe2ad0ba35603ccf,TEMP-283,https://issues.apache.org/jira/browse
294,1c53281831611837de4358b6e75de594867f46b0,15b093448cebcaf28bf7384257bd9208cc18bb34,TEMP-275,https://issues.apache.org/jira/browse
295,497bf061d76b0235738ad939d3196004036b207c,1c53281831611837de4358b6e75de594867f46b0,TEMP-282,https://issues.apache.org/jira/browse
296,9edd19d0f0f12457a9314cdc282875b525f3ce83,2f861bcfac177afe6802a3c2f826d60eb568339e,TEMP-281,https://issues.apache.org/jira/browse
297,508e0cc43be9b617cdd4ac5415c76521d478ef92,cf0d6a84f168a8066af620a38690b1c8339b8c25,TEMP-277,https://issues.apache.org/jira/browse
298,733b83d0dea8c45311e8a88cc44587abda4c41ee,508e0cc43be9b617cdd4ac5415c76521d478ef92,TEMP-280,https://issues.apache.org/jira/browse
299,1318e3952d8c6aac1c34454583cadb02be9d0616,733b83d0dea8c45311e8a88cc44587abda4c41ee,TEMP-279,https://issues.apache.org/jira/browse
300,838a7db4ae920bb15a90408651fb1767eedd735e,d17f7d01787f67ee6d81f12cb67e5d961921d2aa,TEMP-274,https://issues.apache.org/jira/browse
301,08f0beaf018ac4f4dd0325674f17519f306b2746,ad8a4955cb3ddfed950d2b3c21256ed4b637c5fe,TEMP-269,https://issues.apache.org/jira/browse
302,246027619978c15e31735bb671e04c99abd8ac59,08f0beaf018ac4f4dd0325674f17519f306b2746,TEMP-270,https://issues.apache.org/jira/browse
303,1377b6e27cb94e187b441ac96ede9bdaa48931fe,45d8717c3dcf3800cf007ee3eb42d38586f92d35,TEMP-268,https://issues.apache.org/jira/browse
304,ab8534081cedfc9f3644e4da527516e8ea8fca6f,1377b6e27cb94e187b441ac96ede9bdaa48931fe,TEMP-268,https://issues.apache.org/jira/browse
305,bad272b1b83dfaba0c7de16bb9bb3078535bd699,2bf652bed1a60e8bd7c2e2e47b7d0d1bfd66df0c,TEMP-253,https://issues.apache.org/jira/browse
306,90b489dd33b07cc12fe2a0a52cccdce75dee49b1,2585da8d157bda7a41c316f58fc25e171f5895c6,TEMP-267,https://issues.apache.org/jira/browse
307,44353c821b856bf20d4ef86710dd8a62cb5600b0,aaf311cd404e8458d995afbd9552defc1bdf4985,TEMP-265,https://issues.apache.org/jira/browse
308,62f8f9cf6e8729a5d72304e9f2b035f4d269e7b8,b5a40037a452bcd390f005dfb245fce7b273fa5f,TEMP-264,https://issues.apache.org/jira/browse
309,be8d8be878f99d26ad4390ca9620d98babbeea22,51a3d06e965de66859209ef5afd7ede70b248866,TEMP-263,https://issues.apache.org/jira/browse
310,f9ed6d9585d348c85e1f849d87a79d951b525ea3,a07e216cffcd85bf5bc5ce254b69c1eaa7e0e592,TEMP-259,https://issues.apache.org/jira/browse
311,5ea36c4310a778e152e3b4e2b01226aa00d9dcac,1d4504253d7e4b836e35620bb99614062d7fb4e1,TEMP-256,https://issues.apache.org/jira/browse
312,a7e955d5e69507b99e0d73a6751e6dee407fe2d2,5ea36c4310a778e152e3b4e2b01226aa00d9dcac,TEMP-255,https://issues.apache.org/jira/browse
313,9cd45201278c247ad490697a664e9f5f12eae286,a7e955d5e69507b99e0d73a6751e6dee407fe2d2,TEMP-254,https://issues.apache.org/jira/browse
314,591ce433d0a3542e08d722f1827bd9f9c3ceea64,a9e8b82ae1b840f2f38be59b38a9df9ee8abfbc2,TEMP-252,https://issues.apache.org/jira/browse
315,677fe93e0786db5b1ff4c86139aec44415bc1c9c,2525bc9a8495fd3970a4a30be72f2f9ca2fc76b7,TEMP-245,https://issues.apache.org/jira/browse
316,10497e9b171e6b659875aac206bad40ced4e422d,51009ec09f87328192f850fb5a3eb1d83dc70933,TEMP-245,https://issues.apache.org/jira/browse
317,4c0e3b5679dd1eb42e206342a488635d79ecb9e7,10497e9b171e6b659875aac206bad40ced4e422d,TEMP-245,https://issues.apache.org/jira/browse
318,b0239d5d3e1aa423da9fa318e0132812e80306d4,4c0e3b5679dd1eb42e206342a488635d79ecb9e7,TEMP-245,https://issues.apache.org/jira/browse
319,99fc536e1fad03dac5823013fb8584c214f53055,b0239d5d3e1aa423da9fa318e0132812e80306d4,TEMP-245,https://issues.apache.org/jira/browse
320,ca7adf55c3a69694e5be9867db36e4ccb9f344ce,8b733422b896a8dcfaef235eec9067f67a65071b,TEMP-245,https://issues.apache.org/jira/browse
321,e49e7f45c23b02430edff66bf128e1ed52117b0e,ca7adf55c3a69694e5be9867db36e4ccb9f344ce,TEMP-245,https://issues.apache.org/jira/browse
322,bd0692bb67430c246c12cb27986ddd948ff1c4ef,fde223be37b02ea27ae3e6af337050d10b8c5f4f,TEMP-232,https://issues.apache.org/jira/browse
323,26299571bb08cb72b8a13ab2ae066859576f45b3,ef208629a9979fb46495a7165d031f457b1dc4ca,TEMP-240,https://issues.apache.org/jira/browse
324,76a78917670dfa794fea01ee1d27717295643bed,95266cde0d2cf848ae9c5873bde8c94203c14696,TEMP-241,https://issues.apache.org/jira/browse
325,c226b3002a957c80c02b070d1f2a4d0a44583834,76a78917670dfa794fea01ee1d27717295643bed,TEMP-242,https://issues.apache.org/jira/browse
326,620ff7afcf73ec660d0f450d8c86dbb416e6a4ce,ae0fc6f6ff1090c515409af0a2cff4af57921480,TEMP-229,https://issues.apache.org/jira/browse
327,a31f7779307e722d29258b452e09ee01a735eebb,620ff7afcf73ec660d0f450d8c86dbb416e6a4ce,TEMP-235,https://issues.apache.org/jira/browse
328,7e4989ff111562d9bc562200d0c5bc5b41af18b9,a31f7779307e722d29258b452e09ee01a735eebb,TEMP-227,https://issues.apache.org/jira/browse
329,c671dfd5fe57d837fd966dbe0637198bc5cdbee0,7091bf722e0adbaf059ad262b33f548960ad6df9,TEMP-230,https://issues.apache.org/jira/browse
330,9a149978a2ebfebf0f480e9b6be6c2fea5ea69a1,c671dfd5fe57d837fd966dbe0637198bc5cdbee0,TEMP-228,https://issues.apache.org/jira/browse
331,a0f92109ae84d76f01cc6a8dbbf5785ad8665ba1,a4cfc98a8494b56e9209891fee09e7b81483071c,TEMP-224,https://issues.apache.org/jira/browse
332,2ceb32fb8ae534918abb819eb10b62481807115f,7890b7a6b1fce045520c88542c6df016ae0f372a,TEMP-222,https://issues.apache.org/jira/browse
333,6e52fa76927129f7e92e246f82c11d991ed5c7a2,62bf3b153b00c8d924edfee947c98e827fedf452,TEMP-220,https://issues.apache.org/jira/browse
334,9bdacca2e30a7b1070675a83c4a4e4965749ecc4,e635cd103e1d4659aebd31e6f9ff804339676108,TEMP-216,https://issues.apache.org/jira/browse
335,cc2b1046faba60fa25216b76b16db6ee6d2b9fc5,7d582ef08f84f2ef7caf8fc18a1831d5de0eb91f,TEMP-214,https://issues.apache.org/jira/browse
336,53289040e06ba2289764089c3729ae9202be6388,397e97d2b347f4fe326e95f4e90a0dbb0e446a42,TEMP-216,https://issues.apache.org/jira/browse
337,7890b7a6b1fce045520c88542c6df016ae0f372a,94d6e9fc10077249b0a7b7d18050b17f57f05b36,TEMP-223,https://issues.apache.org/jira/browse
338,7091bf722e0adbaf059ad262b33f548960ad6df9,7e4989ff111562d9bc562200d0c5bc5b41af18b9,TEMP-233,https://issues.apache.org/jira/browse
339,1fd040cef10b18a68c118464809502446f34603d,9712293bdafda3927b73e832d04ba8641946745e,TEMP-557,https://issues.apache.org/jira/browse
340,9712293bdafda3927b73e832d04ba8641946745e,20aa1be7d78ef0d3bd0b42b1b596b2815b1560ac,TEMP-558,https://issues.apache.org/jira/browse
341,97c6c963e2045def1f19c650f638b304f6464c19,9200911bf40a2bad68477e54b0e9554e4e8556b0,TEMP-715,https://issues.apache.org/jira/browse
342,f48cd4cd0668dd31f92e5fa5dcc10f7531d08249,02b373073397b8e116d1e1c9289bcec3088feaa7,TEMP-715,https://issues.apache.org/jira/browse
